need,signal,offers,amount,sub_agency,recipient,date_signed,pop_end,psc,description,url
dashboard_reporting,competed_one_bid,1,6061537.74,Office of the Assistant Secretary for Administration,INITIATE GOVERNMENT SOLUTIONS LLC,2021-05-04,2025-12-31 00:00:00,DA01,BUSINESS INTELLIGENCE AND ANALYTIC SUPPORT SERVICES,https://www.usaspending.gov/award/CONT_AWD_75P00121F80100_7570_GS35F139DA_4732
dashboard_reporting,competed_one_bid,1,4071941.3,Office of the Assistant Secretary for Financial Resources,"IDEAL SYSTEM SOLUTIONS, INC.",2021-03-25,2026-09-25 00:00:00,DA10,BUSINESS INTELLIGENCE SYSTEM IMPLEMENTATION AND SUPPORT SERVICES,https://www.usaspending.gov/award/CONT_AWD_75ACF121F80009_7590_47QTCA19D00L7_4732
dashboard_reporting,competed_one_bid,1,2756016.48,Centers for Medicare and Medicaid Services,ALVAREZ LLC,2020-11-23,2025-11-29 00:00:00,DA10,AWARD TASK ORDER TO CONTINUE SAP BUSINESSOBJECTS BUSINESS INTELLIGENCE (BI) AND TO ADD GALIGEO LOCATION INTELLIGENCE SOLUTION,https://www.usaspending.gov/award/CONT_AWD_75FCMC21F0007_7530_NNG15SD19B_8000
dashboard_reporting,competed_one_bid,1,2554456.24,Department of Veterans Affairs,IT CADRE LLC,2025-12-08,2027-12-11 00:00:00,DA01,VISUALIZATION ENGINEERING,https://www.usaspending.gov/award/CONT_AWD_36C10X26F0010_3600_47QTCA18D0028_4732
dashboard_reporting,competed_one_bid,1,1797416.49,Department of Veterans Affairs,"FOUR POINTS TECHNOLOGY, L.L.C.",2023-06-29,2025-06-28 00:00:00,DA10,23-NBSW0138 EDGECORE - FY23 VISUALIZATION AND AUTOMATION EDGE TECHNOLOGIES SOFTWARE MAINTENANCE & SUPPORT IN SUPPORT OF VA OIT IO VHA CMOP,https://www.usaspending.gov/award/CONT_AWD_36C10B23F0174_3600_NNG15SD22B_8000
dashboard_reporting,competed_one_bid,1,48702.9,Defense Health Agency,"ALLIANCE TECHNOLOGY GROUP, LLC",2024-09-20,2029-09-24 00:00:00,DA10,T-METRICS TM-DHA-TDM-ACD-8P--CM6,https://www.usaspending.gov/award/CONT_AWD_HT001524F0139_9700_NNG15SD62B_8000
dashboard_reporting,sole_source,1,6059716.05,Defense Health Agency,"STANDARD TECHNOLOGY, INC.",2023-07-26,2025-01-26 00:00:00,DA10,SOFTWARE DASHBOARD FOR CONTRACT MANAGEMENT AND DATA INTEGRATION.,https://www.usaspending.gov/award/CONT_AWD_HT001423P0183_9700_-NONE-_-NONE-
dashboard_reporting,sole_source,1,3339938.43,Food and Drug Administration,RADUS SOFTWARE LLC,2008-09-08,2024-10-10 00:00:00,D311,ADIMS   DATA REPORTING   BUSINESS INTELLIGENCE (DRBI) THIS IS A REPLACEMENT FOR 1044890 WHICH WAS DELETED IN ERROR BY OAGS,https://www.usaspending.gov/award/CONT_AWD_HHSF223200850030C_7524_-NONE-_-NONE-
dashboard_reporting,sole_source,1,3086159.5,Food and Drug Administration,"CHICKASAW SERVICE SOLUTIONS, LLC",2024-09-23,2027-09-24 00:00:00,DA01,OCS DASHBOARD AND ANALYTICS SOLUTION SUPPORT.,https://www.usaspending.gov/award/CONT_AWD_75F40124P00495_7524_-NONE-_-NONE-
dashboard_reporting,sole_source,1,2042791.64,Office of the Assistant Secretary for Administration,"STARRY ASSOCIATES, LLC",2019-12-03,2020-08-25 00:00:00,D399,"UNIFIED FINANCIAL MANAGEMENT SYSTEM (UFMS), FINANCIAL BUSINESS INTELLIGENCE SYSTEM (FBIS) SITE SUPPORT",https://www.usaspending.gov/award/CONT_AWD_75P00120F80013_7570_GS35F0534K_4730
dashboard_reporting,sole_source,1,1524211.0,Centers for Disease Control and Prevention,TALUS ANALYTICS LLC,2020-07-15,2021-07-14 00:00:00,D399,HEALTHCARE SYSTEMS VISIBILITY AND MONITORING SEASONAL INFLUENZA VACCINATIONS DASHBOARDS,https://www.usaspending.gov/award/CONT_AWD_75D30120C08585_7523_-NONE-_-NONE-
dashboard_reporting,sole_source,1,1414635.61,Office of the Assistant Secretary for Administration,"STARRY ASSOCIATES, LLC",2020-08-19,2021-02-25 00:00:00,D399,UNITED FINANCIAL MANAGEMENT (UFMS) FINANCIAL BUSINESS INTELLIGENCE SYSTEM (FBIS) SITE SUPPORT,https://www.usaspending.gov/award/CONT_AWD_75P00120F80184_7570_47QTCA20D00DG_4732
dashboard_reporting,sole_source,1,1373762.8,Department of Veterans Affairs,TERARECON INC,2022-09-01,2027-09-11 00:00:00,DA10,3-D ADVANCED VISUALIZATION SYSTEM - VISN 20,https://www.usaspending.gov/award/CONT_AWD_36C26022P1027_3600_-NONE-_-NONE-
dashboard_reporting,sole_source,1,1250028.67,Office of the Assistant Secretary for Financial Resources,"CHIRALITY CAPITAL CONSULTING, LLC",2026-06-30,2026-12-31 00:00:00,DA10,"THE PURPOSE OF THIS SOLICITATION IS TO ACQUIRE BUSINESS INTELLIGENCE, DATA ENGINEERING, AND PAYROLL SUPPORT SERVICES FOR HHS/OCIO. THIS CONTRACT IS BROKEN INTO THREE (3) FOCUS AREAS: 1) BUSINESS INTELLIGENCE (BIIS); 2) DATA ENGINEERING; AND 3) PAYROL",https://www.usaspending.gov/award/CONT_AWD_7571TE26F80010_7571_47QTCA18D005N_4732
dashboard_reporting,sole_source,1,1135095.72,Office of the Assistant Secretary for Financial Resources,INITIATE GOVERNMENT SOLUTIONS LLC,2025-12-31,2028-04-30 00:00:00,DA01,BUSINESS INTELLIGENCE REPORTING AND ANALYTICS SUPPORT SERVICES (BIRASS),https://www.usaspending.gov/award/CONT_AWD_75P00126F37004_7570_75P00119A00089_7570
dashboard_reporting,sole_source,,845504.64,Defense Health Agency,"VISTA DEFENSE TECHNOLOGIES, LLC",2021-01-27,2025-02-24 00:00:00,DD01,COMMANDER RISK REDUCTION DASHBOARD SUPPORT SERVICES,https://www.usaspending.gov/award/CONT_AWD_HT001521F0023_9700_HT001520D0001_9700
dashboard_reporting,sole_source,1,743942.38,Food and Drug Administration,"SALIENT CRGT, INC.",2023-03-23,2023-11-23 00:00:00,DA01,FDA DATA DASHBOARD BRIDGE ORDER,https://www.usaspending.gov/award/CONT_AWD_75F40123F80075_7524_47QTCA21D001Y_4732
dashboard_reporting,sole_source,,272337.0,Centers for Disease Control and Prevention,PAT V MACK INC,2024-09-23,2025-09-29 00:00:00,DA01,FUNGAL DISEASE VISUALIZATION DEVELOPMENT,https://www.usaspending.gov/award/CONT_AWD_75D30124F00004_7523_75D30123D18030_7523
dashboard_reporting,sole_source,1,200860.0,Centers for Medicare and Medicaid Services,"DOCKETSCOPE, INC",2023-04-04,2026-04-03 00:00:00,DA10,PROCUREMENT SOFTWARE TOOL THAT CAN TRACK AND ANALYZE PUBLIC COMMENT DATA AND PROVIDE REAL-TIME METRICS AND REPORTING. ENABLES CM TO IMPROVE STRATEGIC COMMUNICATION PROCESSES AND STAKEHOLDER ENGAGEMENT. THE LICENSES TO BE USED WITH THE SOFTWARE WILL I,https://www.usaspending.gov/award/CONT_AWD_75FCMC23P0009_7530_-NONE-_-NONE-
dashboard_reporting,sole_source,,114967.3,National Institutes of Health,HIGHRISE CONSULTING INC,2019-09-26,2020-10-22 00:00:00,D304,HIGHRISE CONSULTING FOR OALM DASHBOARD IMPLEMENTATION. POP: 09/23/2019-09/22/2020.,https://www.usaspending.gov/award/CONT_AWD_75N98019F00838_7529_HHSN263201100017B_7529
dashboard_reporting,sole_source,1,65455.0,Department of Veterans Affairs,ZOLL MEDICAL CORPORATION,2026-01-22,2027-02-06 00:00:00,DA10,ZOLL RESCUENET CASEREVIEW DASHBOARD AND SUBSCRIPTION,https://www.usaspending.gov/award/CONT_AWD_36C25526P0070_3600_-NONE-_-NONE-
dashboard_reporting,sole_source,1,34972.0,National Institutes of Health,"ELEGANT ENTERPRISE-WIDE SOLUTIONS, INC.",2020-09-30,2021-08-10 00:00:00,D302,OALM DASHBOARD YEARLY MAINTENANCE,https://www.usaspending.gov/award/CONT_AWD_75N98020F00672_7529_GS35F073DA_4732
documents_records_admin,competed_one_bid,1,5149662.09,Office of the Assistant Secretary for Administration,"SILTEK, INC.",2017-09-12,2019-11-22 00:00:00,D306,IGF::OT::IGF OGC CASE AND DOCUMENT MANAGEMENT SYSTEM (CDMS),https://www.usaspending.gov/award/CONT_AWD_HHSP23337001_7570_HHSP233201400040B_7555
documents_records_admin,competed_one_bid,1,283286.32,Office of the Assistant Secretary for Financial Resources,"ADVANCED COMPUTER CONCEPTS, INC.",2025-08-27,2030-08-31 00:00:00,7A21,"THE FDA/CDRH REQUIRES SOFTWARE LICENSES/SUBSCRIPTIONS FOR THE DOCUMENT MANAGEMENT APPLICATION IN THE FDA?S FOUR ENVIRONMENTS; DEVELOPMENT, TEST, PRE-PRODUCTION, AND PRODUCTION.",https://www.usaspending.gov/award/CONT_AWD_75F40125F80169_7524_NNG15SD60B_8000
documents_records_admin,competed_one_bid,1,272169.02,Centers for Disease Control and Prevention,"CARTER CONSULTING, INC.",2015-09-30,2016-12-31 00:00:00,D399,CIMS MC - HHS SECTION 508 - IGF::OT::IGF,https://www.usaspending.gov/award/CONT_AWD_HHSD2002010372030010_7523_HHSD200201037203I_7523
documents_records_admin,competed_one_bid,1,245712.92,Office of the Assistant Secretary for Financial Resources,"MPF FEDERAL, LLC",2022-07-06,2027-08-15 00:00:00,DF10,CONVERSION OF MATERIALS TO MEET SECTION 508 REQUIREMENTS,https://www.usaspending.gov/award/CONT_AWD_75F40122F80225_7524_47QTCB21D0106_4732
documents_records_admin,competed_one_bid,1,131459.82,Health Resources and Services Administration,"FEDWRITERS, INC.",2023-04-04,2024-04-03 00:00:00,DA10,SECTION 508 SUPPORT SERVICES,https://www.usaspending.gov/award/CONT_AWD_75R60223F80065_7526_47QTCB21D0137_4732
documents_records_admin,competed_one_bid,1,25012.4,Food and Drug Administration,IMMERSIVE CONCEPTS L.L.C.,2023-10-19,2023-11-10 00:00:00,DA01,"A/V, WEBCAST, AND TRANSCRIPTION SERVICES FOR: OCTOBER 23-24, 2023 PREMARKET APPLICATIONS: STAKEHOLDER ENGAGEMENT MEETING",https://www.usaspending.gov/award/CONT_AWD_75F40124F80003_7524_GS35F032CA_4732
documents_records_admin,competed_one_bid,1,20517.66,Indian Health Service,POLICYSTAT LLC,2019-09-13,2020-09-17 00:00:00,7030,POLICY MANAGEMENT SERVICES FOR OCAO IHS,https://www.usaspending.gov/award/CONT_AWD_75H71119P00949_7527_-NONE-_-NONE-
documents_records_admin,sole_source,1,4229884.99,Centers for Medicare and Medicaid Services,RAINMAKERS STRATEGIC SOLUTIONS LLC,2021-05-20,2023-06-21 00:00:00,DF01,HUMAN CENTERED DESIGN (HCD) & SECTION 508 SUPPORT SERVICES,https://www.usaspending.gov/award/CONT_AWD_75FCMC21C0014_7530_-NONE-_-NONE-
documents_records_admin,sole_source,1,999764.55,National Institutes of Health,SUMMOME NATIVE VENTURES LLC,2024-09-19,2025-09-15 00:00:00,DJ01,SECTION 508 COMPLIANCE SUPPORT SERVICES,https://www.usaspending.gov/award/CONT_AWD_75N97024C00005_7529_-NONE-_-NONE-
documents_records_admin,sole_source,1,728442.75,National Institutes of Health,TTEC GOVERNMENT SOLUTIONS LLC,2024-09-11,2025-09-02 00:00:00,DA10,"OPERATIONS AND MAINTENANCE SUPPORT FOR ORBIT, THE DIVISION OF TRANSLATIONAL TOXICOLOGY ORGANIZATIONAL RESOURCE AND BUSINESS INFORMATION TOOL.",https://www.usaspending.gov/award/CONT_AWD_75N96024F00056_7529_GS35F151GA_4732
documents_records_admin,sole_source,1,602569.63,Food and Drug Administration,"IVYHILL-ZAI, LLC",2025-08-18,2026-09-21 00:00:00,DA01,HFP/DITM/RDB/O&M RECORDS MANAGEMENT,https://www.usaspending.gov/award/CONT_AWD_75F40125C00052_7524_-NONE-_-NONE-
documents_records_admin,sole_source,1,364612.86,Department of Veterans Affairs,"MINBURN TECHNOLOGY GROUP, LLC",2022-04-01,2023-03-31 00:00:00,DA10,PERIOPERATIVE DOCUMENT MANAGEMENT SOFTWARE,https://www.usaspending.gov/award/CONT_AWD_36C26222F0286_3600_NNG15SD34B_8000
documents_records_admin,sole_source,1,224252.64,Centers for Medicare and Medicaid Services,UNION5 LLC,2025-09-19,2030-09-21 00:00:00,DA01,"ANNUAL OPERATIONS AND MAINTENANCE (O&M) FOR RECORDS MANAGEMENT SYSTEM (RMS), A WEB-BASED ENTERPRISE APPLICATION USED TO TRACK PERMANENT OA RECORDS AND MAINTAIN AND EFFECTIVE AND COMPLIANT RECORDS TRACKING ENVIRONMENT FOR CMS LEADERSHIP. THE RMS IS BU",https://www.usaspending.gov/award/CONT_AWD_75FCMC25CJ019_7530_-NONE-_-NONE-
documents_records_admin,sole_source,1,72027.94,National Institutes of Health,CLARIVATE ANALYTICS (US) LLC,2024-03-29,2027-03-31 00:00:00,7A21,"OFF-X (TRANSLATIONAL SAFETY/TOXICOLOGY), AND CORTELLIS DRUG DISCOVERY INTELLIGENCE SOFTWARE WITH BIOMARKERS MODULE SUBSCRIPTION. APRIL 1, 2024 - MARCH 31, 2025.",https://www.usaspending.gov/award/CONT_AWD_75N95024P00210_7529_-NONE-_-NONE-
documents_records_admin,sole_source,1,59998.26,Health Resources and Services Administration,"NEW TECH SOLUTIONS, INC.",2026-08-26,2027-09-14 00:00:00,DA10,BHW90 C 7284 BMISS ECM DOCUMENTUM & RECORDS MANAGEMENT SOFTWARE 12 MONTH BRIDGE,https://www.usaspending.gov/award/CONT_AWD_75R60226F80051_7526_HHSN316201500040W_7529
facilities_ops_software,competed_one_bid,1,1326635.35,Department of Veterans Affairs,"GOVERNMENT MARKETING AND PROCUREMENT, LLC",2021-04-15,2026-05-31 00:00:00,DE01,VOCERA BADGES,https://www.usaspending.gov/award/CONT_AWD_36C24721P0683_3600_-NONE-_-NONE-
facilities_ops_software,competed_one_bid,1,651717.4,Department of Veterans Affairs,ALVAREZ LLC,2024-05-14,2027-03-15 00:00:00,DA01,"VOCERA PREMIER SUPPORT, VOCERA LICENSES, MAINTENANCE AND BADGE REPAIR SERVICES",https://www.usaspending.gov/award/CONT_AWD_36C10A24F0019_3600_NNG15SD19B_8000
facilities_ops_software,competed_one_bid,1,514451.93,Department of Veterans Affairs,ALVAREZ LLC,2022-12-15,2027-12-14 00:00:00,DA10,VOCERA VOICE WHITE BADGES AND LICENSES,https://www.usaspending.gov/award/CONT_AWD_36C24923F0067_3600_NNG15SD19B_8000
facilities_ops_software,competed_one_bid,1,177736.4,Department of Veterans Affairs,ALVAREZ LLC,2026-09-16,2027-09-16 00:00:00,DA10,SPACE MANAGEMENT SOFTWARE,https://www.usaspending.gov/award/CONT_AWD_36C25926F0346_3600_NNG15SD19B_8000
facilities_ops_software,competed_one_bid,1,116299.03,Department of Veterans Affairs,ALVAREZ LLC,2025-07-30,2030-07-31 00:00:00,DA10,VLOGIC FACILITIES MANAGEMENT (FM) SOFTWARE AND SUPPORT,https://www.usaspending.gov/award/CONT_AWD_36C10B25F0200_3600_NNG15SD19B_8000
facilities_ops_software,competed_one_bid,1,85259.82,Department of Veterans Affairs,"GOVERNMENT MARKETING AND PROCUREMENT, LLC",2026-09-02,2031-09-01 00:00:00,DA10,FLEET COMMANDER FLEET MANAGEMENT SOLUTION,https://www.usaspending.gov/award/CONT_AWD_36C10B26C0079_3600_-NONE-_-NONE-
facilities_ops_software,competed_one_bid,1,23989.6,Department of Veterans Affairs,"GOVERNMENT MARKETING AND PROCUREMENT, LLC",2023-02-23,2024-03-18 00:00:00,DD01,FLEET MONITORING AND MANAGEMENT,https://www.usaspending.gov/award/CONT_AWD_36C26023F0187_3600_GS07F187GA_4732
facilities_ops_software,sole_source,1,5054875.5,Centers for Medicare and Medicaid Services,"FEARLESS SOLUTIONS, LLC",2022-02-25,2023-03-08 00:00:00,DA01,"THERE IS A NEED FOR A TEAM TO PROVIDE RESEARCH, DEVELOPMENT AND ONGOING SUPPORT OF THE BCDA AND DPC APIS. THIS IS A BRIDGE CONTRACT PUT IN PLACE DUE TO AN URGENT, IDENTIFIED NEED STEMMING FROM A STOP WORK ORDER ISSUED POST-PROTEST.",https://www.usaspending.gov/award/CONT_AWD_75FCMC22F0027_7530_GS35F115GA_4732
facilities_ops_software,sole_source,1,474310.55,Department of Veterans Affairs,"VLOGIC SYSTEMS, INC",2024-09-20,2029-08-31 00:00:00,DA10,CAPITAL ASSETS AND FACILITIES MANAGEMENT SYSTEM,https://www.usaspending.gov/award/CONT_AWD_36C24224P1866_3600_-NONE-_-NONE-
facilities_ops_software,sole_source,1,401086.05,Department of Veterans Affairs,"GOVERNMENT MARKETING AND PROCUREMENT, LLC",2024-04-05,2025-04-09 00:00:00,DE01,EMERGENCY VOCERA BADGING SYSTEM SERVICE,https://www.usaspending.gov/award/CONT_AWD_36C24824P1179_3600_-NONE-_-NONE-
facilities_ops_software,sole_source,1,300465.71,Department of Veterans Affairs,"GOVERNMENT MARKETING AND PROCUREMENT, LLC",2021-12-14,2026-12-31 00:00:00,DD01,FLEET MONITORING,https://www.usaspending.gov/award/CONT_AWD_36C26022F0085_3600_GS35F0858N_4730
facilities_ops_software,sole_source,1,299104.2,Department of Veterans Affairs,ALVAREZ LLC,2026-03-30,2030-03-29 00:00:00,DA10,CAPITAL ASSETS AN FACILITIES MANAGEMENT SOFTWARE AND SUPPORT,https://www.usaspending.gov/award/CONT_AWD_36C10B26F0107_3600_NNG15SD19B_8000
facilities_ops_software,sole_source,1,292816.81,Department of Veterans Affairs,ZLINK INC,2024-06-30,2029-06-30 00:00:00,DG10,ZLINK CAPITAL ASSET FACILITIES MANAGEMENT,https://www.usaspending.gov/award/CONT_AWD_36C26224F0460_3600_47QTCA19D00EK_4732
facilities_ops_software,sole_source,1,110212.45,Department of Veterans Affairs,"GOVERNMENT MARKETING AND PROCUREMENT, LLC",2022-03-15,2026-03-17 00:00:00,DA10,TELEMATICS SOFTWARE FOR FLEET VEHICLES,https://www.usaspending.gov/award/CONT_AWD_36C24422F0236_3600_GS35F0858N_4730
facilities_ops_software,sole_source,1,92326.25,National Institutes of Health,PLANON CORPORATION,2017-10-01,2022-09-30 00:00:00,D319,PLANON FACILITY MANAGEMENT SOFTWARE MAINTENANCE SERVICES,https://www.usaspending.gov/award/CONT_AWD_HHSN268201800007A_7529_-NONE-_-NONE-
facilities_ops_software,sole_source,1,74800.8,Department of Veterans Affairs,ALVAREZ LLC,2026-02-12,2031-02-12 00:00:00,DA10,VLOGIC FACILITIES MANAGEMENT (FM) SOFTWARE AND SUPPORT,https://www.usaspending.gov/award/CONT_AWD_36C10B26F0073_3600_NNG15SD19B_8000
facilities_ops_software,sole_source,1,44803.39,Department of Veterans Affairs,VERIZON CONNECT NWF INC,2020-07-30,2023-09-30 00:00:00,D316,GSA FLEET MONITORING BASE 4 OPTIONS YEARS,https://www.usaspending.gov/award/CONT_AWD_36C25920F0322_3600_GS07F5559R_4730
facilities_ops_software,sole_source,1,30014.21,Department of Veterans Affairs,"GOVERNMENT MARKETING AND PROCUREMENT, LLC",2025-04-21,2026-09-30 00:00:00,DD01,AGILE FLEET COMMANDER,https://www.usaspending.gov/award/CONT_AWD_36C25225F0090_3600_GS07F187GA_4732
forms_workflow_case,competed_one_bid,1,9672378.0,Office of the Assistant Secretary for Financial Resources,"AFFIGENT, LLC",2026-08-27,2027-09-25 00:00:00,DA10,"THE SCOPE OF WORK COVERS THE SAAS PLATFORM, UPSTREAM/DATA BRAIN, THAT IS PROGRAMMED AND CONFIGURED FOR ENHANCED READINESS AND OPTIMIZATION VIA CONTINUOUS PLATFORM SUPPORT IN ORDER TO ACHIEVE THE FOLLOWING: EXPANSION AND ENRICHMENT OF THE DATASET AGGR",https://www.usaspending.gov/award/CONT_AWD_7571TE26F80226_7571_NNG15SC59B_8000
forms_workflow_case,competed_one_bid,1,3871510.24,Department of Veterans Affairs,"MINBURN TECHNOLOGY GROUP, LLC",2018-08-29,2023-12-31 00:00:00,D399,LIVE DATA PERI-OP SURGICAL WORKFLOW SYSTEM,https://www.usaspending.gov/award/CONT_AWD_36C26018F2879_3600_NNG15SD34B_8000
forms_workflow_case,competed_one_bid,1,3739518.29,Food and Drug Administration,SEMANTICBITS LLC,2020-03-26,2025-09-29 00:00:00,D399,OPEN FDA PLATFORM SUPPORT,https://www.usaspending.gov/award/CONT_AWD_75F40120F80127_7524_GS35F192BA_4732
forms_workflow_case,competed_one_bid,1,2862663.37,Department of Veterans Affairs,"NETSYNC NETWORK SOLUTIONS, INC.",2018-09-25,2024-03-24 00:00:00,D308,CONSULT MANAGER TRACKING SYSTEM,https://www.usaspending.gov/award/CONT_AWD_36C25818F2198_3600_NNG15SC76B_8000
forms_workflow_case,competed_one_bid,1,2774444.03,Department of Veterans Affairs,"V3GATE, LLC",2024-09-27,2027-09-26 00:00:00,DA10,JUVARE UNIFIED COMMAND PLATFORM SOFTWARE AS A SERVICE,https://www.usaspending.gov/award/CONT_AWD_36C10B24F0426_3600_NNG15SD27B_8000
forms_workflow_case,competed_one_bid,1,2399729.53,Office of the Assistant Secretary for Financial Resources,TECHNOGEN INC.,2025-09-22,2026-09-29 00:00:00,DF10,OIT- SERVICES178 C 6596-CLOUD PLATFORMS OPERATIONS AND MAINTENANCE SERVICES SUPPORT,https://www.usaspending.gov/award/CONT_AWD_75R60225F34002_7526_75R60225A00017_7526
forms_workflow_case,competed_one_bid,1,2126769.0,National Institutes of Health,EX LIBRIS USA INC,2020-03-10,2025-06-06 00:00:00,D319,LIBRARY SERVICES PLATFORM AND DISCOVERY LAYER,https://www.usaspending.gov/award/CONT_AWD_75N97020P00085_7529_-NONE-_-NONE-
forms_workflow_case,competed_one_bid,1,1973097.65,Centers for Disease Control and Prevention,"NEW TECH SOLUTIONS, INC.",2022-01-27,2026-02-20 00:00:00,DA10,NINTEX FORMS SUBSCRIPTION,https://www.usaspending.gov/award/CONT_AWD_75D30122F13221_7523_HHSN316201500040W_7529
forms_workflow_case,competed_one_bid,1,1852249.51,Department of Veterans Affairs,ALVAREZ LLC,2023-08-03,2028-08-03 00:00:00,DA01,"QUEUE MANAGEMENT SYSTEM SOFTWARE TO PROVIDE WORKFLOW MANAGEMENT, THROUGHPUT MAXIMIZATION, AND REDUCTION IN WAIT TIMES.",https://www.usaspending.gov/award/CONT_AWD_36C10B23F0225_3600_NNG15SD19B_8000
forms_workflow_case,competed_one_bid,1,1730073.25,Office of the Assistant Secretary for Financial Resources,"AMENTUM TECHNOLOGY, INC.",2026-07-28,2027-07-31 00:00:00,DA10,"OBTAIN SERVICES FROM QUALIFIED CONTRACTOR WITH THE KNOWLEDGE, SKILLS, AND ABILITIES TO OPERATE AND MAINTAIN (O&M) PSC'S TWO LOW-CODE APPLICATION PLATFORMS (LCAPS), WHICH ARE CURRENTLY IN PRODUCTION AND FEDERAL RISK AND AUTHORIZATION MANAGEME",https://www.usaspending.gov/award/CONT_AWD_7571MN26F80070_7571_HHSN316201200031W_7529
forms_workflow_case,competed_one_bid,1,1702343.06,Department of Veterans Affairs,"STANDARD-BLAZAR, LLC",2024-09-26,2027-09-26 00:00:00,DA10,IT SERVICE MANAGEMENT PLATFORM,https://www.usaspending.gov/award/CONT_AWD_36C10M24F50107_3600_NNG15SD70B_8000
forms_workflow_case,competed_one_bid,1,1354107.8,Office of the Assistant Secretary for Financial Resources,"V3GATE, LLC",2024-09-24,2029-09-24 00:00:00,DA10,REAL TIME EVENT DETECTION PLATFORM,https://www.usaspending.gov/award/CONT_AWD_75A50224F80021_7505_NNG15SD27B_8000
forms_workflow_case,competed_one_bid,1,1260384.96,Office of the Assistant Secretary for Administration,INITIATE GOVERNMENT SOLUTIONS LLC,2023-07-31,2026-08-01 00:00:00,DA01,THIS REQUIREMENT IS TO ESTABLISH SERVICES WITH A DEVELOPMENT SUPPORT TEAM FOR THE HHS ENTERPRISE SOFTWARE PROGRAM'S PORTFOLIO OF HHS-WIDE ACQUISITIONS SUPPORTED WITH CUSTOM WORKFLOWS IN SERVICENOW ON THE HHS OCIO MANAGED SERVICENOW PLATFORM.,https://www.usaspending.gov/award/CONT_AWD_75P00123F80133_7570_GS35F139DA_4732
forms_workflow_case,competed_one_bid,1,1051402.26,Food and Drug Administration,"DNANEXUS, INC.",2024-09-09,2026-05-09 00:00:00,DF10,DEVELOP PRISM HIGH-IMPACT PLATFORM PILOT FOR PRE- SUBMISSION VALIDATION OF ECTDS SUPPORTING SPONSOR-REVIEWER INTERACTION.,https://www.usaspending.gov/award/CONT_AWD_75F40124C00121_7524_-NONE-_-NONE-
forms_workflow_case,competed_one_bid,1,946150.42,Department of Veterans Affairs,"MINBURN TECHNOLOGY GROUP, LLC",2023-07-20,2024-07-27 00:00:00,DA01,AN AUTOMATED SURGICAL WORKFLOW,https://www.usaspending.gov/award/CONT_AWD_36C24523F0613_3600_NNG15SD34B_8000
forms_workflow_case,competed_one_bid,1,875313.6,Office of the Assistant Secretary for Administration,INITIATE GOVERNMENT SOLUTIONS LLC,2023-09-25,2025-03-29 00:00:00,DA10,THE VMO REQUIRES DEVELOPMENT SERVICES FOR TWO APPLICATIONS TO BE BUILT IN COLLABORATION WITH THE HHS OCIO OFFICE OF APPLICATION PLATFORMS AND SERVICES (OAPS). OAPS PROVIDES PLATFORM ADMINISTRATION SERVICES FOR ALL THEIR ENTERPRISE OFFERINGS WITH DEFI,https://www.usaspending.gov/award/CONT_AWD_75P00123F80211_7570_GS35F139DA_4732
forms_workflow_case,competed_one_bid,1,813007.19,Department of Veterans Affairs,"MINBURN TECHNOLOGY GROUP, LLC",2023-07-20,2025-01-30 00:00:00,DA01,AUTOMATED SURGICAL WORKFLOW SYSTEM,https://www.usaspending.gov/award/CONT_AWD_36C24523F0614_3600_NNG15SD34B_8000
forms_workflow_case,competed_one_bid,1,803684.13,Centers for Disease Control and Prevention,STONS INC,2022-02-15,2027-01-31 00:00:00,DA10,KALTURA  PLATFORM LICENSE,https://www.usaspending.gov/award/CONT_AWD_75D30122F13320_7523_GS35F153GA_4732
forms_workflow_case,competed_one_bid,1,621750.0,Department of Veterans Affairs,"CENSIS TECHNOLOGIES, INC.",2025-06-26,2030-06-30 00:00:00,DA10,CENSIS INSTRUMENT TRACKING SYSTEM (ITS),https://www.usaspending.gov/award/CONT_AWD_36C26025P0679_3600_-NONE-_-NONE-
forms_workflow_case,competed_one_bid,1,548635.84,Department of Veterans Affairs,"V3GATE, LLC",2023-07-11,2026-07-31 00:00:00,DA10,HASHICORP TERRAFORM AND VAULT INTEGRATED SOLUTION,https://www.usaspending.gov/award/CONT_AWD_36C10B23F0173_3600_NNG15SD27B_8000
forms_workflow_case,competed_one_bid,1,544051.8,Office of the Assistant Secretary for Financial Resources,"THUNDERCAT TECHNOLOGY, LLC",2021-11-23,2026-11-30 00:00:00,7A21,EMERGENCY GATEWAY AND EMERGENCY ROUTING SERVICES,https://www.usaspending.gov/award/CONT_AWD_75N97022F00002_7529_HHSN316201500010W_7529
forms_workflow_case,competed_one_bid,1,508799.25,Substance Abuse and Mental Health Services Administration,SOLE SOLUTIONS INC.,2024-09-19,2027-09-22 00:00:00,DA10,"THIS REQUIREMENT IS THE STRATEGIC WORK INFORMATION AND FOLDER TRANSFER (SWIFT) CORRESPONDENCE SUPPORT, MAINTENANCE, AND ENHANCEMENT",https://www.usaspending.gov/award/CONT_AWD_75S20324F80009_7522_GS35F0117W_4730
forms_workflow_case,competed_one_bid,1,504999.63,Department of Veterans Affairs,ALVAREZ LLC,2026-08-14,2027-08-16 00:00:00,7A21,BRAND OR EQUAL APPAIN BUSINESS PROCESS MANAGEMENT SOFTWARE AS A SERVICE (SAAS)/PLATFORM AS A SERVICE (PAAS) LICENSE AGREEMENT SUPPORT,https://www.usaspending.gov/award/CONT_AWD_36C10B26F0280_3600_NNG15SD19B_8000
forms_workflow_case,competed_one_bid,1,471759.36,Department of Veterans Affairs,"V3GATE, LLC",2023-08-18,2025-08-17 00:00:00,DA10,"BENEFITS INTEGRATION & ADMINISTRATION (BIA), BENEFITS ENTERPRISE PLATFORM (BEP) MIGRATION TO VAEC AWS GOVCLOUD FOR ORACLE TUXEDO ADVANCED PERFORMANCE PACK",https://www.usaspending.gov/award/CONT_AWD_36C10B23F0161_3600_NNG15SD27B_8000
forms_workflow_case,competed_one_bid,1,450257.04,Office of the Assistant Secretary for Financial Resources,CARAHSOFT TECHNOLOGY CORP,2022-09-08,2026-09-15 00:00:00,DA01,SOCIAL MEDIA MONITORING PLATFORM SUBSCRIPTION,https://www.usaspending.gov/award/CONT_AWD_75F40122F80302_7524_GS35F0119Y_4732
forms_workflow_case,competed_one_bid,1,435003.12,Food and Drug Administration,IQVIA GOVERNMENT SOLUTIONS INC,2022-09-28,2023-09-28 00:00:00,DA01,FDA LINGUAMATICS I2E NATURAL LANGUAGE PROCESSING (NLP) PLATFORM SOFTWARE,https://www.usaspending.gov/award/CONT_AWD_75F40122F80470_7524_HHSN316201500008W_7529
forms_workflow_case,competed_one_bid,1,359884.33,Substance Abuse and Mental Health Services Administration,SOLE SOLUTIONS INC.,2024-09-19,2027-09-22 00:00:00,DA10,THIS REQUIREMENT IS FOR THE STRATEGIC WORK INFORMATION AND FOLDER TRANSFER (SWIFT) SUPPORT & MAINTENANCE OF THE FREEDOM OF INFORMATION ACT (FOIA). SWIFT FOIA.,https://www.usaspending.gov/award/CONT_AWD_75S20324F80010_7522_GS35F0117W_4730
forms_workflow_case,competed_one_bid,1,297535.68,Food and Drug Administration,NIRA INC,2026-06-15,2029-06-07 00:00:00,DA10,"PLATFORM TRANSFORMATION, SYSTEM INTEGRATION, AND PROGRAM SUPPORT",https://www.usaspending.gov/award/CONT_AWD_75F40126F80061_7524_47QTCA24D006H_4732
forms_workflow_case,competed_one_bid,1,277301.71,Office of the Assistant Secretary for Administration,CARAHSOFT TECHNOLOGY CORP,2023-12-27,2025-06-30 00:00:00,7A21,"SALESFORCE INC. PROVIDES CUSTOMER RELATIONSHIP AND MANAGEMENT SOFTWARE ALONG WITH APPLICATIONS FOCUSED ON CUSTOMER SERVICE, ANALYTICS AND APPLICATION DEVELOPMENT. IT IS A PLATFORM AS A SERVICE (PAAS) THAT ALLOWS DEVELOPERS TO ADD APPLICATIONS TO THE",https://www.usaspending.gov/award/CONT_AWD_75P00124F80015_7570_47QSWA18D008F_4732
forms_workflow_case,competed_one_bid,1,250347.35,Food and Drug Administration,"GOVERNMENT MARKETING AND PROCUREMENT, LLC",2023-04-18,2026-04-17 00:00:00,DA10,CENTER FOR TOBACCO PRODUCTS (CTP) ESUBMISSIONS OM MODERNIZATION ? FORM.IO,https://www.usaspending.gov/award/CONT_AWD_75F40123F80096_7524_GS07F187GA_4732
forms_workflow_case,competed_one_bid,1,249996.5,National Institutes of Health,IQVIA GOVERNMENT SOLUTIONS INC,2024-04-29,2025-04-30 00:00:00,DA10,BESPOKE GENE THERAPY CONSORTIUM COORDINATION CENTER (BGTC CC) ELECTRONIC DATA CAPTURE (EDC) PLATFORM SUPPORT,https://www.usaspending.gov/award/CONT_AWD_75N95C24F30001_7529_HHSN316201500008W_7529
forms_workflow_case,competed_one_bid,1,243281.53,Office of the Assistant Secretary for Financial Resources,AT-IMPACT LLC,2026-08-31,2027-05-31 00:00:00,DA01,SUPPORT SERVICES FOR THE NUVOLO SPACE MANAGEMENT APPLICATION OPERATING ON THE SERVICENOW (SNOW) PLATFORM,https://www.usaspending.gov/award/CONT_AWD_7571TE26F80238_7571_75N98119D00089_7529
forms_workflow_case,competed_one_bid,1,235978.52,Department of Veterans Affairs,"V3GATE, LLC",2026-05-20,2028-07-31 00:00:00,DA10,HASHICORP TERRAFORM AND VAULT INTEGRATED SOLUTION,https://www.usaspending.gov/award/CONT_AWD_36C10B26F0150_3600_NNG15SD27B_8000
forms_workflow_case,competed_one_bid,1,206793.93,Food and Drug Administration,"EC AMERICA, INC",2019-07-22,2024-01-17 00:00:00,D317,FOIAXPRESS SUBSCRIPTION AND SUPPORT,https://www.usaspending.gov/award/CONT_AWD_75F40119F80232_7524_GS35F0511T_4730
forms_workflow_case,competed_one_bid,1,195015.1,Office of the Assistant Secretary for Financial Resources,CARAHSOFT TECHNOLOGY CORP,2024-08-23,2027-09-26 00:00:00,7A20,HUMAN CAPITAL ENTERPRISE DIGITAL PLATFORM SUBSCRIPTION - LINKEDIN,https://www.usaspending.gov/award/CONT_AWD_75P00124F80124_7570_47QSWA18D008F_4732
forms_workflow_case,competed_one_bid,1,184625.95,Food and Drug Administration,PARAGON MICRO INC,2024-03-06,2026-03-06 00:00:00,DD01,THIS SOFTWARE DEVELOPMENT PLATFORM IS NEEDED FOR THE DEVELOPMENT OF DASHBOARDS AND USER INTERFACES FOR OFFICE OF FOOD ADDITIVE SAFETY (OFAS) ARTIFICIAL INTELLIGENCE TOOL. THIS TOOL IS DESIGNED FOR ADVANCED DATA ANALYSIS AND RISK-BASED DECISION MAKING,https://www.usaspending.gov/award/CONT_AWD_75F40124F80063_7524_NNG15SD91B_8000
forms_workflow_case,competed_one_bid,1,176570.52,Centers for Medicare and Medicaid Services,"GLOBAL SOLUTIONS GROUP, INC.",2021-12-07,2024-12-06 00:00:00,DA10,THE PURPOSE OF THIS PURCHASE ORDER IS FOR CONTINUED MAINTENANCE OF THE LASERFICHE SOFTWARE THAT ALL 10 CMS REGIONS AND BALTIMORE HEADQUARTERS USE.  IT ALSO WILL FULFILL THE LEGAL REQUIREMENT TO MAINTAIN ACCESS TO CMS RECORDS IN THE IMAGED FORM.,https://www.usaspending.gov/award/CONT_AWD_75FCMC22P0003_7530_-NONE-_-NONE-
forms_workflow_case,competed_one_bid,1,137444.0,Office of the Assistant Secretary for Administration,INITIATE GOVERNMENT SOLUTIONS LLC,2023-09-29,2024-09-29 00:00:00,DA01,CUSTOMER ENGAGEMENT WORKFLOW PROGRAM (CEWP) - SALESFORCE O&M SUPPORT,https://www.usaspending.gov/award/CONT_AWD_75P00123F37003_7570_75P00119A00089_7570
forms_workflow_case,competed_one_bid,1,125000.0,Office of the Assistant Secretary for Financial Resources,"TYLER FEDERAL, LLC",2026-09-10,2027-09-13 00:00:00,7A21,"NCATS REQUIRES AN ANNUAL SUBSCRIPTION TO THE TYLER TECHNOLOGIES (SOCRATA) OPEN DATA PLATFORM TO SUPPORT SECURE, STANDARDIZED, AND PUBLICLY ACCESSIBLE SHARING OF BIOMEDICAL RESEARCH DATA, ADVANCING THE NCATS TRANSLATIONAL SCIENCE MISSION THROUGH FAIR",https://www.usaspending.gov/award/CONT_AWD_7571TE26P00124_7571_-NONE-_-NONE-
forms_workflow_case,competed_one_bid,1,108200.0,Centers for Medicare and Medicaid Services,"DLT SOLUTIONS, LLC",2022-09-15,2023-09-16 00:00:00,DF01,"THE CURRENT ENVIRONMENT FOR SALESFORCE ENTERPRISE INTEGRATION 2.0 IS AN ENTERPRISE PLATFORM THAT FACILITATES CMS ONBOARDING REQUIREMENTS, ENSURE CONTINUOUS SECURITY MONITORING, CORRECT COST INEFFICIENCIES BY STREAMLINING CONTRACTUAL PROCESSES (E.G.,",https://www.usaspending.gov/award/CONT_AWD_75FCMC22F0117_7530_GS35F267DA_4732
forms_workflow_case,competed_one_bid,1,107921.55,Food and Drug Administration,"GOVERNMENT MARKETING AND PROCUREMENT, LLC",2026-05-27,2029-05-31 00:00:00,DA10,TO ACQUIRE ESUBMISSIONS MODERNIZATION - FORMS.IO,https://www.usaspending.gov/award/CONT_AWD_75F40126F80054_7524_GS07F187GA_4732
forms_workflow_case,competed_one_bid,1,99765.16,Department of Veterans Affairs,BLUE TECH INC.,2026-09-22,2031-09-22 00:00:00,DA10,DSS LIVE PREFERENCE CARD PLATFORM,https://www.usaspending.gov/award/CONT_AWD_36C24626F0235_3600_NNG15SD00B_8000
forms_workflow_case,competed_one_bid,1,90264.52,Office of the Assistant Secretary for Administration,CARAHSOFT TECHNOLOGY CORP,2024-09-26,2025-09-26 00:00:00,7A20,HUMAN CAPITAL ENTERPRISE DIGITAL PLATFORM SUBSCRIPTION LICENSES - LINKEDIN,https://www.usaspending.gov/award/CONT_AWD_75P00124F80176_7570_47QSWA18D008F_4732
forms_workflow_case,competed_one_bid,1,54998.55,Department of Veterans Affairs,ALVAREZ LLC,2023-06-13,2024-06-08 00:00:00,DA01,VOCERA PLATFORM UPGRADE,https://www.usaspending.gov/award/CONT_AWD_36C24823F0253_3600_NNG15SD19B_8000
forms_workflow_case,competed_one_bid,1,48463.62,Office of the Assistant Secretary for Financial Resources,"SITEIMPROVE, INC",2022-09-08,2026-09-26 00:00:00,DE01,"NIGMS TO ACCRUE APPLICATION PLANFORM AND SERVICE WITH VENDOR SITEIMPROVE, INC.:1299362 [22-000196]",https://www.usaspending.gov/award/CONT_AWD_75N98022F00265_7529_GS35F036CA_4732
forms_workflow_case,competed_one_bid,1,20821.02,National Institutes of Health,"DLT SOLUTIONS, LLC",2024-12-04,2025-11-30 00:00:00,7A21,25-002325 THE NHLBI SPACE AND DESIGN BRANCH REQUIRES A NEW ANNUAL SUBSCRIPTION TO AUTOCAD IN ORDER TO CONTINUE TO PERFORM SPACE DATA UPDATES AND RELATED PROJECT WORK.,https://www.usaspending.gov/award/CONT_AWD_75N92025F00022_7529_GS35F267DA_4732
forms_workflow_case,sole_source,1,9995877.0,Office of the Assistant Secretary for Administration,I3 FEDERAL LLC,2020-07-17,2021-04-20 00:00:00,D399,TITLE: CARES DATA INTEGRATION PLATFORM,https://www.usaspending.gov/award/CONT_AWD_75P00120F80162_7570_NNG15SD31B_8000
forms_workflow_case,sole_source,1,9353400.57,National Institutes of Health,LASSO INFORMATICS US INC,2024-04-19,2028-04-18 00:00:00,DC10,NIH BRAIN DEVELOPMENT COHORTS DATA SHARING PLATFORM. PERIOD OF PERFORMANCE 4/19/2024 - 4/18/2025,https://www.usaspending.gov/award/CONT_AWD_75N95024C00011_7529_-NONE-_-NONE-
forms_workflow_case,sole_source,,8507091.08,Health Resources and Services Administration,"SAPIENT GOVERNMENT SERVICES, INC.",2026-06-24,2027-07-22 00:00:00,DA01,"OIT SERVICES34 C 7240 HRSAS ENTERPRISE DATA SCIENCE AND ANALYTIC PLATFORM (HEDSAP) OPERATIONS AND MAINTENANCE, SECURITY MANAGEMENT AND ADHOC DATA AND SME SYSTEM SUPPORT",https://www.usaspending.gov/award/CONT_AWD_75R60226F34002_7526_75R60226A00001_7526
forms_workflow_case,sole_source,,7824126.0,Centers for Medicare and Medicaid Services,THE MITRE CORPORATION,2025-08-25,2028-08-25 00:00:00,DA01,"CM NEEDS ON-DEMAND SUPPORT FOR CRITICAL PROGRAM ACTIVITIES REQUIRING SPECIALIZED TECHNICAL EXPERTISE ACCESS TO HIGHLY SENSITIVE, PRE-DECISIONAL DOCUMENTS AND ABILITY TO PERFORM AND DELIVER WITHIN VERY SHORT TURNAROUND TIMES. PROGRAM POLICY REVIEW A",https://www.usaspending.gov/award/CONT_AWD_75FCMC25FJ099_7530_75FCMC23D0004_7530
forms_workflow_case,sole_source,1,4660710.0,Department of Veterans Affairs,"THUNDERCAT TECHNOLOGY, LLC",2024-07-03,2029-07-02 00:00:00,DB01,MD CLONE PLATFORM,https://www.usaspending.gov/award/CONT_AWD_36C10B24F0215_3600_NNG15SD26B_8000
forms_workflow_case,sole_source,1,4589606.05,Department of Veterans Affairs,"CENSIS TECHNOLOGIES, INC.",2017-06-19,2025-03-12 00:00:00,7030,STERILE PROCESSING SERVICES INSTRUMENT TRACKING SYSTEM,https://www.usaspending.gov/award/CONT_AWD_VA25517C0123_3600_-NONE-_-NONE-
forms_workflow_case,sole_source,1,4356066.1,Food and Drug Administration,VETS SYNERGETIC GROUP LLC,2025-09-05,2027-09-07 00:00:00,DA01,TASK ORDER: CDER PUBLISHING PLATFORM,https://www.usaspending.gov/award/CONT_AWD_75F40125F80173_7524_47QTCA24D005S_4732
forms_workflow_case,sole_source,1,4244068.53,Centers for Medicare and Medicaid Services,INDEX ANALYTICS LLC,2020-09-21,2024-09-20 00:00:00,D399,"CMS REQUIRES THE CONTRACTOR TO PERFORM A DATA ANALYTICS ASSESSMENT, GAP ANALYSIS, DEVELOP A VISION AND PROVIDE COACHING SERVICES THAT WOULD SUPPORT BEST PRACTICES AND IDENTIFY NEW NEEDS AND CHALLENGES OF CONTINUING TO IMPROVE OVERALL DATA GOVERNANCE.",https://www.usaspending.gov/award/CONT_AWD_75FCMC20C0049_7530_-NONE-_-NONE-
forms_workflow_case,sole_source,1,4125859.0,Centers for Medicare and Medicaid Services,RELI GROUP INC,2021-08-18,2025-08-20 00:00:00,DA01,"THE CONTRACTOR WILL MAINTAIN AND ENHANCE THE AUDIT MANAGEMENT SYSTEM (AMS) TO ALLOW THE GOVERNMENT TO SUCCESSFULLY PERFORM THE DAILY TRACKING, RESOLUTION AND REPORTING OF AUDIT PROGRAM ACTIVITIES AND THE CHANGE REQUEST MODULE. THUS, THE CONTRACTOR MU",https://www.usaspending.gov/award/CONT_AWD_75FCMC21C0025_7530_-NONE-_-NONE-
forms_workflow_case,sole_source,1,3959184.0,Centers for Medicare and Medicaid Services,INDEX ANALYTICS LLC,2024-06-27,2025-07-14 00:00:00,DA01,"THE DIVISION OF STATE SYSTEMS (DSS) MEDICAID ENTERPRISE SYSTEMS (MES) SEEKS PROGRAM-WIDE SUPPORT TO ASSIST WITH CONTINUED DESIGN, DEVELOPMENT, AND IMPLEMENTATION OF THE CLOUD-BASED SALESFORCE PLATFORM, MEDICAID ENTERPRISE SYSTEMS HUB (MESH).",https://www.usaspending.gov/award/CONT_AWD_75FCMC24C0018_7530_-NONE-_-NONE-
forms_workflow_case,sole_source,1,3826750.0,Centers for Medicare and Medicaid Services,TRIPTK LLC,2025-09-29,2026-10-31 00:00:00,DA01,"THIS REQUIREMENT ENCOMPASSES MIXED-METHODS RESEARCH TO UNDERSTAND COMPLEX USER JOURNEYS, DEVELOP ACTIONABLE USER PERSONAS, AND CREATE DETAILED EXPERIENCE MAPS THAT WILL INFORM THE STRATEGIC REDESIGN OF MEDICARE.GOV.   THIS REQUIREMENT ENCOMPASSES MIX",https://www.usaspending.gov/award/CONT_AWD_75FCMC25CJ023_7530_-NONE-_-NONE-
forms_workflow_case,sole_source,1,3730693.45,Department of Veterans Affairs,"FOUR POINTS TECHNOLOGY, L.L.C.",2020-07-22,2024-07-10 00:00:00,7030,ADOBE EXPERIENCE MANAGER MANAGED SERVICES (AEMMS-GC) FOR THE SOFTWARE AS A SERVICE (SAAS)FORMS TOOL,https://www.usaspending.gov/award/CONT_AWD_36C10A20F0234_3600_NNG15SD22B_8000
forms_workflow_case,sole_source,1,3730434.84,Food and Drug Administration,INCEPTIONEDGE INC.,2023-03-16,2025-09-19 00:00:00,DA01,SITE SELECTION TOOL (SST) PLATFORM MODERNIZATION AND O&M SUPPORT,https://www.usaspending.gov/award/CONT_AWD_75F40123C00041_7524_-NONE-_-NONE-
forms_workflow_case,sole_source,1,3637783.0,Centers for Medicare and Medicaid Services,EXPLORE DIGITS INC,2025-06-27,2027-12-26 00:00:00,DA10,THE CONTRACTOR SHALL PROVIDE SUPPLIES AND SERVICES TO SUPPORT CMS TO MIGRATE OFF OF SAS BY PROVIDING THE NECESSARY LICENSES TO USE AUTOMATED SAS CONVERSION TOOL(S) AND SUPPORT CMS USERS TO LEVERAGE ALTERNATIVE SOFTWARE ANALYTICAL PACKAGES TO PERFORM,https://www.usaspending.gov/award/CONT_AWD_75FCMC25FJ073_7530_47QTCA20D001E_4732
forms_workflow_case,sole_source,1,3616762.48,Centers for Medicare and Medicaid Services,VITG CORP,2025-09-18,2026-06-17 00:00:00,DA10,"INDEPENDENTLY AND NOT AS AN AGENT OF THE GOVERNMENT, THE CONTRACTOR SHALL FURNISH ALL THE NECESSARY SERVICES, QUALIFIED PERSONNEL, MATERIAL, EQUIPMENT, AND/OR FACILITIES, NOT OTHERWISE PROVIDED BY THE GOVERNMENT, AS NEEDED TO PERFORM THE PERFORMANCE",https://www.usaspending.gov/award/CONT_AWD_75FCMC25CJ016_7530_-NONE-_-NONE-
forms_workflow_case,sole_source,1,3478599.73,Centers for Medicare and Medicaid Services,SOFTRAMS LLC,2021-03-24,2026-05-15 00:00:00,DA01,"CENTERS FOR MEDICARE AND MEDICAID SERVICES ANALYSIS, REPORTING AND TRACKING SYSTEM (CMS ARTS)",https://www.usaspending.gov/award/CONT_AWD_75FCMC21F0028_7530_GS35F372DA_4732
forms_workflow_case,sole_source,1,2926310.46,Department of Veterans Affairs,WILCORE TECHNOLOGIES INC,2026-09-21,2028-09-21 00:00:00,DA01,"ARTIFICIAL INTELLIGENCE VETERAN-CENTERED SUBMISSION ECOSYSTEM SUPPORT FOR THE DESIGN, DEVELOPMENT, AND DEPLOYMENT OF SECURE, ACCESSIBLE, AND INTEROPERABLE DIGITAL WORKFLOW SOLUTIONS THAT MODERNIZE VAS FORMS ECOSYSTEM.",https://www.usaspending.gov/award/CONT_AWD_36C10B26F0372_3600_47QTCA25D00AX_4732
forms_workflow_case,sole_source,1,2921291.63,Defense Health Agency,ALLOGY LLC,2026-06-26,2031-06-26 00:00:00,DH10,DEPLOYED MEDICINE TRAINING PLATFORM SERVICES.,https://www.usaspending.gov/award/CONT_AWD_HT001126FE035_9700_47QTCA20D003D_4732
forms_workflow_case,sole_source,1,2894008.84,Office of the Assistant Secretary for Financial Resources,"CONCEPT PLUS, LLC",2026-03-13,2027-03-14 00:00:00,DA01,OASH INTEGRATED DATA PLATFORM (IDP) AND UNIFIED WEB SUPPORT,https://www.usaspending.gov/award/CONT_AWD_7571TE26F80017_7571_HHSN316201200156W_7529
forms_workflow_case,sole_source,1,2876307.84,Health Resources and Services Administration,TECHNOGEN INC.,2024-09-27,2026-09-29 00:00:00,DF10,OIT-SERVICES36 C 6870 HRSA SERVICENOW CLOUD PLATFORM DME SUPPORT SERVICES,https://www.usaspending.gov/award/CONT_AWD_75R60224F80142_7526_GS35F181BA_4732
forms_workflow_case,sole_source,1,2692809.78,Department of Veterans Affairs,"AGILE SIX APPLICATIONS, INC",2024-09-20,2025-09-24 00:00:00,DA01,VETERAN FOREIGN MEDICAL PROGRAM (VFMP) AND CIVILIAN HEALTH AND MEDICAL PROGRAM OF THE DEPARTMENT OF VETERANS AFFAIRS (CHAMPVA) FORMS FOLLOW-ON,https://www.usaspending.gov/award/CONT_AWD_36C10B24C0065_3600_-NONE-_-NONE-
forms_workflow_case,sole_source,1,2310326.05,Department of Veterans Affairs,"ODDBALL, INC.",2024-08-07,2025-09-03 00:00:00,DA01,THIS ACQUISITION WILL PROVIDE SUPPORT TO HELP VA MIGRATE VETERAN AND POWER OF ATTORNEY EXPERIENCES FROM THE LEGACY STAKEHOLDER ENTERPRISE PORTAL PRODUCT AND EBENEFITS PLATFORM TO VA.GOV.,https://www.usaspending.gov/award/CONT_AWD_36C10B24P0016_3600_-NONE-_-NONE-
forms_workflow_case,sole_source,1,2279884.2,Office of the Assistant Secretary for Administration,SARA SOFTWARE SYSTEMS LLC,2022-09-22,2025-09-26 00:00:00,DF01,POWER PLATFORM DEVELOPERS,https://www.usaspending.gov/award/CONT_AWD_75P00122P00106_7570_-NONE-_-NONE-
forms_workflow_case,sole_source,1,2153050.0,Centers for Medicare and Medicaid Services,LATITUDE PRIME LLC,2023-09-06,2027-09-05 00:00:00,DA01,THE PURPOSE OF THIS CONTRACT ACTION IS TO NEGOTIATE AND AWARD SERVICES TO ASSIST THE OFFICE OF EQUAL OPPORTUNITY AND CIVIL RIGHTS IN PROVIDING LANGUAGE ACCESS SERVICES TO LIMITED ENGLISH PROFICIENT INDIVIDUALS IN THE FORM OF ORAL INTERPRETATION SERVI,https://www.usaspending.gov/award/CONT_AWD_75FCMC23C0052_7530_-NONE-_-NONE-
forms_workflow_case,sole_source,1,1997552.0,Department of Veterans Affairs,CROSS LINK MEDIA LLC,2024-11-25,2027-05-31 00:00:00,DH10,VETERANS CRISIS TEXTING PLATFORM,https://www.usaspending.gov/award/CONT_AWD_36C24525C0018_3600_-NONE-_-NONE-
forms_workflow_case,sole_source,1,1944873.73,Office of the Assistant Secretary for Financial Resources,ITSTACKEDGE LLC,2025-09-18,2027-09-19 00:00:00,DA01,SITE SELECTION TOOL (SST) PLATFORM O&M SUPPORT,https://www.usaspending.gov/award/CONT_AWD_75F40125C00086_7524_-NONE-_-NONE-
forms_workflow_case,sole_source,1,1505000.0,Office of the Assistant Secretary for Financial Resources,STRYDER CORP,2024-09-26,2028-09-25 00:00:00,7A21,HANDSHAKE DIGITAL PLATFORM SUBSCRIPTION,https://www.usaspending.gov/award/CONT_AWD_75P00124P00100_7570_-NONE-_-NONE-
forms_workflow_case,sole_source,1,1314632.89,Department of Veterans Affairs,"SOLVENTUM HEALTH INFORMATION SYSTEMS, INC.",2026-05-21,2029-05-22 00:00:00,DK10,"SOLVENTUM REVCYCLE HEALTH SERVICES PLATFORM SOFTWARE, SUPPORT AND MAINTENANCE",https://www.usaspending.gov/award/CONT_AWD_36C10B26C0046_3600_-NONE-_-NONE-
forms_workflow_case,sole_source,1,1312622.83,Department of Veterans Affairs,"AGILE SIX APPLICATIONS, INC",2025-09-16,2026-11-25 00:00:00,DA01,CONTRACTOR SHALL DIGITALIZE VA FORMS,https://www.usaspending.gov/award/CONT_AWD_36C10B25C0045_3600_-NONE-_-NONE-
forms_workflow_case,sole_source,,1260539.12,Indian Health Service,GEONORTH INFORMATION SYSTEMS LLC,2023-11-07,2024-11-23 00:00:00,DA01,"TO PROVIDE CONTRACTOR SUPPORT FOR THE DSFC PROGRAM AND TO MAINTAIN, ENHANCE, OPTIMIZE AND MATURE DATA SYSTEMS AND ENTERPRISE PLATFORMS WHICH PRIMARILY INCLUDE BUT ARE NOT LIMITED TO THE STARS AND GIS/MAPPING ENVIRONMENTS.",https://www.usaspending.gov/award/CONT_AWD_75H70124F30021_7527_75H70120D00029_7527
forms_workflow_case,sole_source,,1183211.62,Indian Health Service,GEONORTH INFORMATION SYSTEMS LLC,2025-07-25,2026-06-25 00:00:00,DA10,"THE PRIMARY PURPOSE OF THIS SOO IS TO OBTAIN CONTRACTOR SUPPORT FOR THE DSFC PROGRAM AND TO MAINTAIN, ENHANCE, OPTIMIZE AND MATURE DATA SYSTEMS AND ENTERPRISE PLATFORMS WHICH PRIMARILY INCLUDE BUT ARE NOT LIMITED TO THE STARS AND GIS/MAPPING ENVIRONM",https://www.usaspending.gov/award/CONT_AWD_75H70125F30028_7527_75H70120D00029_7527
forms_workflow_case,sole_source,1,1175874.18,Centers for Medicare and Medicaid Services,"RADIANT INFOTECH, LLC",2020-09-16,2025-09-15 00:00:00,D399,"WORKFLOW DESIGNS, AUTOMATION OF STEPS WITHIN WORKFLOWS TO ALLOW FOR STREAMLINED PROCESSING CAPABILITY TO BUILD A KNOWLEDGE BASE, COLLABORATION OF SYSTEMS WITHIN THE RAMT AND TRAIN END USERS ON THE ENHANCED RAMT.",https://www.usaspending.gov/award/CONT_AWD_75FCMC20F0104_7530_47QTCA19D001G_4732
forms_workflow_case,sole_source,1,1096799.57,Office of the Assistant Secretary for Financial Resources,EX LIBRIS USA INC,2025-06-06,2030-06-06 00:00:00,DD01,ALMA/PRIMO VE LIBRARY SERVICES PLATFORM AND DISCOVERY SYSTEM,https://www.usaspending.gov/award/CONT_AWD_75N97025P00060_7529_-NONE-_-NONE-
forms_workflow_case,sole_source,1,994475.04,Department of Veterans Affairs,"AINS, LLC",2026-07-10,2027-10-31 00:00:00,DA10,AINS EFOIA SOFTWARE LICENSES AND MAINTENANCE SERVICES.,https://www.usaspending.gov/award/CONT_AWD_36C10B26F0203_3600_GS35F576GA_4732
forms_workflow_case,sole_source,1,937392.54,Centers for Medicare and Medicaid Services,JOS GROUP LLC,2026-02-20,2031-01-19 00:00:00,DA01,"CMS ARTS - THE CENTERS FOR MEDICARE & MEDICAID SERVICES ANALYSIS, REPORTING AND TRACKING SYSTEM IS THE CMS SYSTEM OF RECORD FOR TRACKING CONTRACTOR BUSINESS PROPOSALS, COST REPORTS, DELIVERABLES, AND WORKLOAD INFORMATION FOR VARIOUS DEPARTMENTS WITHI",https://www.usaspending.gov/award/CONT_AWD_75FCMC26F0033_7530_47QTCA23D0072_4732
forms_workflow_case,sole_source,,865419.54,Indian Health Service,GEONORTH INFORMATION SYSTEMS LLC,2024-10-31,2025-07-24 00:00:00,DA10,"THE CONTRACTOR SHALL SUPPORT THE DSFC PROGRAM AND TO MAINTAIN, ENHANCE, OPTIMIZE AND MATURE DATA SYSTEMS AND ENTERPRISE PLATFORMS WHICH PRIMARILY INCLUDE BUT ARE NOT LIMITED TO THE STARS AND GIS/MAPPING ENVIRONMENTS.",https://www.usaspending.gov/award/CONT_AWD_75H70125F30026_7527_75H70120D00029_7527
forms_workflow_case,sole_source,1,865311.7,Food and Drug Administration,DIACONIA LLC,2022-09-29,2025-07-29 00:00:00,DA01,OCI EDISCOVERY PLATFORM FOR DOCUMENT REVIEW,https://www.usaspending.gov/award/CONT_AWD_75F40122F80459_7524_47QTCB22D0490_4732
forms_workflow_case,sole_source,1,750326.0,Office of the Assistant Secretary for Financial Resources,CREDAL.AI CORPORATION,2026-07-24,2030-08-18 00:00:00,DA01,"THIS AWARD RESULTS FROM THE TRANSFER OF CONTRACT NO. 140D0425C0056, ADMINISTRATION FOR CHILDREN AND FAMILIES (ACF) TECH ENTERPRISE GENERATIVE ARTIFICIAL INTELLIGENCE (GENAI) PLATFORM REQUIREMENT., ORIGINALLY AWARDED BY THE DEPARTMENT OF INTERIOR (DOI",https://www.usaspending.gov/award/CONT_AWD_7571TE26C00003_7571_-NONE-_-NONE-
forms_workflow_case,sole_source,1,710401.3,Office of the Assistant Secretary for Financial Resources,"AINS, LLC",2021-06-02,2026-08-30 00:00:00,DF01,FOIAXPRESS,https://www.usaspending.gov/award/CONT_AWD_75P00121F80115_7570_GS35F576GA_4732
forms_workflow_case,sole_source,1,690800.0,National Institutes of Health,"PLEXON, INC",2024-07-03,2025-06-30 00:00:00,DA10,THE BRIGGS LSR LAB WILL HAVE 4 RIGS TO PERFORM NEURONAL RECORDINGS. EACH RIG REQUIRES A DATA ACQUISITION SYSTEM THAT WILL RECORD NEURONAL ACTIVITY. THIS QUOTE IS FOR FOUR IDENTICAL DATA ACQUISITION SYSTEMS (1 PER RIG) MANUFACTURED BY PLEXON.,https://www.usaspending.gov/award/CONT_AWD_75N98024P01925_7529_-NONE-_-NONE-
forms_workflow_case,sole_source,1,614100.23,Food and Drug Administration,THE DASTON CORPORATION,2026-08-08,2026-08-08 00:00:00,DG10,GOOGLE VERTEX AI PLATFORM,https://www.usaspending.gov/award/CONT_AWD_75F40126P00018_7524_-NONE-_-NONE-
forms_workflow_case,sole_source,1,525500.0,Office of the Assistant Secretary for Financial Resources,"DNANEXUS, INC.",2024-08-20,2027-09-08 00:00:00,DH10,DNANEXUS PLATFORM AS A SERVICE (PAAS) FOR A CLOUD-BASED DATA ANALYSIS AND MANAGEMENT PLATFORM TO SUPPORT THE CONFLUENCE PROJECT,https://www.usaspending.gov/award/CONT_AWD_75N91024P00555_7529_-NONE-_-NONE-
forms_workflow_case,sole_source,1,451872.0,Office of the Assistant Secretary for Administration,"PFF, LLC",2025-05-30,2030-05-31 00:00:00,DA10,POWER PLATFORM COLLABORATION SUPPORT SERVICES,https://www.usaspending.gov/award/CONT_AWD_75P00125C00010_7570_-NONE-_-NONE-
forms_workflow_case,sole_source,1,353500.0,Department of Veterans Affairs,"IRON BOW TECHNOLOGIES, LLC",2026-09-14,2027-09-14 00:00:00,DA01,STAFFING OPTIMIZATION PLATFORM,https://www.usaspending.gov/award/CONT_AWD_36C24126F0158_3600_NNG15SC41B_8000
forms_workflow_case,sole_source,1,281790.0,Office of the Assistant Secretary for Administration,ECONOMIC SYSTEMS INC,2018-02-28,2023-02-28 00:00:00,D301,CONGRESSIONAL WORKFLOW SYSTEMS SUPPORT AND MAINTENANCE FOR THE ASL/CLO,https://www.usaspending.gov/award/CONT_AWD_HHSP233201850027A_7570_-NONE-_-NONE-
forms_workflow_case,sole_source,1,255551.25,Office of the Assistant Secretary for Financial Resources,"TYLER FEDERAL, LLC",2021-09-27,2026-09-27 00:00:00,DA10,OCRDI180 C 3370  - REASONABLE ACCOMMODATIONS PROCESSING AND TRACKING SYSTEM (RAPTS) SOFTWARE ANNUAL SUPPORT & UPGRADE SUBSCRIPTION,https://www.usaspending.gov/award/CONT_AWD_75R60221F80140_7526_GS35F0240P_4730
forms_workflow_case,sole_source,1,251236.25,Health Resources and Services Administration,CARAHSOFT TECHNOLOGY CORP,2025-09-08,2027-09-04 00:00:00,DF10,OPAE111 C 7134 QUALTRICS CLOUD BASED PLATFORM,https://www.usaspending.gov/award/CONT_AWD_75R60225C00007_7526_-NONE-_-NONE-
forms_workflow_case,sole_source,1,249500.0,Department of Veterans Affairs,"THUNDERCAT TECHNOLOGY, LLC",2026-09-02,2027-09-02 00:00:00,DA01,IMAGE GUIDED PROCEDURE TOOL PILOT. THE REQUIREMENT CONFORMS TO EO 14398.,https://www.usaspending.gov/award/CONT_AWD_36C10B26F0361_3600_NNG15SD26B_8000
forms_workflow_case,sole_source,1,248400.0,Department of Veterans Affairs,"IRON BOW TECHNOLOGIES, LLC",2025-07-29,2026-09-13 00:00:00,DA01,OPTIMIZATION PLATFORM SERVICES FOR NURSE STAFFING FOR SAAS ISSIO SOLUTIONS FEDRAMP,https://www.usaspending.gov/award/CONT_AWD_36C24125F0147_3600_NNG15SC41B_8000
forms_workflow_case,sole_source,1,211293.22,Office of the Assistant Secretary for Financial Resources,COMMUNICATIONS TRAINING ANALYSIS CORPORATION,2025-04-18,2027-04-17 00:00:00,DA01,HHS EMPOWER MAP AND PLATFORM WITH VIRTUAL ASSISTANTS SUPPORT SERVICES,https://www.usaspending.gov/award/CONT_AWD_75A50225F80004_7505_GS35F256CA_4732
forms_workflow_case,sole_source,1,198720.05,Department of Veterans Affairs,STANDARD COMMUNICATIONS INC,2023-10-30,2024-11-05 00:00:00,DG01,SPOK PLATFORM MIGRATION,https://www.usaspending.gov/award/CONT_AWD_36C24724P0132_3600_-NONE-_-NONE-
forms_workflow_case,sole_source,1,165776.57,Department of Veterans Affairs,"FOUR POINTS TECHNOLOGY, L.L.C.",2024-12-05,2028-01-31 00:00:00,DA10,TRACKCORE TISSUE TRACKING SYSTEM,https://www.usaspending.gov/award/CONT_AWD_36C26125F0117_3600_HHSN316201500034W_7529
forms_workflow_case,sole_source,1,155764.25,Department of Veterans Affairs,"PERFORMAX 3, INC.",2023-11-21,2025-06-04 00:00:00,DE01,PROVIDE GUIDANCE TO MANAGERS/SUPERVISORS ON ISSUES RELATED TO FEDERAL CASE (HUMAN RESOURCE AND EEO) AND WORKFORCE DEVELOPMENT ISSUES.,https://www.usaspending.gov/award/CONT_AWD_36C25624F0069_3600_GS35F0077R_4730
forms_workflow_case,sole_source,1,149975.0,Office of the Assistant Secretary for Financial Resources,GALAXYWORKS LLC,2026-09-21,2030-09-24 00:00:00,DA10,DMAP GALAXYWORKS SUPPORT FOR NIDAP BIOINFORMATICS WORKFLOWS SUPPORT SERVICES,https://www.usaspending.gov/award/CONT_AWD_7571TE26P00143_7571_-NONE-_-NONE-
forms_workflow_case,sole_source,1,146872.0,Department of Veterans Affairs,"TDI TECHNOLOGIES, INC.",2024-08-09,2027-08-11 00:00:00,DA10,"CONSOLEWORKS BRAND SOFTWARE MAINTENANCE AND SUPPORT SERVICES CURRENTLY DEPLOYED IN THE VA THE VA STANDARDS AND COTS INTEGRATION PLATFORM (SCIP) DEVELOPMENT, TEST, PRODUCTION AND ALTERNATE PROCESSING ENVIRONMENTS.",https://www.usaspending.gov/award/CONT_AWD_36C10B24P0018_3600_-NONE-_-NONE-
forms_workflow_case,sole_source,1,141970.93,Department of Veterans Affairs,"CENSIS TECHNOLOGIES, INC.",2024-11-21,2030-01-31 00:00:00,DB10,ELECTRONIC INSTRUMENT TRACKING SYSTEM,https://www.usaspending.gov/award/CONT_AWD_36C24725F0056_3600_GS35F0462X_4732
forms_workflow_case,sole_source,,139549.88,Indian Health Service,GEONORTH INFORMATION SYSTEMS LLC,2024-03-26,2025-04-25 00:00:00,DA10,"CONTRACTOR SUPPORT FOR THE DFPC PROGRAM AND TO MAINTAIN, ENHANCE, OPTIMIZE AND MATURE DATA SYSTEMS AND ENTERPRISE PLATFORMS WHICH PRIMARILY INCLUDE THE HEALTH SYSTEMS PLANNING (HSP) SOFTWARE.",https://www.usaspending.gov/award/CONT_AWD_75H70124F30023_7527_75H70120D00029_7527
forms_workflow_case,sole_source,1,119500.0,Department of Veterans Affairs,FIRELY USA INC.,2026-08-10,2031-08-06 00:00:00,DA10,"SOLE SOURCE ACTION TO PROCURE SAAS SUBSCRIPTION LICENSES FOR THE FIRELY SIMPLIFIER PLATFORM, INCLUDING ASSOCIATED MAINTENANCE, UPDATES, AND VENDOR-PROVIDED TRAINING.",https://www.usaspending.gov/award/CONT_AWD_36C10B26C0062_3600_-NONE-_-NONE-
forms_workflow_case,sole_source,1,117000.0,Department of Veterans Affairs,MEDICOM TECHNOLOGIES INC,2025-06-27,2030-06-26 00:00:00,DA10,CONTRACT AWARD FOR MEDICOM IMAGEX ASSISTANT EDITION FOR GENISIS PLATFORM.,https://www.usaspending.gov/award/CONT_AWD_36C10B25C0024_3600_-NONE-_-NONE-
forms_workflow_case,sole_source,1,103810.0,Defense Health Agency,AMERICAN CHEMICAL SOCIETY,2021-08-24,2026-08-31 00:00:00,DA10,CAS SCIFINDER DISCOVERY PLATFORM,https://www.usaspending.gov/award/CONT_AWD_W81XWH21P0167_9700_-NONE-_-NONE-
forms_workflow_case,sole_source,1,99846.47,Department of Veterans Affairs,ALVAREZ LLC,2025-07-24,2026-07-27 00:00:00,DH10,ACHIEVEIT STRATEGIC PLANNING PLATFORM WEB ACCESS.,https://www.usaspending.gov/award/CONT_AWD_36C25525F0072_3600_NNG15SD19B_8000
forms_workflow_case,sole_source,1,91773.0,Department of Veterans Affairs,"FOUR POINTS TECHNOLOGY, L.L.C.",2019-07-26,2025-02-06 00:00:00,D319,"THIS REQUIREMENT IS FOR ON-LINE ACCESS TO STAFFREADY, AN ELECTRONIC WEB-BASED SOFTWARE PLATFORM AND TECHNICAL SUPPORT SERVICE, TO MANAGE THE VISN 12 PLMS EMPLOYEE COMPETENCY ASSESSMENT PROGRAM.",https://www.usaspending.gov/award/CONT_AWD_36C25219F0463_3600_NNG15SD22B_8000
forms_workflow_case,sole_source,1,86553.8,National Institutes of Health,1099 PRO LLC,2025-12-17,2026-12-16 00:00:00,7A21,"1099 PRO TAX SOFTWARE AND SERVICE BUREAU FOR PROCESSING, MAILING, E-FILING, OF NIH TAX FORMS TO PARTICIPANTS AS REQUIRED BY THE IRS.",https://www.usaspending.gov/award/CONT_AWD_75N95C26P00001_7529_-NONE-_-NONE-
forms_workflow_case,sole_source,1,83347.44,Office of the Assistant Secretary for Financial Resources,"ORACLE AMERICA, INC",2025-08-25,2030-08-31 00:00:00,7A21,OIT- MAINT25 C 6464-ORACLE INFINITY- USER ANALYTICS SAAS PLATFORM,https://www.usaspending.gov/award/CONT_AWD_75R60225P00021_7526_-NONE-_-NONE-
forms_workflow_case,sole_source,1,79811.93,Office of the Assistant Secretary for Financial Resources,SIMULATIONS PLUS INC,2026-08-18,2030-08-31 00:00:00,DA10,GASTROPLUS & DDDPLUS PBPK/PBBM MODELING PLATFORM SOFTWARE LICENSES,https://www.usaspending.gov/award/CONT_AWD_7571TE26P00091_7571_-NONE-_-NONE-
forms_workflow_case,sole_source,1,75996.0,Department of Veterans Affairs,"CENSIS TECHNOLOGIES, INC.",2025-09-17,2025-12-19 00:00:00,DA10,THIS CONTRACT INTENDS TO PROVIDE SUBSCRIPTION AND IMPLEMENTATION OF THE CENSIS ELECTRONIC INSTRUMENT TRACKING SYSTEM TO THE MAYAGUEZ CBOC.,https://www.usaspending.gov/award/CONT_AWD_36C24825F0286_3600_GS35F0462X_4732
forms_workflow_case,sole_source,1,68883.52,Department of Veterans Affairs,FUJIFILM HEALTHCARE AMERICAS CORP,2025-07-30,2026-09-30 00:00:00,DA10,SYNAPSE SYNCHRONICITY WORKFLOW MANAGER INSTALLATION AND IMPLEMENTATION,https://www.usaspending.gov/award/CONT_AWD_36C24425P0523_3600_-NONE-_-NONE-
forms_workflow_case,sole_source,1,68188.4,Department of Veterans Affairs,COLOSSAL CONTRACTING LLC,2022-08-30,2026-09-14 00:00:00,DA10,CUSTOM WORKFLOW SOLUTION FOR PACKAGE TRACKING,https://www.usaspending.gov/award/CONT_AWD_36C26122P1695_3600_-NONE-_-NONE-
forms_workflow_case,sole_source,1,65000.0,National Institutes of Health,BLACKFORD ANALYSIS LIMITED,2024-12-30,2026-06-30 00:00:00,DH10,PROCUREMENT OF BLACKFORD PLATFORM MAINTENANCE AND SUPPORT,https://www.usaspending.gov/award/CONT_AWD_75N90025P00139_7529_-NONE-_-NONE-
forms_workflow_case,sole_source,1,61033.05,Food and Drug Administration,CCH INCORPORATED,2026-04-27,2031-08-31 00:00:00,DH10,ACQUIRE WOLTERS KLUWER VITALLAW LEGAL RESEARCH PLATFORM SUBSCRIPTION.,https://www.usaspending.gov/award/CONT_AWD_75F40126P00033_7524_-NONE-_-NONE-
forms_workflow_case,sole_source,1,53782.16,Department of Veterans Affairs,ALVAREZ LLC,2025-02-07,2026-03-31 00:00:00,DA01,VOCERA PLATFORM UPGRADE,https://www.usaspending.gov/award/CONT_AWD_36C24825F0090_3600_NNG15SD19B_8000
forms_workflow_case,sole_source,1,51573.75,Department of Veterans Affairs,"LUNIT AMERICAS, INC.",2025-07-02,2026-04-07 00:00:00,DA10,VOLPARA MAMMOGRAPHY TRACKING SYSTEM SUBSCRIPTION AND SERVICE MAINTENANCE AGREEMENT,https://www.usaspending.gov/award/CONT_AWD_36C26125P1189_3600_-NONE-_-NONE-
forms_workflow_case,sole_source,1,50000.0,Office of the Assistant Secretary for Financial Resources,PITCHBOOK DATA INC,2026-03-11,2027-03-11 00:00:00,7A21,PITCHBOOK PLATFORM SUBSCRIPTION SUPPORT SERVICES,https://www.usaspending.gov/award/CONT_AWD_7571MN26P00011_7571_-NONE-_-NONE-
forms_workflow_case,sole_source,1,49974.84,Indian Health Service,RANGE TELEPHONE COOPERATIVE INC,2024-07-11,2024-07-11 00:00:00,DD01,"APPROVAL TO RATIFY UAC FOR RANGE, $49,974.84, DOS 11/23 - 04/24",https://www.usaspending.gov/award/CONT_AWD_75H70924P00086_7527_-NONE-_-NONE-
forms_workflow_case,sole_source,,41502.75,Office of the Assistant Secretary for Financial Resources,"DUN & BRADSTREET, INC",2024-05-24,2029-05-31 00:00:00,DH10,ACCESS TO GLOBAL BUSINESS INFORMATION AND INSIGHTS VIA WEB-BASED PLATFORM D&B FINANCE ANALYTICS.,https://www.usaspending.gov/award/CONT_AWD_75F40124F19024_7524_75F40120D00005_7524
forms_workflow_case,sole_source,1,39312.0,Health Resources and Services Administration,"ORACLE AMERICA, INC",2024-08-29,2025-08-30 00:00:00,7A21,OIT- MAINT25 C 5535 - ORACLE INFINITY- USER ANALYTICS SAAS PLATFORM,https://www.usaspending.gov/award/CONT_AWD_75R60224P00023_7526_-NONE-_-NONE-
forms_workflow_case,sole_source,1,36906.8,Defense Health Agency,"CENSIS TECHNOLOGIES, INC.",2025-09-16,2030-09-30 00:00:00,DA10,"CENSIS SOFTWARE SUBSCRIPTION- INSTRUMENT AND STERILIZATION TRACKING SYSTEM FOR DEPARTMENT OF OPERATIVE SERVICES AT MADIGAN ARMY MEDICAL CENTER (MAMC) ON JOINT BASE LEWIS-MCCHORD (JBLM) IN TACOMA, WASHINGTON.",https://www.usaspending.gov/award/CONT_AWD_W81K0225FA140_9700_GS35F0462X_4732
forms_workflow_case,sole_source,1,35200.0,Centers for Disease Control and Prevention,"APPLIED MATHS, INC.",2024-09-26,2024-11-30 00:00:00,DA10,SOFTWARE DEVELOPMENT AND SUPPORT FOR CALICINET SOFTWARE PLATFORM,https://www.usaspending.gov/award/CONT_AWD_75D30124P20296_7523_-NONE-_-NONE-
forms_workflow_case,sole_source,,23040.0,Department of Veterans Affairs,DATA INNOVATIONS LLC,2026-04-21,2027-04-20 00:00:00,DA10,AUTO-VERIFICATION WORKFLOW,https://www.usaspending.gov/award/CONT_AWD_36C24526N0415_3600_36C24225A0019_3600
forms_workflow_case,sole_source,1,22000.0,Food and Drug Administration,TRADESPACE INC,2026-09-23,2030-09-29 00:00:00,DA10,OC - PLATFORM SUBSCRIPTION TO SUPPORT TECHNOLOGY TRANSFER PROGRAM COMMERCIAL ASSESSMENT LEADS,https://www.usaspending.gov/award/CONT_AWD_75F40126P00379_7524_-NONE-_-NONE-
inventory_asset_tracking,competed_one_bid,1,4468215.97,Department of Veterans Affairs,THUNDERYARD LIBERTY JV LLC,2024-06-13,2029-06-22 00:00:00,DA01,TRANSFORMATION TWENTY-ONE TOTAL TECHNOLOGY PROGRAM (T4NG) VISN 19 REAL TIME LOCATION SYSTEM ASSET TRACKING SUSTAINMENT,https://www.usaspending.gov/award/CONT_AWD_36C10B24N10360004_3600_36C10B21D1036_3600
inventory_asset_tracking,competed_one_bid,1,3022661.56,Department of Veterans Affairs,SDV OFFICE SYSTEMS LLC,2022-09-29,2025-03-31 00:00:00,DA10,PAR EXCELLENCE WEIGHT BASED INVENTORY SYSTEM,https://www.usaspending.gov/award/CONT_AWD_36C25922P1314_3600_-NONE-_-NONE-
inventory_asset_tracking,competed_one_bid,1,1695782.65,National Institutes of Health,TISTA SCIENCE AND TECHNOLOGY CORPORATION,2020-07-27,2022-06-30 00:00:00,D302,BASE PERIOD  (20-003774) IT PROJECT AND ASSET MANAGEMENT SUPPORT,https://www.usaspending.gov/award/CONT_AWD_75N95020F00120_7529_GS00Q17GWD2184_4732
inventory_asset_tracking,competed_one_bid,1,833387.23,Department of Veterans Affairs,AGILERANK LLC,2022-08-26,2026-04-25 00:00:00,DF10,REAL TIME LOCATION SYSTEM - ASSET TRACKING SOLUTION FOR DEPARTMENT OF VETERANS AFFAIRS CARIBBEAN HEALTHCARE SYSTEM,https://www.usaspending.gov/award/CONT_AWD_36C10A22C0016_3600_-NONE-_-NONE-
inventory_asset_tracking,competed_one_bid,1,43550.0,Office of the Assistant Secretary for Financial Resources,CLOUDSDS INC.,2023-06-21,2028-06-30 00:00:00,DH10,CLOUD-BASED MSDS CHEMICAL INVENTORY MANAGEMENT ZCCHC,https://www.usaspending.gov/award/CONT_AWD_75H70723P00169_7527_-NONE-_-NONE-
inventory_asset_tracking,competed_one_bid,1,39372.0,National Institutes of Health,THE REGENTS OF THE UNIVERSITY OF CALIFORNIA,2024-05-31,2029-05-31 00:00:00,7A21,HAZARDOUS CHEMICAL INVENTORY AND SDS SOFTWARE ANNUAL SUBSCRIPTION ONE-YEAR BASE PERIOD WITH 4 ONE-YEAR RENEWAL OPTIONS,https://www.usaspending.gov/award/CONT_AWD_75N93024P00686_7529_-NONE-_-NONE-
inventory_asset_tracking,sole_source,1,1485673.73,Department of Veterans Affairs,MARATHON MEDICAL CORPORATION,2020-09-03,2023-12-21 00:00:00,7010,AUTOMATED WEIGHT-BASED INVENTORY MANAGEMENT SYSTEM,https://www.usaspending.gov/award/CONT_AWD_36C24620P1467_3600_-NONE-_-NONE-
inventory_asset_tracking,sole_source,1,765623.0,Department of Veterans Affairs,"WAVEMARK, INC",2023-12-19,2028-11-13 00:00:00,DA01,"WAVEMARK INVENTORY MANAGEMENT SUPPORT AND MAINTENANCE FOR PUGET SOUND, BOISE AND PORTLAND VAMC'S",https://www.usaspending.gov/award/CONT_AWD_36C26024P0143_3600_-NONE-_-NONE-
inventory_asset_tracking,sole_source,1,406547.84,Department of Veterans Affairs,"PAR EXCELLENCE SYSTEMS, INC",2025-09-25,2026-09-24 00:00:00,DA01,WEIGHT BASED INVENTORY MANAGEMENT SYSTEM,https://www.usaspending.gov/award/CONT_AWD_36C10B25C0058_3600_-NONE-_-NONE-
inventory_asset_tracking,sole_source,1,335592.04,Department of Veterans Affairs,"COLEY & ASSOCIATES, INC",2020-08-31,2025-08-31 00:00:00,D301,DEVELOP ARCHITECTURAL DRAWINGS AND CREATE CAPITAL ASSET FACILITY MANAGEMENT (CAFM) / CAPITAL ASSET INVENTORY (CAI)/ VLOGIC SYSTEM.,https://www.usaspending.gov/award/CONT_AWD_36C24620P1405_3600_-NONE-_-NONE-
inventory_asset_tracking,sole_source,1,214781.0,Department of Veterans Affairs,"CHAMPION MEDICAL TECHNOLOGIES, INC",2025-02-01,2026-01-31 00:00:00,DA10,UDI RFID TRACKER PREMIUM SOFTWARE,https://www.usaspending.gov/award/CONT_AWD_36C26225P0615_3600_-NONE-_-NONE-
inventory_asset_tracking,sole_source,1,173733.72,Department of Veterans Affairs,"PAR EXCELLENCE SYSTEMS, INC",2025-09-17,2030-09-16 00:00:00,DA01,PAR EXCELLENCE WEIGHT BASED INVENTORY MANAGEMENT SUPPORT,https://www.usaspending.gov/award/CONT_AWD_36C10B25C0042_3600_-NONE-_-NONE-
inventory_asset_tracking,sole_source,1,50376.0,Indian Health Service,MORRIS SYSTEMS INCORPORATED,2024-11-12,2029-11-12 00:00:00,DA01,M-SYSTEMS INVENTORY MANAGEMENT SYSTEM LICENSES - CRSU,https://www.usaspending.gov/award/CONT_AWD_75H71225P00011_7527_-NONE-_-NONE-
inventory_asset_tracking,sole_source,1,38688.0,Indian Health Service,MORRIS SYSTEMS INCORPORATED,2024-12-09,2026-12-31 00:00:00,7A21,RENEWAL: MATERIAL MANAGEMENT SOFTWARE SYSTEM FOR GENERAL SERVICES FOR THE INVENTORY OF CRITICAL GOODS AND SERVICES.,https://www.usaspending.gov/award/CONT_AWD_75H71025P00155_7527_-NONE-_-NONE-
inventory_asset_tracking,sole_source,1,30720.0,Indian Health Service,SHI INTERNATIONAL CORP,2025-05-28,2030-05-27 00:00:00,DA10,SRSU - IT INVENTORY MANAGEMENT SUBSCRIPTION FOR IT DEPT,https://www.usaspending.gov/award/CONT_AWD_75H71025P00745_7527_-NONE-_-NONE-
inventory_asset_tracking,sole_source,1,28372.83,Department of Veterans Affairs,"PAR EXCELLENCE SYSTEMS, INC",2024-11-22,2029-12-01 00:00:00,DA10,WEIGHT-BASED INVENTORY MANAGEMENT SYSTEM SOFTWARE PM SERVICES,https://www.usaspending.gov/award/CONT_AWD_36C25725P0073_3600_-NONE-_-NONE-
inventory_asset_tracking,sole_source,1,27178.8,Indian Health Service,MORRIS SYSTEMS INCORPORATED,2020-05-20,2021-05-19 00:00:00,7030,FY20 INVENTORY SOFTWARE SYSTEM FOR GEN SERVICES,https://www.usaspending.gov/award/CONT_AWD_75H71020P00817_7527_-NONE-_-NONE-
inventory_asset_tracking,sole_source,1,24996.0,Office of the Assistant Secretary for Financial Resources,MORRIS SYSTEMS INCORPORATED,2026-09-25,2027-09-24 00:00:00,DA10,MORRIS SYSTEMS SUPPLY INVENTORY MANAGEMENT SYSTEM,https://www.usaspending.gov/award/CONT_AWD_7571TE26P00147_7571_-NONE-_-NONE-
inventory_asset_tracking,sole_source,1,24100.0,Department of Veterans Affairs,INVOTECH SYSTEMS INC,2022-11-01,2026-10-31 00:00:00,DA10,INVOTECH UHF RFID UNIFORM SYSTEM FOR GARMENT INVENTORY MANAGEMENT SERVICES.  BASE + 4OYC.,https://www.usaspending.gov/award/CONT_AWD_36C25023P0167_3600_-NONE-_-NONE-
meetings_media,competed_one_bid,1,2921927.74,Office of the Assistant Secretary for Administration,"KLC NETWORK SERVICES, INC.",2019-03-18,2023-07-31 00:00:00,D301,ROOM MANAGEMENT AUDIO VISUAL/INFORMATION (AV/IT) TECHNOLOGY SUPPORT,https://www.usaspending.gov/award/CONT_AWD_75P00119F80003_7570_GS06F1042Z_4732
meetings_media,competed_one_bid,1,1083150.35,Food and Drug Administration,VERSATECH INC,2022-09-14,2024-09-20 00:00:00,DF01,CDER AUDIO VISUAL/VIDEO-TELECONFERENCE SUPPORT SERVICES,https://www.usaspending.gov/award/CONT_AWD_75F40122F80379_7524_75N98119D00077_7529
meetings_media,sole_source,1,4882476.06,Office of the Assistant Secretary for Financial Resources,HERITAGE INTERIORS LLC,2023-07-14,2027-11-30 00:00:00,DE01,ROOM MANAGEMENT AUDIO VISUAL/INFORMATION (AV/IT) TECHNOLOGY SUPPORT  DAILY OPERATIONS,https://www.usaspending.gov/award/CONT_AWD_75P00123F37001_7570_75P00123A00010_7570
meetings_media,sole_source,,2148728.88,Food and Drug Administration,VERSATECH/IMPYRIAN TECHNOLOGY NETWORK LLC,2024-09-04,2029-09-21 00:00:00,DA01,CDER AUDIO VISUAL SUPPORT SERVICES,https://www.usaspending.gov/award/CONT_AWD_75F40124F19012_7524_75F40122D00024_7524
meetings_media,sole_source,,1888080.55,Food and Drug Administration,VERSATECH/IMPYRIAN TECHNOLOGY NETWORK LLC,2025-09-30,2026-09-29 00:00:00,DA01,AUDIO VISUAL (AV) TECHNICAL REFRESH FOR THE FDA EMERGENCY OPERATIONS CENTER (EOC),https://www.usaspending.gov/award/CONT_AWD_75F40125F19019_7524_75F40122D00024_7524
meetings_media,sole_source,1,1530862.21,National Institutes of Health,DIGITAL VIDEO GROUP INC,2022-09-28,2024-09-30 00:00:00,DA01,LISTER HILL CENTER AUDIOVISUAL RENOVATION,https://www.usaspending.gov/award/CONT_AWD_75N97022F00086_7529_GS03F0141W_4730
meetings_media,sole_source,,1295467.28,Food and Drug Administration,VERSATECH/IMPYRIAN TECHNOLOGY NETWORK LLC,2024-09-18,2025-09-30 00:00:00,DA01,"TO INSTALL AND TEST VIDEO TELECONFERENCE EQUIPMENT FOR AUDIO VISUAL SUPPORT, DESIGN, INSTALLATION AND EQUIPMENT/SYSTEM SERVICES.",https://www.usaspending.gov/award/CONT_AWD_75F40124F19014_7524_75F40122D00024_7524
meetings_media,sole_source,,784322.52,Office of Assistant Secretary for Preparedness and Response,EAGLE HARBOR SOLUTIONS LLC,2024-01-11,2025-09-29 00:00:00,DD01,AUDIO VISUAL SYSTEM OPERATIONS AND MAINTENANCE SUPPORT SERVICE,https://www.usaspending.gov/award/CONT_AWD_75A50224F62013_7505_75A50120D00025_7505
meetings_media,sole_source,1,686060.63,Defense Health Agency,"E2 OPTICS, LLC",2018-12-14,2020-07-15 00:00:00,7035,AUDIO VISUAL AND VIDEO TELECONFERENCING EQUIPMENT,https://www.usaspending.gov/award/CONT_AWD_HT001519C0001_9700_-NONE-_-NONE-
meetings_media,sole_source,,244261.3,Office of the Assistant Secretary for Financial Resources,VERSATECH/IMPYRIAN TECHNOLOGY NETWORK LLC,2025-08-01,2028-09-25 00:00:00,DA01,"AUDIO VISUAL SUPPORT, DESIGN, INSTALLATION AND EQUIPMENT/SYSTEM SERVICES",https://www.usaspending.gov/award/CONT_AWD_75F40125F19016_7524_75F40122D00024_7524
meetings_media,sole_source,1,78250.26,Defense Health Agency,ASSERTIVE MULTIMEDIA LLC,2024-09-30,2024-10-01 00:00:00,DE01,AUDIOVISUAL EQUIPMENT FOR AUDITORIUM,https://www.usaspending.gov/award/CONT_AWD_HT940624P0161_9700_-NONE-_-NONE-
meetings_media,sole_source,1,49991.44,National Institutes of Health,"PERSHING TECHNOLOGIES, LLC",2021-08-13,2022-05-12 00:00:00,DA01,"TO UPDATE THE AUDIOVISUAL AND LIGHTING SYSTEMS IN ORDER TO IMPROVE RELIABILITY, OVERALL QUALITY, AND OPERATIONAL EFFICIENCY.",https://www.usaspending.gov/award/CONT_AWD_75N97021F00095_7529_GS03F071GA_4732
meetings_media,sole_source,,49428.84,Food and Drug Administration,VERSATECH/IMPYRIAN TECHNOLOGY NETWORK LLC,2024-08-01,2025-09-27 00:00:00,DA01,"AUDIO VISUAL TECHNICAL, MAINTENANCE AND SUPPORT SERVICE EMERGENCY OPERATIONS CENTER",https://www.usaspending.gov/award/CONT_AWD_75F40124F19010_7524_75F40122D00024_7524
meetings_media,sole_source,1,47445.0,Centers for Medicare and Medicaid Services,UNIVERSAL MUSIC - MGB NA LLC,2018-09-11,2023-09-13 00:00:00,D317,TO ESTABLISH A REQUISITION FOR KILLER TRACKS MUSIC LIBRARY TO BE USED FOR VIDEO PRODUCTIONS.,https://www.usaspending.gov/award/CONT_AWD_75FCMC18P0038_7530_-NONE-_-NONE-
notification_comms,competed_one_bid,1,1469168.95,Department of Veterans Affairs,"THUNDERCAT TECHNOLOGY, LLC",2022-11-17,2029-12-02 00:00:00,7A21,PRAEDIALERT SAAS EO 14398,https://www.usaspending.gov/award/CONT_AWD_36C10B23F0028_3600_NNG15SD26B_8000
notification_comms,competed_one_bid,1,1178695.74,Indian Health Service,"DDC 4C, LLC",2024-12-30,2026-01-31 00:00:00,DG11,CONTRACTOR SHALL PROVIDE AND INSTALL NEW OVERHEAD PAGING SYSTEM AT THE GALLUP INDIAN MEDICAL CENTER AND TOHATCHI HEALTH CENTER.,https://www.usaspending.gov/award/CONT_AWD_75H71025P00223_7527_-NONE-_-NONE-
notification_comms,competed_one_bid,1,920578.93,Department of Veterans Affairs,"FOUR POINTS TECHNOLOGY, L.L.C.",2022-09-30,2027-09-29 00:00:00,DH10,HOSPITAL NOTIFICATION SYSTEM - ALTOONA VAMC,https://www.usaspending.gov/award/CONT_AWD_36C24422F0591_3600_NNG15SD22B_8000
notification_comms,competed_one_bid,1,629744.5,Department of Veterans Affairs,BEAR COMMUNICATIONS INC,2026-04-16,2027-04-16 00:00:00,DA10,PRISM PAGING SYSTEM,https://www.usaspending.gov/award/CONT_AWD_36C26026P0380_3600_-NONE-_-NONE-
notification_comms,competed_one_bid,1,338491.15,Office of the Assistant Secretary for Financial Resources,"AUGUST SCHELL ENTERPRISES, INC.",2023-09-30,2028-09-29 00:00:00,DA10,ZEROFOX SOCIAL MEDIA BRAND INTELLIGENCE SOFTWARE,https://www.usaspending.gov/award/CONT_AWD_75ACF123F80067_7590_NNG15SD80B_8000
notification_comms,competed_one_bid,1,82262.0,Defense Health Agency,RELIABLE GOVERNMENT SOLUTIONS INCORPORATED,2023-09-11,2028-09-29 00:00:00,DA10,ATHOC ALERTS NAS USER LICENSE,https://www.usaspending.gov/award/CONT_AWD_HT001423F0160_9700_GS35F0218V_4730
notification_comms,competed_one_bid,1,76492.2,Defense Health Agency,"EVERBRIDGE, INC.",2023-12-14,2026-12-23 00:00:00,DA01,MASS NOTIFICATION SYSTEM SERVICE,https://www.usaspending.gov/award/CONT_AWD_HT941024F0030_9700_GS35F0692P_4730
notification_comms,competed_one_bid,1,43251.17,Department of Veterans Affairs,"STANDARD-BLAZAR, LLC",2024-07-24,2025-07-23 00:00:00,DA01,SPOK CODE BLUE PAGING SYSTEM MAINTENANCE AND TECHNICAL SUPPORT,https://www.usaspending.gov/award/CONT_AWD_36C10B24F0219_3600_NNG15SD70B_8000
notification_comms,competed_one_bid,1,37511.32,Defense Health Agency,"EVERBRIDGE, INC.",2022-08-23,2026-09-29 00:00:00,DG10,MASS COMMUNICATION SYSTEM W/ 3 OPTION YEARS,https://www.usaspending.gov/award/CONT_AWD_N0025922F0208_9700_GS35F0692P_4730
notification_comms,competed_one_bid,1,35313.24,Defense Health Agency,RELIABLE GOVERNMENT SOLUTIONS INCORPORATED,2023-04-20,2028-06-30 00:00:00,DA10,ATHOC ALERTS USER LICENSE - MASS NOTIFICATION SYSTEM,https://www.usaspending.gov/award/CONT_AWD_HT940623F0062_9700_GS35F0218V_4730
notification_comms,competed_one_bid,1,32000.0,Department of Veterans Affairs,FEDSTORE CORPORATION,2024-05-22,2025-06-11 00:00:00,DH01,PAGING SYSTEM MAINT.,https://www.usaspending.gov/award/CONT_AWD_36C26024F0398_3600_NNG15SD21B_8000
notification_comms,competed_one_bid,1,29698.18,Department of Veterans Affairs,"REDHAWK IT SOLUTIONS, LLC",2024-02-02,2025-02-01 00:00:00,DE02,ACCESS 3000 PAGING SYSTEM MAINTENANCE AND SUPPORT,https://www.usaspending.gov/award/CONT_AWD_36C10B24F0062_3600_NNG15SD38B_8000
notification_comms,competed_one_bid,1,27884.76,Indian Health Service,"SYNERGY GROUP JV, LLC",2025-09-26,2026-07-31 00:00:00,DA10,"FIRM FIXED-PRICE, NON-PERSONAL SERVICE TYPE, COMMERCIAL ITEM, DELIVERY/TASK ORDER TO PROVIDE INFORMACAST ADVANCED NOTIFICATION ENTERPRISE SOFTWARE AND MAINTENANCE RENEWAL FOR THE GREAT PLAINS AREA (GPA), OFFICE OF INFORMATION TECHNOLOGY (OIT), ABERDE",https://www.usaspending.gov/award/CONT_AWD_75H70625F80062_7527_HHSN316201500036W_7529
notification_comms,competed_one_bid,1,25764.26,Indian Health Service,"KAIVA SERVICES, LLC",2024-04-04,2024-12-31 00:00:00,DE02,CSU - FY2024 - CH IRM - PRIORITY A - BUYER BENNETT ARVESSTO - 2024 CHC IT HANDHELD PAGING,https://www.usaspending.gov/award/CONT_AWD_75H71024P00777_7527_-NONE-_-NONE-
notification_comms,sole_source,1,306669.22,Department of Veterans Affairs,STANDARD COMMUNICATIONS INC,2025-08-20,2030-08-31 00:00:00,DF10,HOSPITAL PAGING SYSTEM,https://www.usaspending.gov/award/CONT_AWD_36C24825P1864_3600_-NONE-_-NONE-
notification_comms,sole_source,1,249737.76,Indian Health Service,"SYNERGY GROUP JV, LLC",2023-09-19,2025-03-14 00:00:00,DC01,"FIRM FIXED-PRICE, COMMERCIAL ITEM, NON-PERSONAL SERVICE TYPE, PURCHASE ORDER TO PROVIDE AN OVERHEAD PAGING & PHONE INSTALLATION FOR THE GREAT PLAINS AREA REGIONAL DRUG DEPENDENCY UNIT (DDU), WINNEBAGO, NE. PERIOD OF PERFORMANCE: 09/20/2023-9/19/2024.",https://www.usaspending.gov/award/CONT_AWD_75H70623F80113_7527_HHSN316201500036W_7529
notification_comms,sole_source,1,248782.78,Defense Health Agency,"EVERBRIDGE, INC.",2023-09-11,2026-09-11 00:00:00,DF01,MASS NOTIFICATION PRO 13,https://www.usaspending.gov/award/CONT_AWD_HT001423F0163_9700_GS35F0692P_4730
notification_comms,sole_source,1,246000.0,Centers for Medicare and Medicaid Services,STRYDER CORP,2024-09-16,2026-09-24 00:00:00,7A21,"HANDSHAKE; PROJECT 009260-TARGETED RECRUITMENT  1 EA $112,000 THE VENDOR SERVICES WILL PROVIDE CMS WITH ACCESS TO SOCIAL MEDIA FOR RECRUITING, HIRING, AND NEW EMPLOYER BRANDING SOLUTIONS. THIS WILL FACILITATE ACTIVE ENGAGEMENT WITH KEY TALENT SEGMENT",https://www.usaspending.gov/award/CONT_AWD_75FCMC24P0034_7530_-NONE-_-NONE-
notification_comms,sole_source,1,177222.0,Centers for Disease Control and Prevention,MELTWATER NEWS US INC,2020-06-11,2022-08-08 00:00:00,D317,SOCIAL MEDIA MONITORING SUBSCRIPTION,https://www.usaspending.gov/award/CONT_AWD_75D30120P08437_7523_-NONE-_-NONE-
notification_comms,sole_source,1,151862.82,Indian Health Service,"SELECTPATH HOLDING, INC",2023-05-31,2025-11-30 00:00:00,DG10,PAGING AIRTIME SERVICES FOR THE MIS DEPARTMENT AT THE NORTHERN NAVAJO MEDICAL CENTER,https://www.usaspending.gov/award/CONT_AWD_75H71023P01191_7527_-NONE-_-NONE-
notification_comms,sole_source,1,142355.85,Department of Veterans Affairs,"TURN-KEY TECHNOLOGIES, INC.",2021-10-01,2026-09-30 00:00:00,DE02,WIRELESS PAGING PM SERVICES,https://www.usaspending.gov/award/CONT_AWD_36C25822F0019_3600_GS35F0644P_4730
notification_comms,sole_source,1,107372.37,Department of Veterans Affairs,PAYTON MERGER SUB II LLC,2026-07-28,2031-08-04 00:00:00,DE01,AUDIOCARE TEXT MESSAGE SOFTWARE,https://www.usaspending.gov/award/CONT_AWD_36C10B26F0251_3600_47QTCA22D00CM_4732
notification_comms,sole_source,1,95700.0,Department of Veterans Affairs,"IWA TECHNICAL SERVICES, INC",2021-04-30,2026-04-30 00:00:00,DF01,CODE BLUE PAGING SYSTEM MAINTENANCE,https://www.usaspending.gov/award/CONT_AWD_36C25221P0760_3600_-NONE-_-NONE-
notification_comms,sole_source,1,71000.0,Department of Veterans Affairs,ALERTUS TECHNOLOGIES LLC,2021-10-01,2026-09-30 00:00:00,DJ10,MASS EMERGENCY NOTIFICATION SYSTEM SOFTWARE & SUPPORT,https://www.usaspending.gov/award/CONT_AWD_36C24522C0010_3600_-NONE-_-NONE-
notification_comms,sole_source,1,65465.61,Indian Health Service,"SELECTPATH HOLDING, INC",2022-12-21,2024-09-30 00:00:00,DE11,PAGING SYSTEM,https://www.usaspending.gov/award/CONT_AWD_75H71023P00281_7527_-NONE-_-NONE-
notification_comms,sole_source,1,57315.73,Department of Veterans Affairs,"TURN-KEY TECHNOLOGIES, INC.",2020-12-03,2026-05-31 00:00:00,DE11,CODE BLUE SHORT RANGE PAGING SYSTEM MAINTENANCE,https://www.usaspending.gov/award/CONT_AWD_36C25221P0209_3600_-NONE-_-NONE-
notification_comms,sole_source,1,55944.0,Department of Veterans Affairs,AXIOM CORPORATION,2022-03-29,2025-03-24 00:00:00,DA10,QUICKSERIES APP EMERGENCY WEATHER ALERT SERVICES,https://www.usaspending.gov/award/CONT_AWD_36C24722P0600_3600_-NONE-_-NONE-
notification_comms,sole_source,1,52350.36,Indian Health Service,"SELECTPATH HOLDING, INC",2024-04-16,2025-04-30 00:00:00,DE11,PAGING SERVICES FOR IT DEPARTMENT AT GIMC.,https://www.usaspending.gov/award/CONT_AWD_75H71024P00745_7527_-NONE-_-NONE-
notification_comms,sole_source,1,47126.52,Indian Health Service,"SELECTPATH HOLDING, INC",2020-12-31,2025-02-12 00:00:00,DH10,LEASING OF PAGING SYSTEMS,https://www.usaspending.gov/award/CONT_AWD_75H71021P00497_7527_-NONE-_-NONE-
notification_comms,sole_source,1,47126.52,Indian Health Service,"SELECTPATH HOLDING, INC",2019-12-09,2020-12-31 00:00:00,D304,20-GIMC-IT PAGING SOLUTION SERVICES VENDOR  SELECTPATH,https://www.usaspending.gov/award/CONT_AWD_75H71020P00216_7527_-NONE-_-NONE-
notification_comms,sole_source,1,44600.0,Defense Health Agency,LIVEPROCESS CORP,2023-04-04,2028-04-24 00:00:00,DA10,SUBSCRIPTION TO ACCESS THE LIVEPROCESS EMERGENCY MANAGEMENT NOTIFICATION SYSTEM,https://www.usaspending.gov/award/CONT_AWD_HT940623F0045_9700_GS35F0104U_4730
notification_comms,sole_source,1,23991.0,National Institutes of Health,"THE MATHWORKS, INC.",2024-07-24,2025-09-29 00:00:00,DC01,"THIS FIRM FIXED PRICE PURCHASE ORDER IS AWARDED FOR CAMPUS WIDE SUITE (CWSSMS) SOFTWARE MAINTENANCE SERVICE TO MATHWORKS INC:1110157 IN THE AMOUNT OF $23,991.00.  QUOTE# 13505216",https://www.usaspending.gov/award/CONT_AWD_75N94024P00453_7529_-NONE-_-NONE-
notification_comms,sole_source,1,22281.24,Indian Health Service,"SELECTPATH HOLDING, INC",2025-04-30,2026-04-30 00:00:00,DE11,PAGING SERVICES LEASE - GIMC IT DEPARTMENT,https://www.usaspending.gov/award/CONT_AWD_75H71025P00710_7527_-NONE-_-NONE-
notification_comms,sole_source,1,22100.0,Office of the Assistant Secretary for Administration,SWN COMMUNICATIONS INC.,2013-09-23,2023-11-29 00:00:00,D304,IGF::CT::IGF SEND WORD NOW ON DEMAND EMERGENCY NOTIFICATION SYSTEM FOR THE OFFICE FOR FACILITIES MANAGEMENT AND POLICY,https://www.usaspending.gov/award/CONT_AWD_HHSP233201300151A_7555_-NONE-_-NONE-
research_data_tools,competed_one_bid,1,3282218.46,Department of Veterans Affairs,EBSCO INDUSTRIES INC,2021-02-17,2023-02-16 00:00:00,DG10,LIBRARY SUBSCRIPTIONS IDIQ APA MENTAL HEALTH DATABASES JOURNALS,https://www.usaspending.gov/award/CONT_AWD_36C77621N1358_3600_36C77621D0004_3600
research_data_tools,competed_one_bid,1,1521227.46,Office of the Assistant Secretary for Administration,RELX INC.,2016-05-02,2021-05-01 00:00:00,D317,IGF::OT::IGF ELECTRONIC LEGAL DATABASE SERVICE FOR THE OFFICE OF THE GENERAL COUNSEL (OGC) LAW LIBRARY,https://www.usaspending.gov/award/CONT_AWD_HHSP233201600155G_7570_GS02F0048M_4730
research_data_tools,competed_one_bid,1,622559.88,Department of Veterans Affairs,CHOISYS TECHNOLOGY INC.,2024-07-05,2029-07-14 00:00:00,DE01,WIRELESS DIGITAL VIDEO MESSAGING SYSTEM SERVICE FOR CINCINNATI VAMC WITH MEDICAL MULTI-MEDIA LIBRARY,https://www.usaspending.gov/award/CONT_AWD_36C25024P2280_3600_-NONE-_-NONE-
research_data_tools,competed_one_bid,1,215981.94,Defense Health Agency,"EBSCO INFORMATION SERVICES, LLC",2023-02-28,2026-02-28 00:00:00,DH10,"DATABASE SUBSCRIPTION SERVICES FOR THE MEDICAL LIBRARY AT TRIPLER ARMY MEDICAL CENTER, HAWAII",https://www.usaspending.gov/award/CONT_AWD_W81K0223P0044_9700_-NONE-_-NONE-
research_data_tools,competed_one_bid,1,132715.0,Food and Drug Administration,CCH INCORPORATED,2015-06-30,2019-06-30 00:00:00,D317,IGF::OT::IGF MEDIREGS DATABASE/WEB-BASED LIBRARY ACCESS - AGENCY-WIDE SITE LICENSE FOR 4000 USERS.,https://www.usaspending.gov/award/CONT_AWD_HHSF223201510253G_7524_GS02F0352D_4730
research_data_tools,competed_one_bid,1,72270.0,Department of Veterans Affairs,"J.E. FEDERAL ENTERPRISES, LLC.",2026-02-24,2026-08-17 00:00:00,DA10,B+2 YEAR MICROMEDEX REDBOOK ONLINE PHARMACEUTICAL KNOWLEDGE/PRICING DATABASE JOURNAL SUBSCRIPTION FOR THE VISN 1 KNOWLEDGE INFORMATION LIBRARY,https://www.usaspending.gov/award/CONT_AWD_36C24126P0236_3600_-NONE-_-NONE-
research_data_tools,sole_source,1,5038211.32,Centers for Medicare and Medicaid Services,IADEPTIVE TECHNOLOGIES LLC,2024-02-14,2026-06-19 00:00:00,DA01,"THE OFFICE OF ACQUISITION AND GRANTS MANAGEMENT (OAGM) IS CURRENTLY REPLACING ITS LEGACY CONTRACT REPORTING SYSTEM VIA THE CMS ACQUISITION LIFECYCLE MODERNIZATION (CALM) EFFORT.  OAGM REQUIRES ASSISTANCE WITH DATA MANAGEMENT, REPORTING AND ANALYTICS",https://www.usaspending.gov/award/CONT_AWD_75FCMC24F0038_7530_47QTCA23D004R_4732
research_data_tools,sole_source,1,4726400.0,Department of Veterans Affairs,R.S. MEANS COMPANY LLC,2024-02-02,2027-02-14 00:00:00,DA10,RS MEANS DATA ONLINE COMPLETE PLUS FULL LIBRARY AND SOFTWARE UPDATES,https://www.usaspending.gov/award/CONT_AWD_36C10B24C0006_3600_-NONE-_-NONE-
research_data_tools,sole_source,1,3999973.0,Office of the Assistant Secretary for Administration,"UNITED SOLUTIONS, LLC",2018-09-19,2020-12-27 00:00:00,D308,REINVENT GRANTS MANAGEMENT CONTRACT,https://www.usaspending.gov/award/CONT_AWD_75P00118F00301_7570_GS00Q17GWD2190_4732
research_data_tools,sole_source,1,2424348.29,Centers for Medicare and Medicaid Services,"NGUYEN INFORMATION CONSULTING, INC.",2020-09-11,2022-05-15 00:00:00,D399,MAINTENANCE AND OVERSIGHT OF THE SUPPORT OF THE CMS DATA ELEMENT LIBRARY (DEL),https://www.usaspending.gov/award/CONT_AWD_75FCMC20F0107_7530_GS35F0075W_4730
research_data_tools,sole_source,1,2212975.0,Office of the Assistant Secretary for Administration,RELX INC.,2021-04-30,2026-05-01 00:00:00,DA10,"THE U.S. DEPARTMENT OF HEALTH AND HUMAN SERVICES (HHS), OFFICE OF THE GENERAL COUNSEL (OGC) LAW LIBRARY IS RESPONSIBLE FOR THE COORDINATION AND CONSOLIDATION OF LEGAL INFORMATION RESOURCES AND RESEARCH SERVICES, IN ANY FORMAT, FOR USE BY HHS/OGC ATTO",https://www.usaspending.gov/award/CONT_AWD_75P00121F80096_7570_GS02F0048M_4730
research_data_tools,sole_source,1,1815000.0,Centers for Medicare and Medicaid Services,HUMANIT SOLUTIONS LLC,2023-03-31,2023-10-26 00:00:00,DA01,THE CMS OFFICE OF ACQUISITION AND GRANTS MANAGEMENT (OAGM) IS THE CONTRACTING ORGANIZATION FOR CMS. THE CONTRACTING ORGANIZATION NEEDS TO IMPROVE ITS TIMELINESS AND TRANSPARENCY TO MEET THE DEMAND FOR CONTRACT THROUGHPUT AND PROCUREMENT MANAGEMENT AC,https://www.usaspending.gov/award/CONT_AWD_75FCMC23F0039_7530_47QTCA18D001B_4732
research_data_tools,sole_source,1,855871.83,Department of Veterans Affairs,EBSCO INDUSTRIES INC,2021-02-26,2025-12-30 00:00:00,DG10,BATE'S SUBSCRIPTION  TASK ORDER OFF OF THE LIBRARY SUBSCRIPTIONS IDIQ,https://www.usaspending.gov/award/CONT_AWD_36C77621N1488_3600_36C77621D0004_3600
research_data_tools,sole_source,1,637425.0,Office of the Assistant Secretary for Administration,"BLOOMBERG INDUSTRY GROUP, INC.",2021-06-22,2026-06-30 00:00:00,DA10,"THE HHS/OGC LAW LIBRARY IS SEEKING TO PROCURE THE BLOOMBERG LAW ELECTRONIC LEGAL DATABASE SERVICE FOR A BASE PERIOD, PLUS FOUR (4) OPTION YEARS, AT A FIRM-FIXED PRICE AND INVOICED IN ANNUAL INSTALLMENTS.",https://www.usaspending.gov/award/CONT_AWD_75P00121P00086_7570_-NONE-_-NONE-
research_data_tools,sole_source,1,558876.0,Centers for Disease Control and Prevention,OPENCLINICA LLC,2024-04-23,2025-10-31 00:00:00,DH10,OPENCLINICA TRIAL DATA MANAGEMENT SYSTEM,https://www.usaspending.gov/award/CONT_AWD_75D30124P18668_7523_-NONE-_-NONE-
research_data_tools,sole_source,1,249919.75,Centers for Disease Control and Prevention,MERP SYSTEMS INC,2023-09-07,2024-09-29 00:00:00,DA01,TRANSITION TO REDCAPS,https://www.usaspending.gov/award/CONT_AWD_75D30123P17918_7523_-NONE-_-NONE-
research_data_tools,sole_source,1,125184.16,Defense Health Agency,"OCLC, INC",2020-09-21,2025-09-29 00:00:00,7030,ANNUAL ONLINE MAGAZINES SUBSCRIPTION FOR THE USHUS LIBRARY.,https://www.usaspending.gov/award/CONT_AWD_HT001420P0246_9700_-NONE-_-NONE-
research_data_tools,sole_source,1,97647.0,Department of Veterans Affairs,"ABBOTT RAPID DIAGNOSTICS INFORMATICS, INC",2026-08-31,2031-08-31 00:00:00,DA10,DATA MANAGEMENT SYSTEMS,https://www.usaspending.gov/award/CONT_AWD_36C25926C0080_3600_-NONE-_-NONE-
research_data_tools,sole_source,,72077.74,Department of Veterans Affairs,"ABBOTT RAPID DIAGNOSTICS INFORMATICS, INC",2022-10-01,2023-09-30 00:00:00,DC10,RALS DATA MANAGEMENT SYSTEM FOR ALL VISN1 LAB POC INSTRUMENTS,https://www.usaspending.gov/award/CONT_AWD_36C24123N0001_3600_36C24120D0001_3600
research_data_tools,sole_source,,42147.67,National Institutes of Health,"OCLC, INC",2024-09-26,2025-08-31 00:00:00,DA10,DOCUMENT DELIVERY AND INTERLIBRARY LOAN REQUEST MANAGEMENT SYSTEM,https://www.usaspending.gov/award/CONT_AWD_75N97024F00107_7529_LCFDL16C0024_0300
research_data_tools,sole_source,1,32170.07,Department of Veterans Affairs,"WOLTERS KLUWER HEALTH, INC.",2025-10-06,2030-10-06 00:00:00,7A21,LIPPINCOTT NURSING LIBRARY SUBSCRIPTIONS,https://www.usaspending.gov/award/CONT_AWD_36C24826P0036_3600_-NONE-_-NONE-
research_data_tools,sole_source,1,30873.02,Department of Veterans Affairs,ELSEVIER INC.,2026-03-30,2026-08-17 00:00:00,DA10,B+3 YEAR ELSEVIER EMBASE BIOMEDICAL/PHARMACOLOGICAL ONLINE JOURNAL SUBSCRIPTION FOR VISN 1 KNOWLEDGE INFORMATION LIBRARY SYSTEM BASE YR 03/30/26-03/29/27,https://www.usaspending.gov/award/CONT_AWD_36C24126P0341_3600_-NONE-_-NONE-
scheduling_booking,competed_one_bid,1,8299915.84,Centers for Medicare and Medicaid Services,CARAHSOFT TECHNOLOGY CORP,2020-09-24,2023-09-24 00:00:00,D318,TO OBTAIN RED HAT PROFESSIONAL SERVICES TO HELP MITG IMPLEMENT THE RED HAT OPENSHIFT CONTAINER PLATFORM WITHIN THE FEDERALLY FACILITATED MARKETPLACE.,https://www.usaspending.gov/award/CONT_AWD_75FCMC20F0098_7530_NNG15SC03B_8000
scheduling_booking,competed_one_bid,1,2524478.37,Office of Assistant Secretary for Preparedness and Response,ATT MOBILITY LLC,2019-03-26,2024-03-29 00:00:00,D399,"THE CONTRACTOR SHALL PROVIDE THE GOVERNMENT WITH ALL THE NECESSARY RESOURCES, PERSONNEL AND SERVICES REQUIRED TO PROVIDE THE FY2019 FIRSTNET MOBILE DEVICES AND COMMUNICATION SERVICES.  THESE SERVICES ARE IN SUPPORT OF THE U.S. DEPARTMENT OF HEALTH AND HUMAN SERVICES (HHS), OFFICE OF THE ASSISTANT SECRETARY FOR PREPAREDNESS AND RESPONSE (ASPR), OFFICE OF INFORMATION TECHNOLOGY SERVICES DIVISION (ITSD) STAFF.ALL DEVICES AND SERVICES SHALL BE PROVIDED AS DESCRIBED HEREIN AND IN ACCORDANCE WITH THE CONTRACTOR'S GSA SCHEDULE CONTRACT, GS-35F-0297K, THE GOVERNMENT STATEMENT OF WORK, DATED, DECEMBER 14, 2018, AND THE CONTRACTOR'S PROPOSAL DATED, MARCH 18, 2019.",https://www.usaspending.gov/award/CONT_AWD_75A50119F80003_7505_GS35F0297K_4730
scheduling_booking,competed_one_bid,1,1467871.42,Department of Veterans Affairs,ALVAREZ LLC,2025-07-01,2030-06-30 00:00:00,DA10,"PUGET SOUND VA MEDICAL CENTER, SEATTLE, WASHINGTON. VLOGIC SOFTWARE ROOM SCHEDULING SERVICES, NASA SEWP TASK ORDER AWARD.",https://www.usaspending.gov/award/CONT_AWD_36C26025F0316_3600_NNG15SD19B_8000
scheduling_booking,competed_one_bid,1,628780.39,Defense Health Agency,BLUE TECH INC.,2023-09-21,2026-09-29 00:00:00,DC10,QGENDA-ADVANCED PHYSICIAN SCHEDULING LICENSES,https://www.usaspending.gov/award/CONT_AWD_HT940823F0115_9700_NNG15SD00B_8000
scheduling_booking,competed_one_bid,1,399160.0,Department of Veterans Affairs,ACUSTAF DEVELOPMENT CORP,2021-02-25,2026-04-30 00:00:00,DA10,NURSE STAFF SCHEDULING SYSTEM & IMPLEMENTATION SOFTWARE SERVICE 100% VOSB SET-ASIDE,https://www.usaspending.gov/award/CONT_AWD_36C24521F0249_3600_GS35F0408X_4732
scheduling_booking,competed_one_bid,1,359174.84,Department of Veterans Affairs,"GOVERNMENT MARKETING AND PROCUREMENT, LLC",2026-05-26,2031-06-30 00:00:00,DA10,QGENDA CLINICIAN SCHEDULING SYSTEM (FEDRAMP) B+4OYS,https://www.usaspending.gov/award/CONT_AWD_36C26226F0273_3600_GS07F187GA_4732
scheduling_booking,competed_one_bid,1,350496.06,Department of Veterans Affairs,ACUSTAF DEVELOPMENT CORP,2024-01-11,2027-04-27 00:00:00,DA10,STAFF SCHEDULING/LABOR MANAGEMENT SYSTEM,https://www.usaspending.gov/award/CONT_AWD_36C25724F0056_3600_GS35F0408X_4732
scheduling_booking,competed_one_bid,1,277872.6,Department of Veterans Affairs,"GOVERNMENT MARKETING AND PROCUREMENT, LLC",2024-01-01,2025-12-31 00:00:00,DA10,QGENDA ON CALL SCHEDULING SERVICES,https://www.usaspending.gov/award/CONT_AWD_36C24624P0468_3600_-NONE-_-NONE-
scheduling_booking,competed_one_bid,1,258491.57,Department of Veterans Affairs,"GOVERNMENT MARKETING AND PROCUREMENT, LLC",2022-08-12,2027-08-31 00:00:00,DA10,QGENDA PHYSICIAN SCHEDULING SOFTWARE,https://www.usaspending.gov/award/CONT_AWD_36C26222F0526_3600_GS35F0858N_4730
scheduling_booking,competed_one_bid,1,207218.76,Department of Veterans Affairs,"GOVERNMENT MARKETING AND PROCUREMENT, LLC",2025-08-06,2030-08-05 00:00:00,DA01,QGENDA SCHEDULING SOFTWARE,https://www.usaspending.gov/award/CONT_AWD_36C10B25F0209_3600_GS07F187GA_4732
scheduling_booking,competed_one_bid,1,179069.52,National Institutes of Health,"NETCOMM, INC.",2023-10-30,2024-10-31 00:00:00,DA10,"THIS FIRM FIXED PRICE TASK /DELIVERY/ PURCHASE ORDER IS AWARDED IN ACCORDANCE WITH FAR 8.405 ORDERING AND, PURSUANT TO GSA SCHEDULE # GS-35F-0564P FOR BEACON CLOUD FEDRAMP- FINANCE AND HR MODULES TO NETCOMM INC:1108018 IN THE AMOUNT OF $179,069.52.",https://www.usaspending.gov/award/CONT_AWD_75N94024F00008_7529_GS35F0564P_4730
scheduling_booking,competed_one_bid,1,91770.38,Department of Veterans Affairs,"GOVERNMENT MARKETING AND PROCUREMENT, LLC",2023-03-08,2028-03-19 00:00:00,DA10,QGENDA SCHEDULING,https://www.usaspending.gov/award/CONT_AWD_36C24523F0334_3600_GS07F187GA_4732
scheduling_booking,competed_one_bid,1,70762.88,Department of Veterans Affairs,"V3GATE, LLC",2024-07-31,2025-07-31 00:00:00,DA10,RED HAT OPENSHIFT SOFTWARE LICENSES AND MAINTENANCE,https://www.usaspending.gov/award/CONT_AWD_36C10A24F0054_3600_NNG15SD27B_8000
scheduling_booking,competed_one_bid,1,66383.06,Department of Veterans Affairs,"GOVERNMENT MARKETING AND PROCUREMENT, LLC",2024-06-26,2029-08-31 00:00:00,DH10,QGENDA SCHEDULING SOFTWARE,https://www.usaspending.gov/award/CONT_AWD_36C24724F0477_3600_GS07F187GA_4732
scheduling_booking,competed_one_bid,1,64107.85,Department of Veterans Affairs,"GOVERNMENT MARKETING AND PROCUREMENT, LLC",2025-02-10,2028-02-07 00:00:00,DA10,QGENDA SCHEDULING SW,https://www.usaspending.gov/award/CONT_AWD_36C24625F0072_3600_GS07F187GA_4732
scheduling_booking,competed_one_bid,1,47126.52,Indian Health Service,"SELECTPATH HOLDING, INC",2019-04-04,2019-12-31 00:00:00,D304,TO PROVIDE THE LEASING OF THE PAGING SYSTEMS FOR GIMC FOR CALENDAR YEAR 2019.,https://www.usaspending.gov/award/CONT_AWD_75H71019P00519_7527_-NONE-_-NONE-
scheduling_booking,competed_one_bid,1,45408.02,Department of Veterans Affairs,"GOVERNMENT MARKETING AND PROCUREMENT, LLC",2026-09-01,2031-08-31 00:00:00,DA10,QGENDA SCHEDULING SOFTWARE & LICENSES,https://www.usaspending.gov/award/CONT_AWD_36C26226F0403_3600_GS07F187GA_4732
scheduling_booking,competed_one_bid,1,38496.79,National Institutes of Health,FSR CONSULTING LLC,2023-11-15,2024-10-31 00:00:00,7A21,24-002138 THE NHLBI SERVICE DESK REQUIRES RENEWAL OF ITS AGILQUEST SOFTWARE SUBSCRIPTION IN ORDER TO CONTINUE TO MAKE AVAILABLE THIS ROOM MANAGEMENT SOFTWARE WHICH ENABLES STAFF TO PERFORM CONFERENCE ROOM SCHEDULING.,https://www.usaspending.gov/award/CONT_AWD_75N92024F00014_7529_47QTCA21D008L_4732
scheduling_booking,competed_one_bid,1,23246.48,Department of Veterans Affairs,"GOVERNMENT MARKETING AND PROCUREMENT, LLC",2023-04-05,2027-05-31 00:00:00,DA10,QGENDA SCHEDULING SOFTWARE,https://www.usaspending.gov/award/CONT_AWD_36C24123F0172_3600_GS07F187GA_4732
scheduling_booking,sole_source,1,4294212.71,National Institutes of Health,"ALAMO CITY ENGINEERING SERVICES, INC.",2019-09-04,2025-03-25 00:00:00,7030,"ALAMO CITY ENGINEERING SERVICES INC:1140292 [19-001394]THIS AWARD TO ALAMO CITY ENGINEERING SERVICES, INC. IS TO PURCHASE IDEATION SOFTWARE IN ACCORDANCE WITH FAR 8.405 (ORDERING PROCEDURES FOR FEDERAL SUPPLY SCHEDULES). THE AWARD FEATURES ONE (1",https://www.usaspending.gov/award/CONT_AWD_75N97019F00163_7529_GS35F0598S_4730
scheduling_booking,sole_source,1,2550133.65,Food and Drug Administration,AGILISTEK LLC,2022-09-23,2023-09-25 00:00:00,DA01,FDA FOREIGN INSPECTION PLANNING AND SCHEDULING SYSTEM (FIPSS) PHASE 3,https://www.usaspending.gov/award/CONT_AWD_75F40122F80425_7524_47QTCB22D0090_4732
scheduling_booking,sole_source,1,2180105.61,Food and Drug Administration,AGILISTEK LLC,2024-08-07,2029-08-07 00:00:00,DF01,FOREIGN INSPECTION PLANNING AND SCHEDULING SYSTEM (FIPSS),https://www.usaspending.gov/award/CONT_AWD_75F40124F80233_7524_47QTCB22D0090_4732
scheduling_booking,sole_source,1,1960158.65,Food and Drug Administration,AGILISTEK LLC,2023-09-25,2024-09-25 00:00:00,DA01,FDA FOREIGN INSPECTION PLANNING AND SCHEDULING SYSTEM (FIPSS) PHASE 4,https://www.usaspending.gov/award/CONT_AWD_75F40123F80397_7524_47QTCB22D0090_4732
scheduling_booking,sole_source,1,1025195.89,Department of Veterans Affairs,"GOVERNMENT MARKETING AND PROCUREMENT, LLC",2025-02-04,2027-12-14 00:00:00,DA10,THIS IS A SCHEDULING SOFTWARE SERVICE PROVIDED TO MEDICAL PROFESSIONALS.,https://www.usaspending.gov/award/CONT_AWD_36C10A25F0007_3600_GS07F187GA_4732
scheduling_booking,sole_source,1,686709.2,Indian Health Service,"GOVERNMENT MARKETING AND PROCUREMENT, LLC",2025-07-15,2027-09-27 00:00:00,7A21,SCHEDULING SERVICES AT PHOENIX INDIAN MEDICAL CENTER,https://www.usaspending.gov/award/CONT_AWD_75H71225F80059_7527_GS07F187GA_4732
scheduling_booking,sole_source,1,503212.32,Department of Veterans Affairs,"GOVERNMENT MARKETING AND PROCUREMENT, LLC",2021-09-02,2026-06-13 00:00:00,DA10,QGENDA SCHEDULING SYSTEM,https://www.usaspending.gov/award/CONT_AWD_36C24721P1354_3600_-NONE-_-NONE-
scheduling_booking,sole_source,1,456793.66,Department of Veterans Affairs,"GOVERNMENT MARKETING AND PROCUREMENT, LLC",2021-02-11,2026-02-13 00:00:00,DA10,ON CALL SCHEDULING,https://www.usaspending.gov/award/CONT_AWD_36C24421N0318_3600_GS35F0858N_4730
scheduling_booking,sole_source,1,347709.9,Department of Veterans Affairs,"GOVERNMENT MARKETING AND PROCUREMENT, LLC",2025-09-12,2028-09-14 00:00:00,DA10,QGENDA SCHEDULING SOFTWARE,https://www.usaspending.gov/award/CONT_AWD_36C10B25F0270_3600_GS07F187GA_4732
scheduling_booking,sole_source,1,302383.12,Indian Health Service,"GOVERNMENT MARKETING AND PROCUREMENT, LLC",2025-03-27,2028-03-30 00:00:00,7A21,SCHEDULING SERVICES AT WHITERIVER SERVICE UNIT,https://www.usaspending.gov/award/CONT_AWD_75H71225F80039_7527_GS07F187GA_4732
scheduling_booking,sole_source,1,247850.0,National Institutes of Health,CELLCO PARTNERSHIP,2019-12-30,2020-12-31 00:00:00,D304,WIRELESS SERVICES AND MOBILE DEVICES FOR CALENDAR YEAR 2020.,https://www.usaspending.gov/award/CONT_AWD_75N92020F00047_7529_GS35F0119P_4730
scheduling_booking,sole_source,1,192475.51,Department of Veterans Affairs,"GOVERNMENT MARKETING AND PROCUREMENT, LLC",2024-03-22,2027-03-31 00:00:00,DA10,QGENDA ON CALL SCHEDULING SERVICES,https://www.usaspending.gov/award/CONT_AWD_36C26124F0259_3600_GS07F187GA_4732
scheduling_booking,sole_source,1,158800.96,Department of Veterans Affairs,"GOVERNMENT MARKETING AND PROCUREMENT, LLC",2024-09-18,2027-09-29 00:00:00,DA10,QGENDA HEALTHCARE SCHEDULING SOFTWARE,https://www.usaspending.gov/award/CONT_AWD_36C24624N1154_3600_GS07F187GA_4732
scheduling_booking,sole_source,1,146148.76,Department of Veterans Affairs,"GOVERNMENT MARKETING AND PROCUREMENT, LLC",2025-09-04,2030-09-04 00:00:00,DA10,QGENDA ON-CALL SCHEDULING SOFTWARE-AS-A-SERVICE SUBSCRIPTION LICENSES,https://www.usaspending.gov/award/CONT_AWD_36C10B25F0234_3600_GS07F187GA_4732
scheduling_booking,sole_source,1,143125.0,Department of Veterans Affairs,ACUSTAF DEVELOPMENT CORP,2026-04-27,2031-04-30 00:00:00,DA10,ACUSTAF ENTERPRISE-WIDE STAFFING AND SCHEDULING PROGRAM SERVICES.,https://www.usaspending.gov/award/CONT_AWD_36C25626F0101_3600_GS35F0408X_4732
scheduling_booking,sole_source,1,136012.78,Department of Veterans Affairs,"GOVERNMENT MARKETING AND PROCUREMENT, LLC",2026-06-02,2031-06-30 00:00:00,DA10,INTERNET-BASED ADVANCED SCHEDULING SYSTEM,https://www.usaspending.gov/award/CONT_AWD_36C24726F0192_3600_GS07F187GA_4732
scheduling_booking,sole_source,1,80012.0,Office of the Assistant Secretary for Administration,"MEGSOFT CONSULTING, INC.",2023-06-05,2024-07-31 00:00:00,7A21,FARMERSWIFE PRODUCTION SCHEDULING TOOL SUBSCRIPTION LICENSES,https://www.usaspending.gov/award/CONT_AWD_75P00123P00082_7570_-NONE-_-NONE-
scheduling_booking,sole_source,,53382.0,Defense Health Agency,"GOVERNMENT MARKETING AND PROCUREMENT, LLC",2025-09-08,2026-09-30 00:00:00,DG10,INITIAL TASK ORDER QGENDA HOSPITAL SURGICAL SCHEDULING SOFTWARE LICENSE,https://www.usaspending.gov/award/CONT_AWD_W81K0225FA131_9700_W81K0225DA014_9700
scheduling_booking,sole_source,1,51089.06,Department of Veterans Affairs,RED RIVER TECHNOLOGY LLC,2026-01-08,2026-11-30 00:00:00,DA10,CONFERENCE ROOM SCHEDULER,https://www.usaspending.gov/award/CONT_AWD_36C26226F0125_3600_NNG15SC46B_8000
scheduling_booking,sole_source,1,51089.06,Department of Veterans Affairs,RED RIVER TECHNOLOGY LLC,2024-12-27,2025-11-30 00:00:00,DA10,ASURE CONFERENCE ROOM SCHEDULER SOFTWARE,https://www.usaspending.gov/award/CONT_AWD_36C26225F0196_3600_NNG15SC46B_8000
scheduling_booking,sole_source,1,40608.34,Department of Veterans Affairs,AGILQUEST CORPORATION,2024-10-01,2028-09-30 00:00:00,DG11,CONFERENCE ROOM SCHEDULING,https://www.usaspending.gov/award/CONT_AWD_36C25625N0108_3600_GS35F470BA_4732
scheduling_booking,sole_source,1,39239.36,Department of Veterans Affairs,"GOVERNMENT MARKETING AND PROCUREMENT, LLC",2025-08-05,2030-08-14 00:00:00,DE01,QGENDA SCHEDULING SOFTWARE SERVICES.,https://www.usaspending.gov/award/CONT_AWD_36C24525F0530_3600_GS07F187GA_4732
survey_feedback,competed_one_bid,1,1128359.95,Department of Veterans Affairs,CARAHSOFT TECHNOLOGY CORP,2021-05-12,2026-06-16 00:00:00,DH01,SOFTWARE AS A SERVICE (SAAS) SURVEY MANAGEMENT,https://www.usaspending.gov/award/CONT_AWD_36C77621P0093_3600_-NONE-_-NONE-
survey_feedback,sole_source,1,8846154.0,Centers for Medicare and Medicaid Services,"ALPINE TECHNOLOGY GROUP,LLC",2024-12-11,2029-12-15 00:00:00,DA01,"CONTRACT # / TASK ORDER #: TBD  CONTRACT DESCRIPTION/TITLE: AUTOMATED SURVEY PROCESSING ENVIRONMENT (ASPEN) IV  REQUESTED CHANGES TO CONTRACT AND REASON FOR CHANGES:   THE PURPOSE OF THIS IS TO FUND THE BASE PERIOD OF THE ASPEN IV CONTRACT, CLIN 0001",https://www.usaspending.gov/award/CONT_AWD_75FCMC25FJ007_7530_GS35F0633S_4730
survey_feedback,sole_source,1,2820403.4,Centers for Disease Control and Prevention,BOOZ ALLEN HAMILTON INC,2026-09-11,2028-01-25 00:00:00,DA10,"ELECTRONIC DATA COLLECTION AND PROCESSING OF THE NATIONAL HOSPITAL CARE SURVEY (NHCS) 2025 DATA, EO 14398",https://www.usaspending.gov/award/CONT_AWD_75D30126F21551_7523_75D30120A08214_7523
survey_feedback,sole_source,,2799175.3,Defense Health Agency,"VISTA DEFENSE TECHNOLOGIES, LLC",2021-08-20,2026-09-26 00:00:00,DD01,CONTACT TRACING AND SURVEY TOOL SUPPORT,https://www.usaspending.gov/award/CONT_AWD_HT001521F0150_9700_HT001520D0001_9700
survey_feedback,sole_source,1,745788.89,Indian Health Service,"ACCESS COMMUNICATIONS GROUP, LLC",2022-09-16,2024-04-14 00:00:00,DJ01,"CONTRACTOR WILL COMPLETE A SITE SURVEY AT EACH LOCATION TO DETERMINE WHAT IS CURRENTLY IMPLEMENTED, AREAS OF FOCUS ON CAMERAS, REVIEW POSSIBLE PROBLEMATIC AREAS, REVIEW AND DISCUSSIONS ON CCTV SYSTEM REQUIREMENTS, AND REVIEW ADDITIONAL INFORMATION AN",https://www.usaspending.gov/award/CONT_AWD_75H71022P01950_7527_-NONE-_-NONE-
survey_feedback,sole_source,1,339166.0,Department of Veterans Affairs,KLAS ENTERPRISES LLC,2020-08-12,2023-08-31 00:00:00,D317,CONTRACTOR SHALL PROVIDE VA WITH RESEARCH&SURVEY DATABASE SUBSCRIPTION.,https://www.usaspending.gov/award/CONT_AWD_36C77620P0100_3600_-NONE-_-NONE-
survey_feedback,sole_source,1,299770.44,Office of the Assistant Secretary for Administration,"GALLUP, INC.",2013-09-17,2014-09-26 00:00:00,D317,IGF::OT::IGF  GALLUP DAILY TRACKING SURVEY DATA  INCLUDING THE GALLUP HEALTHWAYS WELL BEING INDEX (WBI) DATABASE,https://www.usaspending.gov/award/CONT_AWD_HHSP233201300131A_7555_-NONE-_-NONE-
survey_feedback,sole_source,1,294632.08,Office of the Assistant Secretary for Administration,"GALLUP, INC.",2015-09-22,2016-09-24 00:00:00,D317,IGF::OT::IGF  GALLUP DAILY TRACKING SURVEY DATA,https://www.usaspending.gov/award/CONT_AWD_HHSP233201500283A_7555_-NONE-_-NONE-
survey_feedback,sole_source,1,250000.0,Department of Veterans Affairs,"RED PEPPER SOFTWARE, LLC",2026-02-25,2028-02-24 00:00:00,DA01,WMOAT VETERAN SURVEY AND EXPOSURE MANAGEMENT DATABASE DEVELOPMENT,https://www.usaspending.gov/award/CONT_AWD_36C24526P0211_3600_-NONE-_-NONE-
survey_feedback,sole_source,1,110745.0,Office of the Assistant Secretary for Financial Resources,SURVEYMONKEY INC.,2024-03-22,2029-03-23 00:00:00,7A21,IHS SURVEYMONKEY ENTERPRISE-TIER 3 ADVANCED SEAT SUBSCRIPTION,https://www.usaspending.gov/award/CONT_AWD_75H70424P00023_7527_-NONE-_-NONE-
survey_feedback,sole_source,1,70400.0,Department of Veterans Affairs,"FORRESTER RESEARCH, INC.",2021-06-18,2025-06-17 00:00:00,7A21,FEEDBACKNOW ANNUAL NOTIFICATION SUBSCRIPTION SERVICE,https://www.usaspending.gov/award/CONT_AWD_36C26221P1209_3600_-NONE-_-NONE-
survey_feedback,sole_source,1,66938.0,Department of Veterans Affairs,SURVEYMONKEY INC.,2020-12-15,2025-12-14 00:00:00,DA10,SURVEYMONKEY USER LICENSES,https://www.usaspending.gov/award/CONT_AWD_36C10X21P0017_3600_-NONE-_-NONE-
survey_feedback,sole_source,1,39187.5,Indian Health Service,"FRONTIER PRECISION, INC",2020-03-31,2024-12-31 00:00:00,7030,"FIRM FIXED-PRICE, COMMERCIAL ITEM, PURCHASE ORDER TO PROVIDE VRSSURPRO MIDSTATE VRS SUBSCRIPTION PRORATED PER MONTH - SURVEYING - FOR THE GREAT PLAINS AREA IHS OEHE DEPARTMENT, ABERDEEN, SOUTH DAKOTA.",https://www.usaspending.gov/award/CONT_AWD_75H70620P00551_7527_-NONE-_-NONE-
survey_feedback,sole_source,1,21000.0,Department of Veterans Affairs,"TARASOVSKY, GARY",2026-04-21,2027-04-20 00:00:00,DA01,ONLINE SURVEY DEVELOPMENT SERVICES FOR THE VA PALO ALTO,https://www.usaspending.gov/award/CONT_AWD_36C26126P0640_3600_-NONE-_-NONE-
training_lms,competed_one_bid,1,3892500.0,Department of Veterans Affairs,"THUNDERCAT TECHNOLOGY, LLC",2025-12-18,2030-12-14 00:00:00,DA10,"REFLEXAI FY26 BASE. THE CONTRACTOR SHALL PROVIDE TECHNICAL AND FUNCTIONAL SUPPORT TO THE OFFICE OF SUICIDE PREVENTION (OSP) INCLUDING THE VETERAN CRISIS LINE (VCL) CALL CENTER, IN ARTIFICIAL INTELLIGENCE (AI) POWERED ROLEPLAYING SIMULATION TRAINING.",https://www.usaspending.gov/award/CONT_AWD_36C10B26F0046_3600_NNG15SD26B_8000
training_lms,competed_one_bid,1,3853684.58,Department of Veterans Affairs,"MINBURN TECHNOLOGY GROUP, LLC",2021-12-16,2027-01-09 00:00:00,DA01,"THE SAN JUAN, TAMPA, ORLANDO AND BAY PINES VAMC HAVE A REQUIREMENT FOR THERADOC SOFTWARE AND TRAINING.",https://www.usaspending.gov/award/CONT_AWD_36C10B22F0042_3600_NNG15SD34B_8000
training_lms,competed_one_bid,1,2188058.0,Office of the Assistant Secretary for Administration,METCOR LTD,2025-09-11,2027-03-29 00:00:00,DA10,ORR TRAINING AND TECHNICAL ASSISTANCE LEARNING MANAGEMENT SYSTEM,https://www.usaspending.gov/award/CONT_AWD_75P00125F80104_7570_GS00F002BA_4732
training_lms,competed_one_bid,1,1661389.95,Department of Veterans Affairs,"BDR SOLUTIONS, LLC",2024-09-26,2029-09-25 00:00:00,DA10,"A SOFTWARE-AS-A-SERVICE CAPABILITY, PRODUCT CONFIGURATION, OPERATIONAL AND SUSTAINMENT SUPPORT, AND TRAINING TO PROVIDE THE VA WITH BUSINESS PROCESS MODELING TOOLSET",https://www.usaspending.gov/award/CONT_AWD_36C10B24F0408_3600_47QTCA21D00CM_4732
training_lms,competed_one_bid,1,997817.69,Defense Health Agency,"EMERGENT, LLC",2018-09-29,2023-09-28 00:00:00,7030,THIS ACQUISITION PURCHASES ADOBE CONNECT SOFTWARE LICENSES AND SUPPORT SERVICES THAT INCLUDE TRAINING AND HELP DESK SERVICES FOR THE DEFENSE HEALTH AGENCY'S WORKFORCE.,https://www.usaspending.gov/award/CONT_AWD_HT001118F0057_9700_NNG15SC33B_8000
training_lms,competed_one_bid,1,842125.32,Food and Drug Administration,ATTENDEE INTERACTIVE LLC,2021-11-30,2025-04-30 00:00:00,DF10,CONTINUING EDUCATION CONSULTATION AND ACCREDITATION TEAM (CECAT) SOFTWARE SOLUTION,https://www.usaspending.gov/award/CONT_AWD_75F40122P00005_7524_-NONE-_-NONE-
training_lms,competed_one_bid,1,716234.76,Department of Veterans Affairs,BY LIGHT PROFESSIONAL IT SERVICES LLC,2022-12-15,2027-12-15 00:00:00,DA01,HIGH FREQUENCY TRAINING AND SUSTAINMENT,https://www.usaspending.gov/award/CONT_AWD_36C10B23N10190023_3600_VA11816D1019_3600
training_lms,competed_one_bid,1,526655.0,Food and Drug Administration,"SIMILARWEB, INC.",2020-03-17,2025-04-05 00:00:00,D305,SIMILARWEB SUBSCRIPTION AND TRAINING,https://www.usaspending.gov/award/CONT_AWD_75F40120C00015_7524_-NONE-_-NONE-
training_lms,competed_one_bid,1,431294.04,Department of Veterans Affairs,BLUE TECH INC.,2025-08-28,2028-08-31 00:00:00,DA10,"V23 CONSULT TRACKING MANAGER PLUS (CTM+) SOFTWARE, SUBSCRIPTION, MAINTENANCE SUPPORT AND TRAINING",https://www.usaspending.gov/award/CONT_AWD_36C10B25F0222_3600_NNG15SD00B_8000
training_lms,competed_one_bid,1,79993.21,Department of Veterans Affairs,ALVAREZ LLC,2024-09-26,2029-09-26 00:00:00,DA10,"LEARNING MANAGEMENT SYSTEM FOR THE ADMINISTRATION, DOCUMENTATION, TRACKING, REPORTING, AND DELIVERY OF EDUCATIONAL COURSES, TRAINING PROGRAMS, MATERIALS OR LEARNING AND DEVELOPMENT PROGRAMS.",https://www.usaspending.gov/award/CONT_AWD_36C10B24F0393_3600_NNG15SD19B_8000
training_lms,competed_one_bid,1,77284.0,Office of the Assistant Secretary for Financial Resources,"MUMPS AUDIOFAX, INC",2022-08-04,2027-08-31 00:00:00,DA10,"AUTOMATED APPOINTMENT REMINDER SYSTEM SOFTWARE INSTALLATION SUPPORT, SERVICE, AND TRAINING. BASE YEAR OF BASE + 4",https://www.usaspending.gov/award/CONT_AWD_75H70522F80021_7527_GS35F0821M_4730
training_lms,competed_one_bid,1,72000.0,Department of Veterans Affairs,EXTRAVIEW CORPORATION,2024-08-16,2029-08-18 00:00:00,DA10,EXTRAVIEW UPDATES AND SYSTEM TRAINING SERVICES,https://www.usaspending.gov/award/CONT_AWD_36C24724P1165_3600_-NONE-_-NONE-
training_lms,competed_one_bid,1,53833.2,National Institutes of Health,CARAHSOFT TECHNOLOGY CORP,2023-06-23,2024-06-25 00:00:00,DA10,IT SERVICE MANAGEMENT LICENSING AND TRAINING CREDITS,https://www.usaspending.gov/award/CONT_AWD_75N95D23F00048_7529_47QSWA18D008F_4732
training_lms,sole_source,1,1871368.55,Centers for Medicare and Medicaid Services,KOTECH DIGITAL LLC,2023-08-11,2028-08-23 00:00:00,DA01,"NATIONAL TRAINING PROGRAM (NTP) LEARNING MANAGEMENT SYSTEM  (LMS), CONTENT MANAGEMENT SYSTEM, MAINTENANCE AND  SUPPORT",https://www.usaspending.gov/award/CONT_AWD_75FCMC23C0036_7530_-NONE-_-NONE-
training_lms,sole_source,1,1837586.56,Office of the Assistant Secretary for Financial Resources,"KONIAG SERVICES, INC.",2026-09-21,2030-09-21 00:00:00,DA01,EARLY EDUCATION PATHWAYS LEARNING MANAGEMENT SYSTEM,https://www.usaspending.gov/award/CONT_AWD_7571TE26F80313_7571_GS35F348DA_4732
training_lms,sole_source,1,1527405.2,Department of Veterans Affairs,ALPHA OMEGA GROUP LLC,2024-05-28,2029-05-29 00:00:00,DA01,CLINICIAN-ADMINISTERED PTSD SCALE FOR DSM-5 TRAINING CURRICULUM,https://www.usaspending.gov/award/CONT_AWD_36C10G24C0006_3600_-NONE-_-NONE-
training_lms,sole_source,1,1428798.32,Defense Health Agency,"ARCTICOM, LLC",2025-09-18,2030-09-29 00:00:00,DF01,"ENTERPRISE CONTRACT WRITING MODULE (ECWM) FUNCTIONAL SYSTEM ADMINISTRATION, TRAINING, AND MAINTENANCE SUPPORT.",https://www.usaspending.gov/award/CONT_AWD_HT001125CE008_9700_-NONE-_-NONE-
training_lms,sole_source,1,1369508.98,Department of Veterans Affairs,DF/NET RESEARCH INC,2025-06-04,2028-03-08 00:00:00,DA10,"DATAFAX SOFTWARE LICENSES, MAINTENANCE, SUPPORT, TRAINING, AND USER SEATS",https://www.usaspending.gov/award/CONT_AWD_36C10A25C0005_3600_-NONE-_-NONE-
training_lms,sole_source,,908077.84,Office of the Assistant Secretary for Financial Resources,"HIGHPOINT DIGITAL, INC.",2025-08-29,2026-08-24 00:00:00,DA10,"NEW CALL ORDER UNDER HIGH POINT DIGITAL CONTRACT 75P00121A00011/75P00125F37007 FOR THE EXTENSION OF FEDERAL LAW ENFORCEMENT TRAINING CENTER (FLETC) LICENSES. PERIOD OF PERFORMANCE SEPTEMBER 1, 2025 THROUGH AUGUST 24, 2026.",https://www.usaspending.gov/award/CONT_AWD_75P00125F37007_7570_75P00121A00011_7570
training_lms,sole_source,1,885500.0,National Institutes of Health,TRANSPERFECT TRANSLATIONS INTERNATIONAL INC,2024-09-04,2026-03-03 00:00:00,DA10,"TRANSPERFECT TRIAL INTERACTIVE ETMF SAAS AND SUPPORTING SERVICES. TASKS FOCUS ON OPERATION AND SUPPORT OF THE PRODUCTION SYSTEM. SERVICES INCLUDE TRAINING, DETERMINING AND DOCUMENTING REQUIREMENTS, CONFIGURING, EVALUATING, REVISING MASTER TEMPLATES A",https://www.usaspending.gov/award/CONT_AWD_75N93024P01082_7529_-NONE-_-NONE-
training_lms,sole_source,1,816062.26,Department of Veterans Affairs,ALVAREZ LLC,2021-02-24,2025-04-30 00:00:00,DA01,"CLINTEGRITY 360 CDI PRO & VERA ANALYZER LICENSES, IMPLEMENTATION, AND TRAINING.",https://www.usaspending.gov/award/CONT_AWD_36C24421F0182_3600_NNG15SD19B_8000
training_lms,sole_source,1,803625.0,Department of Veterans Affairs,SYMPLR SOFTWARE LLC,2024-05-20,2027-05-19 00:00:00,DA10,SYMPLR CREDENTIALING SOFTWARE AND TRAINING,https://www.usaspending.gov/award/CONT_AWD_36C10B24C0016_3600_-NONE-_-NONE-
training_lms,sole_source,1,756072.85,Indian Health Service,ARDENT TECHNOLOGIES INC,2019-06-07,2024-06-09 00:00:00,D399,"PROVIDE TRAINING AND SUPPORT SERVICES NECESSARY TO PROVIDE RPMS/HER SUPPORT FOR TRIBAL AND URBAN PROGRAMS THAT FALL WITHIN THE BOUNDARIES OF THE IHS, CALIFORNIA AREA OFFICE.",https://www.usaspending.gov/award/CONT_AWD_75H70319P00019_7527_-NONE-_-NONE-
training_lms,sole_source,1,713506.0,National Institutes of Health,TRANSPERFECT TRANSLATIONS INTERNATIONAL INC,2026-03-04,2026-12-03 00:00:00,DA01,"TRANSPERFECT TRIAL INTERACTIVE ETMF SAAS AND SUPPORTING SERVICES. TASKS FOCUS ON OPERATION AND SUPPORT OF THE PRODUCTION SYSTEM. SERVICES INCLUDE TRAINING, DETERMINING AND DOCUMENTING REQUIREMENTS, CONFIGURING, EVALUATING, REVISING MASTER TEMPLATES A",https://www.usaspending.gov/award/CONT_AWD_75N98026P00085_7529_-NONE-_-NONE-
training_lms,sole_source,1,700750.05,Department of Veterans Affairs,"OMNIGO SOFTWARE, LLC",2020-09-22,2024-03-30 00:00:00,D309,VA LAW ENFORCEMENT TRAINING CENTER POLICE RECORDS MANAGEMENT SYSTEM,https://www.usaspending.gov/award/CONT_AWD_36C10X20P0150_3600_-NONE-_-NONE-
training_lms,sole_source,1,589920.45,Department of Veterans Affairs,MEDICOM TECHNOLOGIES INC,2024-08-08,2027-08-26 00:00:00,7A21,"VISN 6 IMAGING EXAM TRANSMISSION SYSTEM (MEDICOM). IMAGEX WITH ASSISTANT EDITION SOFTWARE (MEDICAL IMAGE EXCHANGE SYSTEM) AND SUPPORT SERVICES, MAINTENANCE, AND TRAINING AGREEMENT.",https://www.usaspending.gov/award/CONT_AWD_36C10B24C0031_3600_-NONE-_-NONE-
training_lms,sole_source,1,332304.0,Department of Veterans Affairs,ACUSTAF DEVELOPMENT CORP,2023-01-31,2028-01-31 00:00:00,DG10,SERVICE OF PROVIDING LABOR MANAGEMENT SOFTWARE AND TRAINING,https://www.usaspending.gov/award/CONT_AWD_36C24423F0170_3600_GS35F0408X_4732
training_lms,sole_source,1,315265.5,Office of the Assistant Secretary for Financial Resources,"ECHELON SERVICES, LLC",2022-07-20,2027-07-18 00:00:00,DB02,FDA-SPECIFIC INITIAL ETHICS TRAINING (IET) MODULE AND THE ANNUAL ETHICS TRAINING (AET) MODULE,https://www.usaspending.gov/award/CONT_AWD_75F40122C00079_7524_-NONE-_-NONE-
training_lms,sole_source,1,313960.43,Department of Veterans Affairs,"CUSTOMER VALUE PARTNERS, LLC",2025-09-05,2026-11-07 00:00:00,DA01,VIRTUAL REALITY (VR) APPLICATION FOR SUICIDE PREVENTION TRAINING (SPT),https://www.usaspending.gov/award/CONT_AWD_36C10X25C0035_3600_-NONE-_-NONE-
training_lms,sole_source,1,188160.0,Department of Veterans Affairs,KNOWLEDGE FACTOR INC,2024-08-26,2027-09-01 00:00:00,DA01,"AMPLIFIRE LEARNER LICENSES, AND COURSE DEVELOPMENT SERVICES",https://www.usaspending.gov/award/CONT_AWD_36C10B24C0035_3600_-NONE-_-NONE-
training_lms,sole_source,1,158652.0,National Institutes of Health,LORENZ INTERNATIONAL LLC,2026-05-06,2027-03-29 00:00:00,DD01,LORENZ DOCUBRIDGE SYSTEM ONE TIME SERVICE TO ONBOARD BARDA WITH DATA INPUT AND TRAINING,https://www.usaspending.gov/award/CONT_AWD_75N98026P00459_7529_-NONE-_-NONE-
training_lms,sole_source,1,134186.61,Office of the Assistant Secretary for Financial Resources,UNISON SOFTWARE INC,2022-06-17,2026-12-16 00:00:00,DA01,OO 131 C 4570 PRISM TRAINING,https://www.usaspending.gov/award/CONT_AWD_75R60222F80072_7526_47QTCA19D00EP_4732
training_lms,sole_source,,83550.0,Department of Veterans Affairs,ACUSTAF DEVELOPMENT CORP,2026-05-12,2027-05-31 00:00:00,DA10,"BPA ORDER FOR ACUSTAF LABOR MANAGEMENT SYSTEM LICENSING, TRAINING, AND IMPLEMENTATION AT THE LEBANON VA MEDICAL CENTER.",https://www.usaspending.gov/award/CONT_AWD_36C24426N0699_3600_36C24426A0022_3600
training_lms,sole_source,,75720.0,Indian Health Service,RQI PARTNERS LLC,2026-01-06,2026-12-31 00:00:00,7A20,"DELIVERY ORDER AGAINST 75H71221D00002, RQI PARTNERS LLC, FOR RESUSCITATION QUALITY IMPROVEMENT INITIATIVE TRAINING LICENSES AT THE WHITERIVER SERVICE UNIT (WRSU).",https://www.usaspending.gov/award/CONT_AWD_75H71226F28026_7527_75H71221D00002_7527
training_lms,sole_source,1,71280.0,National Institutes of Health,LORENZ INTERNATIONAL LLC,2025-01-16,2025-10-27 00:00:00,DA01,"UPGRADE OF ELECTRONIC COMMON TECHNICAL DOCUMENT (ECTD) LORENZ DOCUBRIDGE SYSTEM TO THE LATEST VERSION. SERVICES TO BE PROVIDED INCLUDE CONFIGURATION, TRAINING, AND VALIDATION.",https://www.usaspending.gov/award/CONT_AWD_75N93025P00251_7529_-NONE-_-NONE-
training_lms,sole_source,1,59606.0,Centers for Disease Control and Prevention,CORITY SOFTWARE INC.,2016-07-22,2018-01-21 00:00:00,D306,CONSULTING AND TRAINING SERVICES,https://www.usaspending.gov/award/CONT_AWD_HHSD2002016M90077P_7523_-NONE-_-NONE-
training_lms,sole_source,1,55549.5,National Institutes of Health,GP STRATEGIES CORPORATION,2018-08-14,2021-08-31 00:00:00,D399,LMS-LEARNING HUB INTERFACE,https://www.usaspending.gov/award/CONT_AWD_75N93018F00305_7529_GS00F0039N_4730
training_lms,sole_source,1,51034.16,Department of Veterans Affairs,MIM SOFTWARE INC,2024-11-22,2027-01-31 00:00:00,DA10,"MIM MAESTRO DEPARTMENT SOLUTION, MIM CONTOUR PROTEGEAI-LOCAL DEPLOYMENT ONLY. INCLUDES IMPLEMENTATION, TRAINING, AND INSTALLATION.",https://www.usaspending.gov/award/CONT_AWD_36C10B25F0027_3600_GS35F425CA_4732
training_lms,sole_source,1,51000.0,National Institutes of Health,"IQ3CONNECT, INC.",2023-01-30,2028-01-31 00:00:00,7A20,IQ3CONNECT IS A VR TRAINING AND COLLABORATION SAAS SOFTWARE,https://www.usaspending.gov/award/CONT_AWD_75N93023P00277_7529_-NONE-_-NONE-
training_lms,sole_source,,49504.0,Indian Health Service,RQI PARTNERS LLC,2026-01-02,2026-12-31 00:00:00,7A20,"DELIVERY ORDER AGAINST 75H71221D00002, RQI PARTNERS LLC, FOR RESUSCITATION QUALITY IMPROVEMENT INITIATIVE TRAINING LICENSES AT THE COLORADO RIVER SERVICE UNIT (CRSU).",https://www.usaspending.gov/award/CONT_AWD_75H71226F28023_7527_75H71221D00002_7527
training_lms,sole_source,1,49098.0,Department of Veterans Affairs,"SIMX, INC",2026-02-03,2031-01-31 00:00:00,7A21,"SIMX VIRTUAL REALITY MEDICAL SIMULATION SOFTWARE, QTY: 10 EA GENERAL MARKETPLACE CASES: 40 SCENARIO, QTY: 1 PKG VIRTUAL MANIKIN, QTY: 1 EA EDUCATIONAL SERVICE AND INTEGRATION SUPPORT, QTY: 1 EA AND DELL LAPTOPS, QTY: 2 EA.",https://www.usaspending.gov/award/CONT_AWD_36C25026P0347_3600_-NONE-_-NONE-
training_lms,sole_source,,47646.0,Department of Veterans Affairs,ACUSTAF DEVELOPMENT CORP,2026-06-03,2027-07-31 00:00:00,DA10,BPA ORDER FOR ACUSTAF LMS SUBSCRIPTION AND ANNUAL TRAINING FOR THE WILMINGTON VAMC.,https://www.usaspending.gov/award/CONT_AWD_36C24426N0747_3600_36C24426A0022_3600
training_lms,sole_source,,45717.12,Department of Veterans Affairs,ACUSTAF DEVELOPMENT CORP,2026-09-08,2027-09-25 00:00:00,DA10,BPA ORDER FOR ACUSTAF LMS SUBSCRIPTION AND ANNUAL TRAINING IN SUPPORT OF THE WILKES-BARRE VA MEDICAL CENTER.,https://www.usaspending.gov/award/CONT_AWD_36C24426N1076_3600_36C24426A0022_3600
training_lms,sole_source,1,39706.2,Office of the Assistant Secretary for Financial Resources,HEALTHSTREAM INC,2024-05-31,2028-05-31 00:00:00,DA10,HEALTHSTREAM WEB BASED ONLINE SUBSCRIPTION SERVICE FOR TRAINING AND EDUCATION.,https://www.usaspending.gov/award/CONT_AWD_75H70624P00567_7527_-NONE-_-NONE-
training_lms,sole_source,,39006.0,Department of Veterans Affairs,ACUSTAF DEVELOPMENT CORP,2026-06-10,2027-06-30 00:00:00,DA10,BPA ORDER FOR ACUSTAF LMS SOFTWARE AS A SERVICE - COATESVILLE VAMC.,https://www.usaspending.gov/award/CONT_AWD_36C24426N0781_3600_36C24426A0022_3600
training_lms,sole_source,1,32000.0,Department of Veterans Affairs,"CENSIS TECHNOLOGIES, INC.",2025-09-02,2026-09-04 00:00:00,DA10,"SCOPETRAC SOFTWARE INSTALL, TRAINING & SUBSCRIPTION",https://www.usaspending.gov/award/CONT_AWD_36C25025P1604_3600_-NONE-_-NONE-
training_lms,sole_source,1,27867.0,Department of Veterans Affairs,CYNERGY PROFESSIONAL SYSTEMS LLC,2026-06-17,2031-06-30 00:00:00,DA10,QA INSPECTOR SOFTWARE LICENSE WALSH PEST CONTROL MANAGER WALSH ADDITIONAL INSPECTION UNLIMITED TOLL FREE AND ONLINE SUPPORT APP & PORTAL UPGRADES FLUORESCENT PLUS - USER BUNDLE WALSH TRAINING AND WALSH ELECTRONIC DATABASE,https://www.usaspending.gov/award/CONT_AWD_36C25026F0491_3600_NNG15SD20B_8000
training_lms,sole_source,1,26362.75,Department of Veterans Affairs,"REGIONAL TASK FORCE ON THE HOMELESS, INC",2020-10-01,2023-09-30 00:00:00,D317,HIMS USER FEES AND TRAINING,https://www.usaspending.gov/award/CONT_AWD_36C26221C0012_3600_-NONE-_-NONE-
training_lms,sole_source,1,21989.44,Office of the Assistant Secretary for Financial Resources,"ENVIRONMENTAL SYSTEMS RESEARCH INSTITUTE, INC.",2026-09-08,2027-09-09 00:00:00,7A21,"ANNUAL STANDARD MAINTENANCE THROUGH ESRI SUPPORT SERVICES.  STANDARD MAINTENANCE WILL ALLOW ACF ARCGIS USERS ACCESS TO NEW SOFTWARE RELEASES, PATCHES AND SERVICE PACKS, UNLIMITED TELEPHONE SUPPORT, PRODUCT DOCUMENTATION, AND E-LEARNING RESOURCES.  AC",https://www.usaspending.gov/award/CONT_AWD_7571TE26F80209_7571_GS35F253CA_4732
training_lms,sole_source,1,20673.0,Department of Veterans Affairs,ENVISAGE TECHNOLOGIES LLC,2024-09-01,2029-08-31 00:00:00,DA10,FIREFIGHTER TRAINING SERVICE,https://www.usaspending.gov/award/CONT_AWD_36C26324P1089_3600_-NONE-_-NONE-
web_portal_content,competed_one_bid,1,8333380.94,Department of Veterans Affairs,"AGILE SIX APPLICATIONS, INC",2021-12-17,2025-12-04 00:00:00,DA01,VETERAN-FACING SERVICES CONTENT MANAGEMENT SYSTEM,https://www.usaspending.gov/award/CONT_AWD_36C10B22N00060002_3600_36C10B21D0006_3600
web_portal_content,competed_one_bid,1,7518821.66,Department of Veterans Affairs,"THUNDERCAT TECHNOLOGY, LLC",2024-04-18,2027-04-17 00:00:00,DA01,"508 ENTERPRISE FUSION (JAWS/ZOOMTEXT)/JAWS INSPECT UNLIMITED INDIVIDUAL USER SOFTWARE LICENSES WITH COMMERCIAL SOFTWARE MAINTENANCE SERVICES, PLUS ONE OPTIONAL TASK FOR UNLIMITED ENTERPRISE LICENSES OF FUSION FOR ALL KIOSKS,VA-WIDE.  EO 14398",https://www.usaspending.gov/award/CONT_AWD_36C10B24F0122_3600_NNG15SD26B_8000
web_portal_content,competed_one_bid,1,4483137.32,National Institutes of Health,EKIN SOLUTIONS INC.,2022-09-26,2025-11-17 00:00:00,DA10,NBS- SHAREPOINT ONLINE ASSESSMENT,https://www.usaspending.gov/award/CONT_AWD_75N97022F00084_7529_47QTCB22D0294_4732
web_portal_content,competed_one_bid,1,4449887.8,Administration for Children and Families,APPLIED INTELLECT LLC,2021-11-01,2022-10-31 00:00:00,DB02,EO14042 - UC PORTAL,https://www.usaspending.gov/award/CONT_AWD_75ACF122F80002_7590_47QTCB21D0210_4732
web_portal_content,competed_one_bid,1,938895.83,Office of the Assistant Secretary for Administration,"RIPPLE EFFECT COMMUNICATIONS, INC.",2015-09-30,2025-07-27 00:00:00,D308,"IGF::OT::IGF DATA CATEGORIZATION, MINING, ANALYSIS, REPORTING, AND WEBSITE OUTREACH FOR OHRP-DED",https://www.usaspending.gov/award/CONT_AWD_HHSP233201500499G_7555_GS10F0365T_4730
web_portal_content,competed_one_bid,1,577215.35,Department of Veterans Affairs,ALVAREZ LLC,2025-11-24,2028-11-30 00:00:00,DA10,BLACKBOARD LEARNING CONTENT MANAGEMENT SYSTEM ANNUAL LICENSE MAINTENANCE AND TECHNICAL SUPPORT,https://www.usaspending.gov/award/CONT_AWD_36C10B26F0035_3600_NNG15SD19B_8000
web_portal_content,competed_one_bid,1,574961.48,Department of Veterans Affairs,ALVAREZ LLC,2025-10-30,2030-10-31 00:00:00,DE10,INTERACTIVE TV & DIGITAL SIGNAGE SERVICES,https://www.usaspending.gov/award/CONT_AWD_36C25526F0013_3600_NNG15SD19B_8000
web_portal_content,competed_one_bid,1,393062.91,Department of Veterans Affairs,FEDSTORE CORPORATION,2021-04-09,2024-04-10 00:00:00,DA10,WEB TEXT SERVICES,https://www.usaspending.gov/award/CONT_AWD_36C10B21F0107_3600_NNG15SD21B_8000
web_portal_content,competed_one_bid,1,310706.0,Centers for Medicare and Medicaid Services,"CHAGS HEALTH INFORMATION TECHNOLOGY, LLC",2023-08-31,2028-08-31 00:00:00,DA01,CMS REQUIRES WEBSITE SCAN AND ANALYSIS SERVICES TO SCAN MEDICARE ADMINISTRATIVE CONTRACTOR (MAC) PROVIDER EDUCATION WEBSITES AND REPORT DATA ABOUT THE MAC WEBSITES TO CMS AND THE MACS.,https://www.usaspending.gov/award/CONT_AWD_75FCMC23F0121_7530_47QTCB21D0273_4732
web_portal_content,competed_one_bid,1,141862.5,Centers for Medicare and Medicaid Services,CARAHSOFT TECHNOLOGY CORP,2021-12-10,2024-12-11 00:00:00,DA01,MEDICAID WEB SITE MANAGEMENT & SUPPORT FOR THE CENTERS FOR MEDICAID AND CHIP SERVICES,https://www.usaspending.gov/award/CONT_AWD_75FCMC22F0013_7530_GS35F0119Y_4732
web_portal_content,competed_one_bid,1,128022.5,Office of the Assistant Secretary for Financial Resources,BRITTINGHAM SOFTWARE DESIGN INC,2025-10-29,2030-10-31 00:00:00,DC10,WELLNESS AND HEALTH PROMOTION WEB PORTAL,https://www.usaspending.gov/award/CONT_AWD_75P00126C00004_7570_-NONE-_-NONE-
web_portal_content,competed_one_bid,1,123518.12,National Institutes of Health,"INFORMATION MANAGEMENT SERVICES, INC.",2025-12-31,2026-04-29 00:00:00,DA01,"3-MONTH COST EXTENSION FOR NIH NEUROBIOBANK AND WEB PORTAL $123,518.12. JANUARY 1, 2026-MARCH 31, 2026",https://www.usaspending.gov/award/CONT_AWD_75N95B26F20001_7529_HHSN316201200149W_7529
web_portal_content,competed_one_bid,1,24283.82,Department of Veterans Affairs,"GOVERNMENT MARKETING AND PROCUREMENT, LLC",2025-07-11,2030-07-31 00:00:00,DA10,KIOSK SOFTWARE,https://www.usaspending.gov/award/CONT_AWD_36C24W25F0027_3600_GS07F187GA_4732
web_portal_content,sole_source,1,7943155.24,Department of Veterans Affairs,UNISON VIRTUAL ACQUISITION OFFICE LLC,2019-09-13,2022-09-29 00:00:00,7030,THIS CONTRACT PROVIDES VIRTUAL ACQUISITION OFFICE (VAO) SUBSCRIPTIONS AND A KNOWLEDGE CENTER E-PORTAL THAT INCLUDES GOVERNMENT-APPROVED CONTENT FOR THE ACQUISITION COMMUNITY WITHIN THE DEPARTMENT OF VETERANS AFFAIRS.,https://www.usaspending.gov/award/CONT_AWD_36C10X19F0089_3600_GS35F131GA_4732
web_portal_content,sole_source,1,7913726.59,Centers for Disease Control and Prevention,"TANAQ SUPPORT SERVICES, LLC",2021-08-31,2026-03-23 00:00:00,DF01,SHAREPOINT DEVELOPMENT AND MANAGEMENT SERVICES,https://www.usaspending.gov/award/CONT_AWD_75D30121C12292_7523_-NONE-_-NONE-
web_portal_content,sole_source,1,6035400.96,Office of the Assistant Secretary for Financial Resources,APPLIED INTELLECT LLC,2024-11-25,2025-11-30 00:00:00,DA10,"THIS IS A FIRM FIXED PRICE (FFP) GENERAL SERVICES ADMINISTRATION (GSA)STARS III SHORT TERM TASK ORDER AWARD FOR ORR UNACCOMPANIED CHILDREN (UC) PORTAL APPLICATION MANAGEMENT AND SUPPORT. THE CONTRACTOR SHALL PROVIDE ALL PERSONNEL, EQUIPMENT, SUPPLIES",https://www.usaspending.gov/award/CONT_AWD_75ACF125F80005_7590_47QTCB21D0210_4732
web_portal_content,sole_source,1,5739813.79,Department of Veterans Affairs,UNISON VIRTUAL ACQUISITION OFFICE LLC,2022-09-23,2024-03-30 00:00:00,7A20,VAO ACQUISITION KNOWLEDGE PORTAL (AKP) AND VAO SUBSCRIPTIONS,https://www.usaspending.gov/award/CONT_AWD_36C10X22C0056_3600_-NONE-_-NONE-
web_portal_content,sole_source,1,5571090.6,Health Resources and Services Administration,"TRIPOINT SOLUTIONS, LLC",2024-09-26,2026-09-29 00:00:00,DF10,OIT-SERVICE35 C 6805 SHAREPOINT MODERNIZATION (W-ZERO TRUST) SERVICES,https://www.usaspending.gov/award/CONT_AWD_75R60224F80139_7526_47QTCA18D008J_4732
web_portal_content,sole_source,1,5010284.64,Administration for Children and Families,APPLIED INTELLECT LLC,2022-10-31,2024-01-30 00:00:00,DA01,UC PORTAL CORE APPLICATION MANAGEMENT AND SUPPORT,https://www.usaspending.gov/award/CONT_AWD_75ACF123F80001_7590_47QTCB21D0210_4732
web_portal_content,sole_source,1,4217617.0,Department of Veterans Affairs,UNISON VIRTUAL ACQUISITION OFFICE LLC,2024-03-28,2025-09-28 00:00:00,7A21,VAO ACQUISITION KNOWLEDGE PORTAL (AKP) AND VAO SUBSCRIPTIONS,https://www.usaspending.gov/award/CONT_AWD_36C10X24P0040_3600_-NONE-_-NONE-
web_portal_content,sole_source,1,4082858.06,Office of Assistant Secretary for Preparedness and Response,"AFFIGENT, LLC",2023-05-01,2024-11-01 00:00:00,DH01,HEALTH PARTNER ORDER PORTAL (HPOP),https://www.usaspending.gov/award/CONT_AWD_75A50223F80007_7505_NNG15SC59B_8000
web_portal_content,sole_source,1,3991200.0,Health Resources and Services Administration,"TRIPOINT SOLUTIONS, LLC",2024-09-25,2025-09-25 00:00:00,DF10,OIT-SERVICES35 C 5619 SHAREPOINT OPERATIONS AND MAINTENANCE SUPPORT SERVICES,https://www.usaspending.gov/award/CONT_AWD_75R60224F80136_7526_47QTCA18D008J_4732
web_portal_content,sole_source,1,2747996.0,Office of the Assistant Secretary for Financial Resources,"TRIPOINT SOLUTIONS, LLC",2025-09-25,2026-09-25 00:00:00,7A21,OIT-SERVICES35 C 6533. SHAREPOINT O&M AND LIMITED DME SUPPORT,https://www.usaspending.gov/award/CONT_AWD_75R60225F80125_7526_47QTCA18D008J_4732
web_portal_content,sole_source,1,1784079.67,Office of the Assistant Secretary for Administration,SKYLIGHT INC.,2020-03-19,2021-03-16 00:00:00,D308,WEBSITE DEVELOPMENT SUPPORT SERVICES FOR COVID-19 NATIONAL TELEHEALTH EFFORTS. SUPPORTS THE EFFORTS TO DEVELOP A COVID-19 WEBSITE FOR PUBLIC USE THROUGHOUT THE UNITED STATES.,https://www.usaspending.gov/award/CONT_AWD_75P00120F80119_7570_47QTCA18D00D0_4732
web_portal_content,sole_source,1,1763077.87,Food and Drug Administration,SARA SOFTWARE SYSTEMS LLC,2023-05-03,2026-04-20 00:00:00,DA01,SHAREPOINT ONLINE SUPPLEMENTAL SUPPORT AND DEVELOPMENT SERVICES,https://www.usaspending.gov/award/CONT_AWD_75F40123F80109_7524_47QTCA18D00D6_4732
web_portal_content,sole_source,1,1336501.0,Centers for Medicare and Medicaid Services,ANIKA SYSTEMS INCORPORATED,2024-07-19,2026-07-22 00:00:00,DA01,BASE YEAR CMCS MEDICAID & IKN WEB SITE QUALITY ASSURANCE SUPPORT (QUALITY ASSURANCE SUPPORT AND IMPLEMENTATION,https://www.usaspending.gov/award/CONT_AWD_75FCMC24F0145_7530_47QTCB21D0306_4732
web_portal_content,sole_source,1,1043038.82,Centers for Medicare and Medicaid Services,"AVB DIGITAL, LLC",2026-03-06,2030-05-08 00:00:00,DA01,"THE DEPARTMENT OF HEALTH AND HUMAN SERVICES (HHS), CENTERS FOR MEDICARE & MEDICAID SERVICES (CMS) HAS A REQUIREMENT TO ASSIST CENTER FOR MEDICAID AND CHIP SERVICES (CMCS) WITH THE COMPREHENSIVE CONTENT MANAGEMENT OF THEIR WEBSITES: MEDICAID.GOV, INSU",https://www.usaspending.gov/award/CONT_AWD_75FCMC26F0043_7530_47QTCB22D0570_4732
web_portal_content,sole_source,1,711151.62,Office of the Assistant Secretary for Administration,BRUNET-GARCIA ADVERTISING LLC,2017-09-05,2020-09-29 00:00:00,D314,IGF::OT::IGF COMMUNICATIONS AND WEBSITE MANAGEMENT FOR THE HEALTH PROFESSION OPPORTUNITY GRANTS,https://www.usaspending.gov/award/CONT_AWD_HHSP233201700254G_7570_GS07F0495Y_4732
web_portal_content,sole_source,1,566631.28,Office of the Assistant Secretary for Administration,DATA FEDERAL CORPORATION,2019-06-07,2026-04-23 00:00:00,D313,IGF::OT::IGF OHR INTRANET IT SYSTEM REDESIGN,https://www.usaspending.gov/award/CONT_AWD_75P00119F80107_7570_GS06F1125Z_4732
web_portal_content,sole_source,1,445000.0,Department of Veterans Affairs,"ENGINEERED CARE, INC",2023-03-09,2026-03-09 00:00:00,DA10,ENGINEERED CARE - CARE TRANSITIONS PORTAL BASE PERIOD,https://www.usaspending.gov/award/CONT_AWD_36C10A23C0007_3600_-NONE-_-NONE-
web_portal_content,sole_source,1,403929.36,Office of the Assistant Secretary for Administration,OPEN TEXT INC.,2020-03-12,2025-03-15 00:00:00,D317,CONTENT MANAGEMENT SUITE LICENSE AND TECHNICAL SUPPORT FOR OASH,https://www.usaspending.gov/award/CONT_AWD_75P00120F80055_7570_47QTCA19D007R_4732
web_portal_content,sole_source,1,381694.0,Centers for Medicare and Medicaid Services,CWR TECHNOLOGIES L.L.C.,2023-06-30,2028-07-02 00:00:00,DF10,THE PURPOSE OF THIS REQUEST IS TO FUND THE BASE PERIOD AWARD FOR THE CMS PRODUCT ORDERING WEBSITE (POW),https://www.usaspending.gov/award/CONT_AWD_75FCMC23C0032_7530_-NONE-_-NONE-
web_portal_content,sole_source,1,312000.0,National Institutes of Health,HID GLOBAL CORP,2023-10-31,2026-10-31 00:00:00,DH01,WAYFINDING NAVIGATION APPLICATION LICENSE AND MAINTENANCE SERVICES,https://www.usaspending.gov/award/CONT_AWD_75N90024C00005_7529_-NONE-_-NONE-
web_portal_content,sole_source,1,285854.23,Office of the Assistant Secretary for Administration,DIGITAL MANAGEMENT LLC,2020-01-17,2025-08-31 00:00:00,D399,HHS REIMAGINE GRANTS SINGLE FEDERAL FINANCIAL REPORT (FFR) SINGLE PORTAL INTERFACE FOR PAYMENT MANAGEMENT SYSTEM,https://www.usaspending.gov/award/CONT_AWD_75P00120F80030_7570_HHSN316201200129W_7529
web_portal_content,sole_source,,258500.0,Department of Veterans Affairs,"LRP PUBLICATIONS, INC.",2024-09-27,2029-09-08 00:00:00,DH10,24/7 WEB-BASED RESEARCH PORTAL - ORDER OF 470 LICENSES,https://www.usaspending.gov/award/CONT_AWD_36C10X24F0112_3600_36C10X24A0021_3600
web_portal_content,sole_source,1,238191.6,Centers for Medicare and Medicaid Services,CENTEVA LLC,2023-08-29,2025-09-21 00:00:00,DA10,"THIS SERVICE IS STRICTLY FOR THE OPERATION AND MAINTENANCE OF THE OAGM WEB BASED SERVICES FOR AGX, RECORDS MANAGEMENT SYSTEM (RMS), SHARE POINT AND CMS.GOV CONTENT MANAGEMENT.",https://www.usaspending.gov/award/CONT_AWD_75FCMC23F0113_7530_GS00F132DA_4732
web_portal_content,sole_source,,209825.0,Department of Veterans Affairs,"LRP PUBLICATIONS, INC.",2025-09-08,2026-09-08 00:00:00,DH10,24/7 WEB-BASED RESEARCH PORTAL - INCORPORATE VAAR CLAUSE 852.222-71,https://www.usaspending.gov/award/CONT_AWD_36C10X25F0041_3600_36C10X24A0021_3600
web_portal_content,sole_source,1,202161.5,Food and Drug Administration,"THARROS DEFENSE, INC.",2024-09-25,2027-09-24 00:00:00,DA01,CBER BIOLOGICS EFFECTIVENESS AND SAFETY (BEST) SYSTEM WEBSITE DEVELOPMENT AND MAINTENANCE SUPPORT,https://www.usaspending.gov/award/CONT_AWD_75F40124P00471_7524_-NONE-_-NONE-
web_portal_content,sole_source,1,182140.21,National Institutes of Health,LABVANTAGE SOLUTIONS INC,2024-06-25,2025-01-31 00:00:00,7A20,LABVANTAGE LIM PORTAL ADD-ON AND ADDITIONAL PROFESSIONAL SERVICE DAYS,https://www.usaspending.gov/award/CONT_AWD_75N90024F00077_7529_GS35F0139U_4730
web_portal_content,sole_source,1,142747.33,Centers for Medicare and Medicaid Services,"NEW TECH SOLUTIONS, INC.",2025-07-14,2026-06-30 00:00:00,7A21,"GIMMAL RECORDS MANAGEMENT (GRM) SOFTWARE MAINTENANCE, GIMMAL SHAREPOINT ONLINE CONNECTOR, AND GIMMAL PROFESSIONAL SERVICES HOURS",https://www.usaspending.gov/award/CONT_AWD_75FCMC25PJ010_7530_-NONE-_-NONE-
web_portal_content,sole_source,1,129415.02,Centers for Medicare and Medicaid Services,CARAHSOFT TECHNOLOGY CORP,2024-12-17,2027-12-15 00:00:00,7A21,"THE OBJECTIVE OF THIS PROCUREMENT IS TO OBTAIN NECESSARY WEBSITE TOOLS LICENSING, THAT INCLUDES APPLICATION AND SUPPORT SERVICES FOR MEDICAID.GOV AND INSUREKIDSNOW.GOV BY CMCS, INCLUDING BUT NOT LIMITED TO OTHER ASSOCIATED INITIATIVES. THIS WEBSITE A",https://www.usaspending.gov/award/CONT_AWD_75FCMC25PJ002_7530_-NONE-_-NONE-
web_portal_content,sole_source,,126862.0,Office of Assistant Secretary for Preparedness and Response,EAGLE HARBOR SOLUTIONS LLC,2023-11-01,2024-10-31 00:00:00,DD01,HEALTH PARTNER ORDER PORTAL (HPOP) SECURITY CONTROL ASSESSMENT SUPPORT SERVICES,https://www.usaspending.gov/award/CONT_AWD_75A50224F62010_7505_75A50120D00025_7505
web_portal_content,sole_source,1,124612.68,Office of the Assistant Secretary for Financial Resources,"THE EMMES COMPANY, LLC",2026-08-28,2027-09-14 00:00:00,DA01,"THE GOVERNMENT REQUIRES CONTRACTOR SUPPORT TO PROVIDE CONTINUED READ-ONLY ACCESS, MAINTENANCE, SECURITY COMPLIANCE, AND SUBSEQUENT DECOMMISSIONING OF THE VACCINE RESEARCH CENTER (VRC) WEBSITES AND ASSOCIATED DATA SYSTEMS. SERVICES INCLUDE MAINTAINING",https://www.usaspending.gov/award/CONT_AWD_7571TE26P00111_7571_-NONE-_-NONE-
web_portal_content,sole_source,1,123059.0,National Institutes of Health,TECHNOLOGY INDUSTRIES INC,2025-12-18,2026-12-18 00:00:00,DJ01,"TECHNOLOGY INDUSTRIES, INC:1338826 - ENTERPRISE SUPT FOR ENTRYPOINT PUBLIC PORTAL [26-000101]",https://www.usaspending.gov/award/CONT_AWD_75N98026P00002_7529_-NONE-_-NONE-
web_portal_content,sole_source,1,114325.0,Defense Health Agency,DYNATOUCH CORPORATION,2019-07-16,2024-09-30 00:00:00,D317,SUPPORT FOR 25 KIOSK,https://www.usaspending.gov/award/CONT_AWD_N0023219F6301_9700_GS35F306CA_4732
web_portal_content,sole_source,1,100000.0,Department of Veterans Affairs,"ENGINEERED CARE, INC",2020-04-30,2025-03-31 00:00:00,D319,CARE TRANSITION PORTAL SUBSCRIPTION LICENSES AND MAINTENANCE SUPPORT,https://www.usaspending.gov/award/CONT_AWD_36C10B20C0028_3600_-NONE-_-NONE-
web_portal_content,sole_source,,62378.4,National Institutes of Health,"CHICKASAW FUTREND TECHNOLOGIES ALLIANCE, LLC",2025-09-22,2026-09-29 00:00:00,7A21,"SHAREPOINT MIGRATION, MAINTENANCE, AND SUPPORT SERVICES FROM CHICKASAW FUTREND TECHNOLOGIES ALLIANCE, LLC:1499239 [25-011209]",https://www.usaspending.gov/award/CONT_AWD_75N90025F00008_7529_75N90024D00007_7529
web_portal_content,sole_source,,60409.2,National Institutes of Health,SIKICH FEDERAL INC.,2022-06-07,2023-06-15 00:00:00,DA01,OM SHAREPOINT INTRANET,https://www.usaspending.gov/award/CONT_AWD_75N96022F00003_7529_75N96020D00012_7529
web_portal_content,sole_source,,48991.56,National Institutes of Health,SIKICH FEDERAL INC.,2020-09-18,2021-09-27 00:00:00,D399,OM ACQUISITIONS INTRANET (OAI) DME SUPPORT SERVICES,https://www.usaspending.gov/award/CONT_AWD_75N96020F00005_7529_75N96020D00012_7529
web_portal_content,sole_source,,47999.2,National Institutes of Health,CORETEK CONSULTING LLC,2023-09-27,2024-01-13 00:00:00,DA01,DRUPAL & SHAREPOINT  PERIOD OF PERFORMANCE: 09/18/2023 TO 10/19/2023,https://www.usaspending.gov/award/CONT_AWD_75N98023F00007_7529_75N98022D00009_7529
web_portal_content,sole_source,,42892.91,National Institutes of Health,CORETEK CONSULTING LLC,2023-01-20,2024-01-13 00:00:00,DB02,OALM IT SERVICE SUPPORT AND MAINTENANCE (OALM WEBSITE - DRUPAL) PERIOD OF PERFORMANCE:  1/16/2023-1/15/2024,https://www.usaspending.gov/award/CONT_AWD_75N98023F00003_7529_75N98022D00009_7529
web_portal_content,sole_source,1,38000.0,Agency for Healthcare Research and Quality,SILVERCHAIR SCIENCE + COMMUNICATIONS LLC,2022-07-07,2022-07-29 00:00:00,DD01,SUPPORTING AHRQ'S NATIONAL GUIDELINE CLEARINGHOUSE AND NATIONAL QUALITY MEASURES CLEARINGHOUSE DATA AND WEBSITE ACTIVITIES,https://www.usaspending.gov/award/CONT_AWD_75Q80122P00005_7528_-NONE-_-NONE-
web_portal_content,sole_source,1,35700.0,Department of Veterans Affairs,CAREFUSION 2200 INC,2024-06-24,2026-09-30 00:00:00,DA10,BD PYXIS CAREFUSION KNOWLEDGE PORTAL,https://www.usaspending.gov/award/CONT_AWD_36C24224P1347_3600_-NONE-_-NONE-
web_portal_content,sole_source,1,30000.0,Department of Veterans Affairs,JERRETT MAUREEN T,2026-09-10,2027-09-09 00:00:00,DA10,"WEBSITE CONSULTATION, DESIGN, AND CONTENT DEVELOPMENT FOR QUERI R&D",https://www.usaspending.gov/award/CONT_AWD_36C26226P1439_3600_-NONE-_-NONE-
web_portal_content,sole_source,,26883.3,Food and Drug Administration,VERSA INTEGRATED SOLUTIONS INC,2016-09-22,2017-11-04 00:00:00,7050,"IGF::OT::IGF DIGITAL SIGNAGE ORDER, FOUR WINDS PLAYERS AND SOFTWARE.",https://www.usaspending.gov/award/CONT_AWD_HHSF22301003T_7524_HHSF223201610012I_7524
web_portal_content,sole_source,1,25027.37,Department of Veterans Affairs,"V3GATE, LLC",2023-03-01,2028-03-31 00:00:00,DG01,KIOSK AND SUPPORT SERVICES,https://www.usaspending.gov/award/CONT_AWD_36C24723P0508_3600_-NONE-_-NONE-
