theme,signals,offers,amount,sub_agency,recipient,psc,date_signed,pop_end,extent_competed,not_competed_reason,description,url
other,competed_one_bid,1,9988163.49,Department of Veterans Affairs,"THUNDERCAT TECHNOLOGY, LLC",DG10,2021-09-15,2027-03-15 00:00:00,FULL AND OPEN COMPETITION AFTER EXCLUSION OF SOURCES,,GUEST WIFI WIRELESS SERVICES,https://www.usaspending.gov/award/CONT_AWD_36C24821F0372_3600_NNG15SD26B_8000
other,competed_one_bid,1,9961450.39,Department of Veterans Affairs,"PICIS CLINICAL SOLUTIONS, INC.",DA01,2021-11-19,2026-11-27 00:00:00,COMPETED UNDER SAP,,PICIS SOFTWARE SERVICE AND MAINTANCE,https://www.usaspending.gov/award/CONT_AWD_36C24822N0187_3600_36C10G21A0007_3600
other,competed_one_bid,1,9951776.18,Defense Health Agency,AMERICAN SYSTEMS CORPORATION,D302,2020-05-12,2021-01-04 00:00:00,FULL AND OPEN COMPETITION,,THEATER MEDICAL INFORMATION PROGRAM-JOINT TRANSFORMATION PLANNING,https://www.usaspending.gov/award/CONT_AWD_HT003820F0006_9700_HT003819G0001_9700
clinical_it_ehr,competed_one_bid,1,9943386.96,Department of Veterans Affairs,COFORMA LLC,DA01,2022-09-07,2024-09-08 00:00:00,FULL AND OPEN COMPETITION AFTER EXCLUSION OF SOURCES,,CLINICAL DECISION SUPPORT - APPLICATIONS,https://www.usaspending.gov/award/CONT_AWD_36C10B22N00050003_3600_36C10B21D0005_3600
analytics_reporting,competed_one_bid,1,9791901.04,Centers for Disease Control and Prevention,"SEKON ENTERPRISE, LLC",D306,2020-07-22,2026-01-31 00:00:00,FULL AND OPEN COMPETITION AFTER EXCLUSION OF SOURCES,,EHARS REPORTING AND MAINTENANCE,https://www.usaspending.gov/award/CONT_AWD_75D30120F08494_7523_HHSN316201200170W_7529
other,competed_one_bid,1,9672378.0,Office of the Assistant Secretary for Financial Resources,"AFFIGENT, LLC",DA10,2026-08-27,2027-09-25 00:00:00,FULL AND OPEN COMPETITION AFTER EXCLUSION OF SOURCES,,"THE SCOPE OF WORK COVERS THE SAAS PLATFORM, UPSTREAM/DATA BRAIN, THAT IS PROGRAMMED AND CONFIGURED FOR ENHANCED READINESS AND OPTIMIZATION VIA CONTINUOUS PLATFORM SUPPORT IN ORDER TO ACHIEVE THE FOLLOWING: EXPANSION AND ENRICHMENT OF THE DATASET AGGR",https://www.usaspending.gov/award/CONT_AWD_7571TE26F80226_7571_NNG15SC59B_8000
other,competed_one_bid,1,9536665.29,National Institutes of Health,"INFORMATION MANAGEMENT SERVICES, INC.",D308,2019-09-17,2022-09-21 00:00:00,COMPETED UNDER SAP,,"DIVISION OF CANCER PREVENTION, INFORMATION TECHNOLOGY AND INFORMATICS SUPPORT",https://www.usaspending.gov/award/CONT_AWD_75N91019F00134_7529_HHSN261201500002B_7529
infrastructure_ops,competed_one_bid,1,9126872.67,Office of the Assistant Secretary for Administration,"EMERGENT, LLC",DA10,2023-10-31,2026-04-30 00:00:00,FULL AND OPEN COMPETITION,,ENTERPRISE HUMAN CAPITAL MANAGEMENT (EHCM) HOSTING,https://www.usaspending.gov/award/CONT_AWD_75P00124F80002_7570_NNG15SC33B_8000
other,competed_one_bid,1,9109857.11,National Institutes of Health,"THE BIOTEAM, LLC",D399,2020-08-03,2023-08-09 00:00:00,COMPETED UNDER SAP,,SCIENTIFIC IT SERVICES,https://www.usaspending.gov/award/CONT_AWD_75N98020F00001_7529_75N97020A00012_7529
other,competed_one_bid,1,9093195.34,Centers for Medicare and Medicaid Services,"KT CONSULTING, INC.",D399,2019-06-20,2022-06-20 00:00:00,FULL AND OPEN COMPETITION AFTER EXCLUSION OF SOURCES,,VCS SUPPORT-USER ACCEPTANCE TESTING,https://www.usaspending.gov/award/CONT_AWD_75FCMC19F0058_7530_GS00Q14OADS123_4732
analytics_reporting,competed_one_bid,1,9089915.07,Department of Veterans Affairs,"INSIGNIA TECHNOLOGY SERVICES, LLC",DA01,2024-09-24,2025-10-24 00:00:00,FULL AND OPEN COMPETITION,,HEURISTIC BEHAVIOR ANALYTICS,https://www.usaspending.gov/award/CONT_AWD_36C10B24N10250027_3600_VA11816D1025_3600
other,competed_one_bid,1,8884982.61,Department of Veterans Affairs,"FOUR POINTS TECHNOLOGY, L.L.C.",DA10,2024-09-19,2026-09-29 00:00:00,FULL AND OPEN COMPETITION AFTER EXCLUSION OF SOURCES,,DATADOG APPLICATION PERFORMANCE MONITORING (APM) TOOL.,https://www.usaspending.gov/award/CONT_AWD_36C10B24F0383_3600_NNG15SD22B_8000
other,competed_one_bid,1,8853717.55,Department of Veterans Affairs,TECHNATOMY CORPORATION,DA01,2024-11-08,2029-11-08 00:00:00,FULL AND OPEN COMPETITION,,PHARMACY REENGINEERING INBOUND EPERSCRIBING CLEARING HOUSE TRANSACTION SERVICES,https://www.usaspending.gov/award/CONT_AWD_36C10B25F0030_3600_47QTCA18D00JT_4732
other,competed_one_bid,1,8803449.91,Department of Veterans Affairs,FEDSTORE CORPORATION,DA01,2024-10-31,2027-10-31 00:00:00,FULL AND OPEN COMPETITION AFTER EXCLUSION OF SOURCES,,PEGA FTE SOFTWARE LICENSING,https://www.usaspending.gov/award/CONT_AWD_36C10B25F0024_3600_NNG15SD21B_8000
other,competed_one_bid,1,8551102.24,Defense Health Agency,"EAGLE INTEGRATED SERVICES, LLC",DG01,2024-08-06,2027-02-28 00:00:00,FULL AND OPEN COMPETITION AFTER EXCLUSION OF SOURCES,,INFORMATION TECHNOLOGY SERVICES,https://www.usaspending.gov/award/CONT_AWD_HT001524F0117_9700_47QTCB21D0173_4732
analytics_reporting,competed_one_bid,1,8462604.12,Centers for Medicare and Medicaid Services,VERSA INTEGRATED SOLUTIONS INC,DA01,2023-09-14,2028-09-16 00:00:00,FULL AND OPEN COMPETITION AFTER EXCLUSION OF SOURCES,,THE HUMAN CAPITAL DATA ANALYTICS/WORKFORCE PLANNING PROGRAM IN OHC DIRECTLY SUPPORTS THE CMS STRATEGY TO MODERNIZE CMS AND IMPROVE OUR ADMINISTRATIVE PROCESSES BY LEVERAGING TECHNOLOGY AND AUTOMATION. THE PURPOSE OF THIS PROCUREMENT IS TO SUPPORT OHC,https://www.usaspending.gov/award/CONT_AWD_75FCMC23F0152_7530_47QTCB21D0424_4732
infrastructure_ops,competed_one_bid,1,8428615.58,Department of Veterans Affairs,"B 3 GROUP, LLC",D399,2018-09-14,2024-02-16 00:00:00,FULL AND OPEN COMPETITION,,IGF::OT::IGF  WIDE AREA NETWORK (WAN) SERVICES,https://www.usaspending.gov/award/CONT_AWD_36C10B18N10080022_3600_VA11816D1008_3600
other,competed_one_bid,1,8333380.94,Department of Veterans Affairs,"AGILE SIX APPLICATIONS, INC",DA01,2021-12-17,2025-12-04 00:00:00,FULL AND OPEN COMPETITION AFTER EXCLUSION OF SOURCES,,VETERAN-FACING SERVICES CONTENT MANAGEMENT SYSTEM,https://www.usaspending.gov/award/CONT_AWD_36C10B22N00060002_3600_36C10B21D0006_3600
other,competed_one_bid,1,8171848.22,Department of Veterans Affairs,APTIVE RESOURCES LLC,DA01,2022-09-29,2024-09-29 00:00:00,FULL AND OPEN COMPETITION AFTER EXCLUSION OF SOURCES,,TRANSITION TO INTERNET PROTOCOL VERSION 6 (IPV6) BASE YEAR AWARD,https://www.usaspending.gov/award/CONT_AWD_36C10B22N10290001_3600_36C10B21D1029_3600
other,competed_one_bid,1,8158914.52,Office of the Assistant Secretary for Administration,RED RIVER TECHNOLOGY LLC,D309,2016-08-30,2019-03-01 00:00:00,FULL AND OPEN COMPETITION AFTER EXCLUSION OF SOURCES,,IGF::CL::IGF COMPUTER SYSTEM SECURITY SERVICES,https://www.usaspending.gov/award/CONT_AWD_HHSP233201600192W_7570_NNG15SC85B_8000
other,competed_one_bid,1,8014318.6,National Institutes of Health,"DLH, LLC",D399,2019-06-20,2024-01-31 00:00:00,FULL AND OPEN COMPETITION AFTER EXCLUSION OF SOURCES,,"IGF::OT::IGF OTHER FUNCTION TITLE: NIDA IRP INFORMATION TECHNOLOGY AND VISUAL MEDIA SERVICES BASE PERIOD: 07/01/2019- 11/30/2019  OPTION PERIOD 1: DECEMBER 1, 2019 THROUGH NOVEMBER 30, 2020; OPTION PERIOD 2: DECEMBER 1, 2020 THROUGH NOVEMBER 30, 2021; OPTION PERIOD 3: DECEMBER 1, 2021 THROUGH NOVEMBER 30, 2022; AND  OPTION PERIOD 4: DECEMBER 1, 2022 THROUGH NOVEMBER 30, 2023",https://www.usaspending.gov/award/CONT_AWD_75N95019F00088_7529_HHSN316201200145W_7529
other,competed_one_bid,1,8002037.0,National Institutes of Health,GUIDEHOUSE DIGITAL LLC,D399,2019-09-13,2022-09-23 00:00:00,FULL AND OPEN COMPETITION AFTER EXCLUSION OF SOURCES,,TECHNICAL&USER SUPPORT FOR MOLECULAR BIOLOGY AND GENOMICS INFORMATION RESOURCES,https://www.usaspending.gov/award/CONT_AWD_75N97019F00066_7529_HHSN316201300006W_7529
infrastructure_ops,competed_one_bid,1,7990451.93,Office of the Assistant Secretary for Administration,"SEV1TECH, LLC",DK10,2025-09-27,2026-07-28 00:00:00,FULL AND OPEN COMPETITION,,"NGITS ON-PREM HOSTING SERVICES, AND IT SUPPORT SERVICES THAT ARE PROVIDED ACROSS HHS WITHIN THE CLOUD MANAGED APPLICATION HOSTING CENTER (C-MAHC) AND MANAGED APPLICATION HOSTING CENTER (MAHC).",https://www.usaspending.gov/award/CONT_AWD_75P00125F37014_7570_HHSP233201700023B_7570
other,competed_one_bid,1,7750848.0,Department of Veterans Affairs,METGREEN SOLUTIONS INC,DA10,2025-04-07,2028-04-06 00:00:00,FULL AND OPEN COMPETITION AFTER EXCLUSION OF SOURCES,,AUTOMATED CLASSIFICATION SYSTEM,https://www.usaspending.gov/award/CONT_AWD_36C10B25F0098_3600_NNG15SD37B_8000
other,competed_one_bid,1,7634157.82,Food and Drug Administration,BOOZ ALLEN HAMILTON INC,DH01,2023-09-13,2025-09-14 00:00:00,FULL AND OPEN COMPETITION,,SUBMISSION DATA SUPPORT (IESS 6.0) UNDER DATA RESOURCE MANAGEMENT FOR HUMAN DRUG REVIEW BPA,https://www.usaspending.gov/award/CONT_AWD_75F40123F19008_7524_HHSF223201810000B_7524
other,competed_one_bid,1,7518821.66,Department of Veterans Affairs,"THUNDERCAT TECHNOLOGY, LLC",DA01,2024-04-18,2027-04-17 00:00:00,FULL AND OPEN COMPETITION AFTER EXCLUSION OF SOURCES,,"508 ENTERPRISE FUSION (JAWS/ZOOMTEXT)/JAWS INSPECT UNLIMITED INDIVIDUAL USER SOFTWARE LICENSES WITH COMMERCIAL SOFTWARE MAINTENANCE SERVICES, PLUS ONE OPTIONAL TASK FOR UNLIMITED ENTERPRISE LICENSES OF FUSION FOR ALL KIOSKS,VA-WIDE.  EO 14398",https://www.usaspending.gov/award/CONT_AWD_36C10B24F0122_3600_NNG15SD26B_8000
other,competed_one_bid,1,7489425.17,Office of the Assistant Secretary for Financial Resources,DATAVANT INC,DF10,2025-09-30,2026-06-29 00:00:00,COMPETED UNDER SAP,,"THE DEPARTMENT OF HEALTH AND HUMAN SERVICES (HHS) OFFICE OF THE CHIEF INFORMATION OFFICER (OCIO) WITH NATIONAL INSTITUTE OF HEALTH, URGENTLY REQUIRES A CONSISTENT WAY FOR PUBLIC HEALTH JURISDICTIONS TO SHARE DATA WHILE PROTECTING PERSONALLY IDENTIFIA",https://www.usaspending.gov/award/CONT_AWD_75P00125P00084_7570_-NONE-_-NONE-
other,competed_one_bid,1,7450205.03,Centers for Medicare and Medicaid Services,TISTA SCIENCE AND TECHNOLOGY CORPORATION,D399,2019-11-01,2020-07-31 00:00:00,FULL AND OPEN COMPETITION,,BRIDGE FOR UCM,https://www.usaspending.gov/award/CONT_AWD_75FCMC20F0001_7530_HHSM500201600060I_7530
other,competed_one_bid,1,7405001.74,National Institutes of Health,"FOUR POINTS TECHNOLOGY, L.L.C.",7050,2019-04-17,2024-06-30 00:00:00,FULL AND OPEN COMPETITION,,FOUR POINTS TECHNOLOGY LLC:1132627 [19-000521]- ENTERPRISE SUPPORT AND STRATEGIC ACCOUNT MANAGEMENT,https://www.usaspending.gov/award/CONT_AWD_75N97019F00066_7529_HHSN316201500034W_7529
other,competed_one_bid,1,7349385.82,National Institutes of Health,LCG SYSTEMS LLC,DA01,2022-09-16,2027-09-17 00:00:00,FULL AND OPEN COMPETITION AFTER EXCLUSION OF SOURCES,,TO PROVIDE IT TECHNICAL SUPPORT SERVICES TO THE NIAAA.,https://www.usaspending.gov/award/CONT_AWD_75N94022F00001_7529_HHSN316201200155W_7529
clinical_it_ehr,competed_one_bid,1,7189082.98,Food and Drug Administration,"PRECISE SOFTWARE SOLUTIONS, INC.",DF01,2022-09-12,2025-02-05 00:00:00,FULL AND OPEN COMPETITION,,LABORATORY INFORMATION MANAGEMENT SYSTEM (LIMS),https://www.usaspending.gov/award/CONT_AWD_75F40122F19007_7524_HHSF223201610013B_7524
other,competed_one_bid,1,7124023.39,National Institutes of Health,BOOZ ALLEN HAMILTON INC,D399,2018-09-19,2021-09-25 00:00:00,FULL AND OPEN COMPETITION,,BAH - NINDS DIGITAL STRATEGY SUPPORT AND OPERATION,https://www.usaspending.gov/award/CONT_AWD_75N95018F00001_7529_HHSN316201200008W_7529
other,competed_one_bid,1,7099815.5,Food and Drug Administration,ZAYO GROUP LLC,DG01,2021-02-26,2025-11-30 00:00:00,FULL AND OPEN COMPETITION,,DARK FIBER CIRCUITS,https://www.usaspending.gov/award/CONT_AWD_75F40121C00026_7524_-NONE-_-NONE-
other,competed_one_bid,1,6998601.91,Food and Drug Administration,NISGA'A DATA SYSTEMS LLC,D399,2020-03-26,2024-10-29 00:00:00,FULL AND OPEN COMPETITION AFTER EXCLUSION OF SOURCES,,"NATIONWIDE VOIP/IT AND LEGACY SYSTEMS SUPPORT, CABLING&SYSTEM MAINTENANCE SERVICES",https://www.usaspending.gov/award/CONT_AWD_75F40120F80128_7524_GS00Q17GWD2346_4732
other,competed_one_bid,1,6848848.22,National Institutes of Health,"DLH, LLC",D399,2018-06-05,2021-07-31 00:00:00,FULL AND OPEN COMPETITION AFTER EXCLUSION OF SOURCES,,PROFESSIONAL IT SERVICES TO ASSIST THE NATIONAL INSTITUTE OF DIABETES AND DIGESTIVE AND KIDNEY DISEASES (NIDDK)COMPUTER TECHNOLOGY BRANCH (CTB) IN MEETING ITS CRITICAL MISSION REQUIREMENT TO PROVIDE IT SUPPORT AND GUIDANCE TO NIDDK AND PARTNERING INSTITUTES.,https://www.usaspending.gov/award/CONT_AWD_75N94018F00001_7529_HHSN316201200145W_7529
other,competed_one_bid,1,6700000.95,Centers for Disease Control and Prevention,ATT MOBILITY LLC,DG11,2022-04-28,2024-08-31 00:00:00,FULL AND OPEN COMPETITION,,CDC AT&T WIRELESS MOBILE SOLUTIONS,https://www.usaspending.gov/award/CONT_AWD_75D30122F13693_7523_47QTCA19D00MV_4732
other,competed_one_bid,1,6609155.26,Department of Veterans Affairs,"THUNDERCAT TECHNOLOGY, LLC",DA10,2025-08-05,2027-03-31 00:00:00,FULL AND OPEN COMPETITION AFTER EXCLUSION OF SOURCES,,HYPERCONVERGED MEDICAL SOLUTION,https://www.usaspending.gov/award/CONT_AWD_36C26025F0342_3600_NNG15SD26B_8000
other,competed_one_bid,1,6579717.74,Department of Veterans Affairs,"FOUR POINTS TECHNOLOGY, L.L.C.",DA10,2022-10-01,2027-09-30 00:00:00,FULL AND OPEN COMPETITION AFTER EXCLUSION OF SOURCES,,CISCO APPDYNAMICS,https://www.usaspending.gov/award/CONT_AWD_36C10B23F0015_3600_NNG15SD22B_8000
other,competed_one_bid,1,6504581.51,Department of Veterans Affairs,"FOUR POINTS TECHNOLOGY, L.L.C.",DA10,2024-01-18,2029-01-31 00:00:00,FULL AND OPEN COMPETITION AFTER EXCLUSION OF SOURCES,,VISN 4 - PICTURE ARCHIVING COMMUNICATION SYSTEM,https://www.usaspending.gov/award/CONT_AWD_36C24424F0139_3600_NNG15SD22B_8000
credentialing_provider_data,competed_one_bid,1,6482585.1,Department of Veterans Affairs,"DECISIVE POINT CONSULTING GROUP, LLC",DA01,2023-09-07,2026-05-07 00:00:00,FULL AND OPEN COMPETITION AFTER EXCLUSION OF SOURCES,,PRIVILEGED ACCESS SECURITY (PAS) SOLUTION SUPPORT SERVICES TASK ORDER,https://www.usaspending.gov/award/CONT_AWD_36C10B23N10310001_3600_36C10B21D1031_3600
other,competed_one_bid,1,6449754.61,Department of Veterans Affairs,"FOUR POINTS TECHNOLOGY, L.L.C.",DH01,2021-03-26,2024-05-28 00:00:00,FULL AND OPEN COMPETITION,,GSA TASK ORDER FOR ADOBE SUPPORT SERVICES,https://www.usaspending.gov/award/CONT_AWD_36C10D21F0010_3600_GS35F0553P_4730
other,competed_one_bid,1,6261902.53,Department of Veterans Affairs,"MINBURN TECHNOLOGY GROUP, LLC",DA10,2025-09-03,2029-09-29 00:00:00,FULL AND OPEN COMPETITION AFTER EXCLUSION OF SOURCES,,LIVEDATA PERIOP,https://www.usaspending.gov/award/CONT_AWD_36C10B25F0208_3600_NNG15SD34B_8000
analytics_reporting,competed_one_bid,1,6061537.74,Office of the Assistant Secretary for Administration,INITIATE GOVERNMENT SOLUTIONS LLC,DA01,2021-05-04,2025-12-31 00:00:00,FULL AND OPEN COMPETITION,,BUSINESS INTELLIGENCE AND ANALYTIC SUPPORT SERVICES,https://www.usaspending.gov/award/CONT_AWD_75P00121F80100_7570_GS35F139DA_4732
other,competed_one_bid,1,6057263.48,National Institutes of Health,"GOVPLACE, LLC",DA01,2023-09-19,2025-09-21 00:00:00,FULL AND OPEN COMPETITION,,LABARCHIVES ELECTRONIC LAB NOTEBOOKS (ELN) FOR NCI AND PARTNER INSTITUTES.,https://www.usaspending.gov/award/CONT_AWD_75N91023F00002_7529_HHSN316201500056W_7529
other,competed_one_bid,1,6045137.89,Office of the Assistant Secretary for Financial Resources,AT-IMPACT LLC,DH01,2022-02-10,2027-02-13 00:00:00,FULL AND OPEN COMPETITION AFTER EXCLUSION OF SOURCES,,"SERVICENOW ADMINISTRATION, DEVELOPMENT AND CONFIGURATION SERVICES.",https://www.usaspending.gov/award/CONT_AWD_75P00122F80039_7570_75N98120D00242_7529
other,competed_one_bid,1,5974457.81,Department of Veterans Affairs,DYNAMIC SYSTEMS INC,DB01,2023-08-31,2025-06-25 00:00:00,FULL AND OPEN COMPETITION AFTER EXCLUSION OF SOURCES,,ORACLE HARDWARE AND SOFTWARE MAINTENANCE SUPPORT RENEWAL,https://www.usaspending.gov/award/CONT_AWD_36C10B23F0298_3600_NNG15SC69B_8000
other,competed_one_bid,1,5957630.84,Department of Veterans Affairs,CARAHSOFT TECHNOLOGY CORP,DA10,2024-09-27,2025-05-31 00:00:00,FULL AND OPEN COMPETITION,,ENTERPRISE-WIDE SPEECH RECOGNITION SOFTWARE SUPPORT,https://www.usaspending.gov/award/CONT_AWD_36C10B24F0402_3600_NNG15SC27B_8000
other,competed_one_bid,1,5917872.79,Defense Health Agency,"EAGLE INTEGRATED SERVICES, LLC",DG01,2023-02-02,2024-08-31 00:00:00,FULL AND OPEN COMPETITION AFTER EXCLUSION OF SOURCES,,INFORMATION TECHNOLOGY SERVICES,https://www.usaspending.gov/award/CONT_AWD_HT001523F0022_9700_47QTCB21D0173_4732
infrastructure_ops,competed_one_bid,1,5802109.44,Office of the Assistant Secretary for Financial Resources,"ALYN, INC.",DA01,2026-09-02,2028-03-01 00:00:00,FULL AND OPEN COMPETITION,,"THE CONTRACTOR SHALL ENSURE OIS CONTINUES TO EXPAND THE HTOC SERVICES, INCREASES FEDERAL PARTNERSHIP INTEGRATION, PROVIDES STRATEGIC RECOMMENDATIONS, AND ENABLES CYBERSECURITY THREAT PROJECTIONS TO POSITION LEVERAGED ADVANCES IN CYBERSECURITY AND CYB",https://www.usaspending.gov/award/CONT_AWD_7571TE26F80245_7571_47QTCA20D004B_4732
other,competed_one_bid,1,5777648.41,National Institutes of Health,"DLH, LLC",DA01,2024-01-31,2028-11-30 00:00:00,FULL AND OPEN COMPETITION AFTER EXCLUSION OF SOURCES,,NIDA IRP INFORMATION TECHNOLOGY AND VISUAL MEDIA SERVICES. 2/1/24 - 11/30/24,https://www.usaspending.gov/award/CONT_AWD_75N95024F00001_7529_HHSN316201200145W_7529
other,competed_one_bid,1,5749687.94,National Institutes of Health,TRIPLEPOINT DSG JOINT VENTURE LLC,DJ01,2024-02-22,2029-03-20 00:00:00,FULL AND OPEN COMPETITION AFTER EXCLUSION OF SOURCES,,SUPPORT FOR THE INFORMATION SECURITY PROGRAM,https://www.usaspending.gov/award/CONT_AWD_75N98024F00096_7529_47QTCB21D0399_4732
other,competed_one_bid,1,5718536.0,National Institutes of Health,ZAYO GROUP LLC,DD01,2021-01-25,2025-11-30 00:00:00,FULL AND OPEN COMPETITION,,FISHERS LANE AND TWINBROOK DARK FIBER LINES ANNUAL LEASE RENEWAL,https://www.usaspending.gov/award/CONT_AWD_75N93021F00087_7529_GS35F070CA_4732
other,competed_one_bid,1,5712638.0,Department of Veterans Affairs,"NETSYNC NETWORK SOLUTIONS, INC.",D399,2018-09-21,2023-09-29 00:00:00,FULL AND OPEN COMPETITION AFTER EXCLUSION OF SOURCES,,THERADOC CLINICAL SUPPORT TOOL,https://www.usaspending.gov/award/CONT_AWD_36C26018F2954_3600_NNG15SC76B_8000
claims_payment_integrity,competed_one_bid,1,5652349.37,National Institutes of Health,GUIDEHOUSE INC.,D399,2019-12-19,2025-06-18 00:00:00,FULL AND OPEN COMPETITION,,"""ERA CYBERSECURITY AND AUDIT SUPPORT",https://www.usaspending.gov/award/CONT_AWD_75N94020F00001_7529_HHSN316201200040W_7529
other,competed_one_bid,1,5634655.32,Defense Health Agency,GOVERNMENT ACQUISITIONS LLC,DE10,2021-09-30,2026-09-29 00:00:00,FULL AND OPEN COMPETITION AFTER EXCLUSION OF SOURCES,,MANAGED PRINT SERVICE (PRINTAAS),https://www.usaspending.gov/award/CONT_AWD_HT001521F0248_9700_NNG15SD23B_8000
infrastructure_ops,competed_one_bid,1,5501559.0,Office of the Assistant Secretary for Financial Resources,"MOST INVESTMENTS, LLC",DA01,2024-09-03,2029-09-28 00:00:00,FULL AND OPEN COMPETITION,,AHRQ QUALITY INDICATORS SOFTWARE MAINTENANCE AND DISSEMINATION,https://www.usaspending.gov/award/CONT_AWD_75Q80124F80008_7528_47QTCA23D006F_4732
other,competed_one_bid,1,5418872.15,Department of Veterans Affairs,"THUNDERCAT TECHNOLOGY, LLC",DA10,2025-07-30,2028-09-29 00:00:00,FULL AND OPEN COMPETITION AFTER EXCLUSION OF SOURCES,,HYPERCONVERGED MEDICAL BACKUP SOLUTION,https://www.usaspending.gov/award/CONT_AWD_36C26025F0350_3600_NNG15SD26B_8000
analytics_reporting,competed_one_bid,1,5399722.07,Health Resources and Services Administration,TECHNOGEN INC.,DF10,2025-09-19,2026-12-31 00:00:00,COMPETED UNDER SAP,,OIT- SERVICES40 C 7454 HEALTH CENTER PROGRAM MONITORING AND POST-AWARD REPORTING,https://www.usaspending.gov/award/CONT_AWD_75R60225F34003_7526_75R60225A00017_7526
other,competed_one_bid,1,5363051.27,Office of the Assistant Secretary for Financial Resources,DAS FEDERAL LLC,DH01,2025-09-24,2029-09-25 00:00:00,FULL AND OPEN COMPETITION AFTER EXCLUSION OF SOURCES,,FDA TRACK SUPPORT AND SERVICES,https://www.usaspending.gov/award/CONT_AWD_75F40125F80229_7524_47QTCB22D0238_4732
other,competed_one_bid,1,5244903.03,Department of Veterans Affairs,"ODDBALL, INC.",DA01,2023-05-19,2025-08-29 00:00:00,FULL AND OPEN COMPETITION AFTER EXCLUSION OF SOURCES,,NEW CEDAR TASK ORDER FOR ASK VA INTEGRATION,https://www.usaspending.gov/award/CONT_AWD_36C10B23N00040007_3600_36C10B21D0004_3600
document_processing,competed_one_bid,1,5149662.09,Office of the Assistant Secretary for Administration,"SILTEK, INC.",D306,2017-09-12,2019-11-22 00:00:00,FULL AND OPEN COMPETITION,,IGF::OT::IGF OGC CASE AND DOCUMENT MANAGEMENT SYSTEM (CDMS),https://www.usaspending.gov/award/CONT_AWD_HHSP23337001_7570_HHSP233201400040B_7555
other,competed_one_bid,1,5114135.9,National Institutes of Health,REGENSTRIEF INSTITUTE INC,DH01,2024-02-29,2025-04-14 00:00:00,FULL AND OPEN COMPETITION,,LINKAGE HONEST BROKER SERVICES FOR THE N3C DATA ENCLAVE,https://www.usaspending.gov/award/CONT_AWD_75N95024F00064_7529_47QTCA18D00GS_4732
other,competed_one_bid,1,5064955.4,National Institutes of Health,MASAI TECHNOLOGIES CORPORATION,DA01,2026-04-29,2031-04-28 00:00:00,FULL AND OPEN COMPETITION AFTER EXCLUSION OF SOURCES,,"OPERATE, MAINTAIN, ENHANCE AND EXPAND THE CURRENT IWMS SOLUTION FOR SPACE MANAGEMENT.",https://www.usaspending.gov/award/CONT_AWD_75N98126F00001_7529_75N98118D00050_7529
other,competed_one_bid,1,4999999.0,Department of Veterans Affairs,"MINBURN TECHNOLOGY GROUP, LLC",DA10,2026-04-07,2027-04-07 00:00:00,FULL AND OPEN COMPETITION AFTER EXCLUSION OF SOURCES,,SUPPLY CHAIN AI RISK ANALYSIS TOOL,https://www.usaspending.gov/award/CONT_AWD_36C10X26F0035_3600_NNG15SD34B_8000
other,competed_one_bid,1,4993575.24,Department of Veterans Affairs,"GOVERNMENT MARKETING AND PROCUREMENT, LLC",D399,2018-07-03,2023-07-02 00:00:00,FULL AND OPEN COMPETITION,,IGF::OT::IGF  VOCERA COMMUNICATION SYSTEM AND INSTALLATION,https://www.usaspending.gov/award/CONT_AWD_36C26018F2789_3600_GS35F0858N_4730
other,competed_one_bid,1,4881177.41,Department of Veterans Affairs,"MINBURN TECHNOLOGY GROUP, LLC",DJ01,2021-07-26,2024-09-27 00:00:00,FULL AND OPEN COMPETITION AFTER EXCLUSION OF SOURCES,,FIREEYE HARDWARE MAINTENANCE,https://www.usaspending.gov/award/CONT_AWD_36C10A21F0244_3600_NNG15SD34B_8000
other,competed_one_bid,1,4799895.0,Department of Veterans Affairs,METGREEN SOLUTIONS INC,DA10,2026-09-24,2027-09-23 00:00:00,FULL AND OPEN COMPETITION AFTER EXCLUSION OF SOURCES,,NUVOLO OT SUBSCRIPTIONS,https://www.usaspending.gov/award/CONT_AWD_36C10B26F0434_3600_NNG15SD37B_8000
other,competed_one_bid,1,4786081.75,Health Resources and Services Administration,SPARKSOFT CORPORATION,DE01,2024-06-25,2026-11-30 00:00:00,FULL AND OPEN COMPETITION AFTER EXCLUSION OF SOURCES,,BHW90 C 5349 NATIONAL PRACTITIONER DATA BANK (NPDB): CUSTOMER SERVICE & PROGRAM OPERATIONS CENTER (CSPOC),https://www.usaspending.gov/award/CONT_AWD_75R60224F80068_7526_47QTCB21D0247_4732
other,competed_one_bid,1,4705898.37,Defense Health Agency,PRENAX INC,DA10,2025-12-31,2031-06-30 00:00:00,FULL AND OPEN COMPETITION,,LIPPINCOTT WILLIAMS AND WILKINS SUBSCRIPTION COLLECTION,https://www.usaspending.gov/award/CONT_AWD_HT001126FE004_9700_47QREA20D001E_4732
other,competed_one_bid,1,4648276.47,Department of Veterans Affairs,"AGILE SIX APPLICATIONS, INC",DA01,2024-03-20,2025-05-31 00:00:00,FULL AND OPEN COMPETITION AFTER EXCLUSION OF SOURCES,,NEW CEDAR TO TO PROVIDE SITEWIDE PRODUCT TEAM SUPPORT FOR OIT.,https://www.usaspending.gov/award/CONT_AWD_36C10B24N00060014_3600_36C10B21D0006_3600
other,competed_one_bid,1,4597562.73,Department of Veterans Affairs,"GRANITE TELECOMMUNICATIONS, LLC",DG11,2022-07-21,2026-07-31 00:00:00,FULL AND OPEN COMPETITION,,NLEC-NG BASIC CONTRACT FOR GRANITE SERVICE ORDER 26,https://www.usaspending.gov/award/CONT_AWD_36C10A22N0043_3600_36C10B20D0031_3600
other,competed_one_bid,1,4510590.16,Office of the Assistant Secretary for Administration,"V3GATE, LLC",DG10,2024-09-26,2029-09-29 00:00:00,FULL AND OPEN COMPETITION AFTER EXCLUSION OF SOURCES,,THE DEPARTMENT OF HEALTH AND HUMAN SERVICES (DHHS) HAS A REQUIREMENT FOR A PREMIER SUPPORT UNLIMITED SUBSCRIPTION FOR LINUX PATCHING AND SUPPORT SERVICES.  THIS PREMIER SUPPORT SUBSCRIPTION WILL ALLOW HHS TO IMPROVE SERVICES AND APPLICATION PERFORMAN,https://www.usaspending.gov/award/CONT_AWD_75P00124F80178_7570_NNG15SD27B_8000
other,competed_one_bid,1,4499985.15,Health Resources and Services Administration,"A P VENTURES, LLC",DA01,2021-09-20,2025-09-27 00:00:00,FULL AND OPEN COMPETITION AFTER EXCLUSION OF SOURCES,,CICP/VICP INJURY COMPENSATION SYSTEM OPERATIONS & MAINTENANCE SERVICES,https://www.usaspending.gov/award/CONT_AWD_75R60221F80146_7526_47QTCB21D0325_4732
other,competed_one_bid,1,4499895.25,Food and Drug Administration,"ADVANCED NETWORK CONSULTING, INC.",DF01,2022-03-15,2023-12-31 00:00:00,FULL AND OPEN COMPETITION,,COVID 19 PRODUCT AUTHENTICATION PROGRAM FOR CENTER FOR DEVICE AND RADIOLOGICAL HEALTH,https://www.usaspending.gov/award/CONT_AWD_75F40122C00049_7524_-NONE-_-NONE-
other,competed_one_bid,1,4499864.4,Department of Veterans Affairs,"V3GATE, LLC",DA10,2026-07-01,2026-12-31 00:00:00,FULL AND OPEN COMPETITION AFTER EXCLUSION OF SOURCES,,PERFORMANCE MANAGEMENT OPERATING SYSTEM FINAL IMPLEMENTATION AND TRANSITION TO SUSTAINED ENTERPRISE OPERATIONS SERVICES,https://www.usaspending.gov/award/CONT_AWD_36C10X26F0050_3600_NNG15SD27B_8000
other,competed_one_bid,1,4496526.12,Department of Veterans Affairs,"ODDBALL, INC.",DA01,2024-09-17,2025-12-01 00:00:00,FULL AND OPEN COMPETITION AFTER EXCLUSION OF SOURCES,,ACCREDITED REPRESENTATIVE TOOLS,https://www.usaspending.gov/award/CONT_AWD_36C10B24N00040014_3600_36C10B21D0004_3600
other,competed_one_bid,1,4484327.0,Centers for Medicare and Medicaid Services,METTLE SOLUTIONS LLC,DA01,2024-08-15,2026-08-14 00:00:00,FULL AND OPEN COMPETITION,,"THIS REQUIREMENT, AN INNOVATION LAB, AIMS TO DEVELOP AND CREATE PROCESSES AND EXPERTISE THAT WILL ACCELERATE AND HAVE THE CAPACITY TO SCALE, ENABLING LONG-TERM, LARGE-SCALE MODERNIZATION IN AN AGILE MANNER. PRELIMINARY EFFORTS OF THE INNOVATION LAB A",https://www.usaspending.gov/award/CONT_AWD_75FCMC24F0173_7530_47QTCA21D004Y_4732
portal_web,competed_one_bid,1,4483137.32,National Institutes of Health,EKIN SOLUTIONS INC.,DA10,2022-09-26,2025-11-17 00:00:00,FULL AND OPEN COMPETITION AFTER EXCLUSION OF SOURCES,,NBS- SHAREPOINT ONLINE ASSESSMENT,https://www.usaspending.gov/award/CONT_AWD_75N97022F00084_7529_47QTCB22D0294_4732
other,competed_one_bid,1,4468215.97,Department of Veterans Affairs,THUNDERYARD LIBERTY JV LLC,DA01,2024-06-13,2029-06-22 00:00:00,FULL AND OPEN COMPETITION AFTER EXCLUSION OF SOURCES,,TRANSFORMATION TWENTY-ONE TOTAL TECHNOLOGY PROGRAM (T4NG) VISN 19 REAL TIME LOCATION SYSTEM ASSET TRACKING SUSTAINMENT,https://www.usaspending.gov/award/CONT_AWD_36C10B24N10360004_3600_36C10B21D1036_3600
portal_web,competed_one_bid,1,4449887.8,Administration for Children and Families,APPLIED INTELLECT LLC,DB02,2021-11-01,2022-10-31 00:00:00,FULL AND OPEN COMPETITION AFTER EXCLUSION OF SOURCES,,EO14042 - UC PORTAL,https://www.usaspending.gov/award/CONT_AWD_75ACF122F80002_7590_47QTCB21D0210_4732
other,competed_one_bid,1,4415644.5,National Institutes of Health,DEFINITIVE LOGIC CORPORATION,DA01,2023-09-13,2026-09-14 00:00:00,FULL AND OPEN COMPETITION AFTER EXCLUSION OF SOURCES,,NHLBI ONESTREAM IMPLEMENTATION SERVICES,https://www.usaspending.gov/award/CONT_AWD_75N92023F00001_7529_75N98120D00206_7529
clinical_it_ehr,competed_one_bid,1,4371138.89,Department of Veterans Affairs,"FOUR POINTS TECHNOLOGY, L.L.C.",DA01,2022-12-19,2027-12-18 00:00:00,FULL AND OPEN COMPETITION AFTER EXCLUSION OF SOURCES,,PHILIPS VUE PACS ANNUAL SMA,https://www.usaspending.gov/award/CONT_AWD_36C26023F0113_3600_NNG15SD22B_8000
other,competed_one_bid,1,4362828.04,Department of Veterans Affairs,DECISIONPOINT CORPORATION,DA10,2024-09-20,2029-09-22 00:00:00,FULL AND OPEN COMPETITION,,DELIVERY ORDER FOR ORGANIZATIONAL DECISION SUPPORT SOFTWARE,https://www.usaspending.gov/award/CONT_AWD_36C10B24F0358_3600_GS35F545GA_4732
other,competed_one_bid,1,4332043.69,Food and Drug Administration,BOOZ ALLEN HAMILTON INC,DF01,2024-06-18,2026-07-14 00:00:00,FULL AND OPEN COMPETITION,,OVER-THE-COUNTER MONOGRAPH USER FEE PROGRAM (OMUFA) SUPPORT SERVICES,https://www.usaspending.gov/award/CONT_AWD_75F40124F19010_7524_HHSF223201810000B_7524
analytics_reporting,competed_one_bid,1,4330814.76,Office of the Assistant Secretary for Administration,I3 FEDERAL LLC,DH01,2021-04-19,2022-04-20 00:00:00,FULL AND OPEN COMPETITION AFTER EXCLUSION OF SOURCES,,HEALTH AND HUMAN SERVICES ? OFFICE OF THE CHIEF INFORMATION OFFICER (HHS-OCIO) COVID-19 HHS CARES SUPPORT TO MAINTAIN ENTERPRISE DATA MANAGEMENT & SECURE DATA ECOSYSTEM,https://www.usaspending.gov/award/CONT_AWD_75P00121F80082_7570_NNG15SD31B_8000
other,competed_one_bid,1,4176246.02,Office of the Assistant Secretary for Administration,INTELLIZANT LLC,D301,2016-01-29,2020-02-29 00:00:00,FULL AND OPEN COMPETITION,,IGF::OT::IGF PRICES SUPPORT,https://www.usaspending.gov/award/CONT_AWD_HHSP233201650008A_7555_-NONE-_-NONE-
other,competed_one_bid,1,4174308.72,Office of the Assistant Secretary for Administration,I3 FEDERAL LLC,DH01,2021-04-12,2021-10-12 00:00:00,FULL AND OPEN COMPETITION AFTER EXCLUSION OF SOURCES,,HHS PROTECT SUPPORT SERVICES,https://www.usaspending.gov/award/CONT_AWD_75P00121F80078_7570_NNG15SD31B_8000
other,competed_one_bid,1,4156929.88,Office of the Assistant Secretary for Administration,CDW GOVERNMENT LLC,D399,2020-06-26,2021-06-29 00:00:00,COMPETED UNDER SAP,,MICROSOFT E5 UPGRADE,https://www.usaspending.gov/award/CONT_AWD_75P00120F37005_7570_75P00119A00040_7570
other,competed_one_bid,1,4153288.12,Department of Veterans Affairs,"FOUR POINTS TECHNOLOGY, L.L.C.",7035,2019-09-17,2020-12-31 00:00:00,FULL AND OPEN COMPETITION,,PYXIS CABINETS UPGRADE,https://www.usaspending.gov/award/CONT_AWD_36C25519F0269_3600_HHSN316201500034W_7529
other,competed_one_bid,1,4100862.8,National Institutes of Health,INADEV CORPORATION,DA01,2022-09-15,2024-02-14 00:00:00,FULL AND OPEN COMPETITION AFTER EXCLUSION OF SOURCES,,CONTRACTOR SUPPORT SERVICES FOR CODELESS ARCHITECTURE CONFIGURATION,https://www.usaspending.gov/award/CONT_AWD_75N98122F00001_7529_75N98120D00157_7529
other,competed_one_bid,1,4081376.96,Office of the Assistant Secretary for Administration,PARAGON MICRO INC,7050,2019-04-16,2019-05-16 00:00:00,FULL AND OPEN COMPETITION,,THIS TASK ORDER IS FOR THE PURCHASE OF DELL LAPTOPS,https://www.usaspending.gov/award/CONT_AWD_75P00119F80034_7570_HHSN316201500061W_7529
analytics_reporting,competed_one_bid,1,4075213.47,Office of the Assistant Secretary for Administration,"COMTER SYSTEMS, INC.",D399,2017-06-15,2019-10-02 00:00:00,FULL AND OPEN COMPETITION AFTER EXCLUSION OF SOURCES,,IGF::OT::IGF BUSINESS INTELLIGENCE INFORMATION SUPPORT SERVICES,https://www.usaspending.gov/award/CONT_AWD_HHSP23337005T_7570_HHSP23320100006WI_7555
analytics_reporting,competed_one_bid,1,4071941.3,Office of the Assistant Secretary for Financial Resources,"IDEAL SYSTEM SOLUTIONS, INC.",DA10,2021-03-25,2026-09-25 00:00:00,FULL AND OPEN COMPETITION,,BUSINESS INTELLIGENCE SYSTEM IMPLEMENTATION AND SUPPORT SERVICES,https://www.usaspending.gov/award/CONT_AWD_75ACF121F80009_7590_47QTCA19D00L7_4732
other,competed_one_bid,1,4071035.62,Centers for Medicare and Medicaid Services,FOR PEOPLE LLC,DA01,2024-09-13,2026-09-10 00:00:00,FULL AND OPEN COMPETITION,,CMCS IS RESPONSIBLE FOR THE VARIOUS COMPONENTS OF POLICY DEVELOPMENT AND OPERATIONS FOR MEDICAID AND THE CHILDREN'S HEALTH INSURANCE PROGRAM (CHIP). THE MEDICAID AND CHIP PROGRAMS PROVIDE CARE FOR MILLIONS OF AMERICANS AND PLAY AN IMPORTANT ROLE IN P,https://www.usaspending.gov/award/CONT_AWD_75FCMC24FJ004_7530_47QTCA23D007S_4732
claims_payment_integrity,competed_one_bid,1,4045632.27,Centers for Medicare and Medicaid Services,SOFTDEV INCORPORATED,D399,2020-09-10,2025-09-15 00:00:00,FULL AND OPEN COMPETITION,,"THE ESRD CLAIMS STATUS IS NOT BEING PROPERLY SET THROUGH CMS SYSTEMS AS THE DATA FLOWS FROM CROWNWEB TO REMIS TO EDB TO MARX TO CLAIMS.  THE PRIMARY CAUSE OF THIS ISSUE IS MISSING OR INCORRECT 2728 FORMS IN CROWNWEB, WHICH CAUSE MAP/MAPDS NOT TO BE R",https://www.usaspending.gov/award/CONT_AWD_75FCMC20F0001_7530_HHSM500201600055I_7530
other,competed_one_bid,1,4035221.11,Defense Health Agency,"PIVOT PATH SOLUTIONS, LLC",DA01,2023-03-30,2026-10-31 00:00:00,FULL AND OPEN COMPETITION AFTER EXCLUSION OF SOURCES,,EQUAL OPPORTUNITY (EEO) CASE MANAGEMENT TOOL (CMT) IMPLEMENTATION AND SUSTAINMENT.,https://www.usaspending.gov/award/CONT_AWD_HT001123C0076_9700_-NONE-_-NONE-
other,competed_one_bid,1,3984396.47,Department of Veterans Affairs,BY LIGHT PROFESSIONAL IT SERVICES LLC,D399,2018-08-14,2021-10-01 00:00:00,FULL AND OPEN COMPETITION,,IGF::OT::IGF TRANSFORMATION TWENTY-ONE TOTAL TECHNOLOGY NEXT GENERATION (T4NG)MAINTENANCE AND ADMINISTRATION OF THE VETPRO SOFTWARE APPLICATION AND DATABASE,https://www.usaspending.gov/award/CONT_AWD_36C10B18N10190012_3600_VA11816D1019_3600
infrastructure_ops,competed_one_bid,1,3979488.0,Office of the Assistant Secretary for Financial Resources,"AFFIGENT, LLC",DA10,2026-04-30,2028-04-30 00:00:00,FULL AND OPEN COMPETITION AFTER EXCLUSION OF SOURCES,,ENTERPRISE HUMAN CAPITAL MANAGEMENT (EHCM) HOSTING,https://www.usaspending.gov/award/CONT_AWD_7571MN26F80038_7571_NNG15SC59B_8000
other,competed_one_bid,1,3970906.11,Office of the Assistant Secretary for Administration,"IVISION, INC.",D399,2020-05-26,2024-04-27 00:00:00,COMPETED UNDER SAP,,DATA ENGINEERING SUPPORT SERVICES,https://www.usaspending.gov/award/CONT_AWD_75P00120P00102_7570_-NONE-_-NONE-
other,competed_one_bid,1,3950000.0,National Institutes of Health,REGENSTRIEF INSTITUTE INC,DH01,2025-04-15,2026-04-14 00:00:00,FULL AND OPEN COMPETITION,,LINKAGE HONEST BROKER (LHB) SERVICES FOR THE NATIONAL CLINICAL COHORT COLLABORATIVE (N3C),https://www.usaspending.gov/award/CONT_AWD_75N95025F00064_7529_47QTCA18D00GS_4732
other,competed_one_bid,1,3905547.06,Centers for Medicare and Medicaid Services,DATA COMPUTER CORPORATION OF AMERICA,D313,2012-08-26,2015-04-03 00:00:00,FULL AND OPEN COMPETITION,,IGF::OT::IGF,https://www.usaspending.gov/award/CONT_AWD_HHSM500T0008_7530_HHSM500200700029I_7530
call_center_contact,competed_one_bid,1,3892500.0,Department of Veterans Affairs,"THUNDERCAT TECHNOLOGY, LLC",DA10,2025-12-18,2030-12-14 00:00:00,FULL AND OPEN COMPETITION AFTER EXCLUSION OF SOURCES,,"REFLEXAI FY26 BASE. THE CONTRACTOR SHALL PROVIDE TECHNICAL AND FUNCTIONAL SUPPORT TO THE OFFICE OF SUICIDE PREVENTION (OSP) INCLUDING THE VETERAN CRISIS LINE (VCL) CALL CENTER, IN ARTIFICIAL INTELLIGENCE (AI) POWERED ROLEPLAYING SIMULATION TRAINING.",https://www.usaspending.gov/award/CONT_AWD_36C10B26F0046_3600_NNG15SD26B_8000
other,competed_one_bid,1,3886793.54,Department of Veterans Affairs,"MIND COMPUTING, INC.",DA01,2022-09-29,2024-09-29 00:00:00,FULL AND OPEN COMPETITION AFTER EXCLUSION OF SOURCES,,CORPORATE INTAKE AND ANALYSIS SUPPORT,https://www.usaspending.gov/award/CONT_AWD_36C10B22N10330001_3600_36C10B21D1033_3600
scheduling_referral_community_care,competed_one_bid,1,3878395.95,Defense Health Agency,"ADVANTAGED SOLUTIONS, LLC",D316,2019-03-22,2024-10-31 00:00:00,FULL AND OPEN COMPETITION,,NON-PERSONNEL INFORMATION TECHNOLOGY (IT)SERVICES IN SUPPORT OF THE LEGACY THEATER ENTERPRISE-WIDE LOGISTICS SYSTEM(TEWLS) SAP  CONSULTING.,https://www.usaspending.gov/award/CONT_AWD_HT001519F0039_9700_GS35F0926R_4730
other,competed_one_bid,1,3871510.24,Department of Veterans Affairs,"MINBURN TECHNOLOGY GROUP, LLC",D399,2018-08-29,2023-12-31 00:00:00,FULL AND OPEN COMPETITION AFTER EXCLUSION OF SOURCES,,LIVE DATA PERI-OP SURGICAL WORKFLOW SYSTEM,https://www.usaspending.gov/award/CONT_AWD_36C26018F2879_3600_NNG15SD34B_8000
other,competed_one_bid,1,3868017.86,Food and Drug Administration,"DRT STRATEGIES, INC.",7020,2020-08-24,2024-09-15 00:00:00,FULL AND OPEN COMPETITION,,"DRUG REVIEW&SUBMISSION - CDER ESP PM SUPPORT, TECHNICAL LEAD, BUSINESS ANALYST, QA",https://www.usaspending.gov/award/CONT_AWD_75F40120F80460_7524_HHSM500201600047I_7530
other,competed_one_bid,1,3867936.09,Office of the Assistant Secretary for Administration,PALANTIR TECHNOLOGIES INC.,DH10,2022-04-20,2025-09-20 00:00:00,FULL AND OPEN COMPETITION,,HHS SHARE BPA OUTCOME SERVICES TO1 (RFQ 291617) - HHS CARES LANES AND OUTCOME DATA INTEGRATION SUPPORT SERVICES,https://www.usaspending.gov/award/CONT_AWD_75P00122F37002_7570_75P00122A00010_7570
other,competed_one_bid,1,3853684.58,Department of Veterans Affairs,"MINBURN TECHNOLOGY GROUP, LLC",DA01,2021-12-16,2027-01-09 00:00:00,FULL AND OPEN COMPETITION AFTER EXCLUSION OF SOURCES,,"THE SAN JUAN, TAMPA, ORLANDO AND BAY PINES VAMC HAVE A REQUIREMENT FOR THERADOC SOFTWARE AND TRAINING.",https://www.usaspending.gov/award/CONT_AWD_36C10B22F0042_3600_NNG15SD34B_8000
other,competed_one_bid,1,3813748.8,Department of Veterans Affairs,METGREEN SOLUTIONS INC,DA10,2026-09-18,2031-09-17 00:00:00,FULL AND OPEN COMPETITION AFTER EXCLUSION OF SOURCES,,NUTANIX AI HCI EXPANSION,https://www.usaspending.gov/award/CONT_AWD_36C10M26F50065_3600_NNG15SD87B_8000
other,competed_one_bid,1,3798705.18,Department of Veterans Affairs,"FOUR POINTS TECHNOLOGY, L.L.C.",DA10,2021-01-21,2026-01-19 00:00:00,FULL AND OPEN COMPETITION AFTER EXCLUSION OF SOURCES,,POLICY PAK SOFTWARE MAINTENANCE,https://www.usaspending.gov/award/CONT_AWD_36C10A21F0075_3600_NNG15SD22B_8000
infrastructure_ops,competed_one_bid,1,3764177.81,Office of the Assistant Secretary for Financial Resources,"GP STRATEGIES GOVERNMENT SOLUTIONS, INC",DF01,2024-09-20,2026-11-21 00:00:00,FULL AND OPEN COMPETITION,,HHS LEARNING AND PERFORMANCE MANAGEMENT SYSTEM (LMS) HOSTING SUPPORT SERVICES,https://www.usaspending.gov/award/CONT_AWD_75P00124F80161_7570_GS02Q16DCR0017_4732
other,competed_one_bid,1,3764048.77,Department of Veterans Affairs,EPOCH CONCEPTS LLC,DA10,2023-08-22,2026-09-29 00:00:00,FULL AND OPEN COMPETITION AFTER EXCLUSION OF SOURCES,,SOLARWINDS ORION MAINTENANCE AND TECHNICAL SUPPORT,https://www.usaspending.gov/award/CONT_AWD_36C10B23F0258_3600_NNG15SD30B_8000
other,competed_one_bid,1,3753490.42,Health Resources and Services Administration,"TRIPOINT SOLUTIONS, LLC",DA01,2023-09-25,2024-09-25 00:00:00,FULL AND OPEN COMPETITION AFTER EXCLUSION OF SOURCES,,HEALTH RESOURCES AND SERVICES ADMINISTRATION (HRSA) COLLABORATION SOLUTIONS SUPPORT SERVICES,https://www.usaspending.gov/award/CONT_AWD_75R60223F80163_7526_47QTCB22D0186_4732
other,competed_one_bid,1,3749903.57,National Institutes of Health,GUIDEHOUSE INC.,DA01,2024-08-29,2025-09-01 00:00:00,FULL AND OPEN COMPETITION,,PROCUREMENT OF IT SOLUTIONS AND COMMODITIES.,https://www.usaspending.gov/award/CONT_AWD_75N90024F00001_7529_HHSN316201200040W_7529
other,competed_one_bid,1,3739518.29,Food and Drug Administration,SEMANTICBITS LLC,D399,2020-03-26,2025-09-29 00:00:00,FULL AND OPEN COMPETITION,,OPEN FDA PLATFORM SUPPORT,https://www.usaspending.gov/award/CONT_AWD_75F40120F80127_7524_GS35F192BA_4732
other,competed_one_bid,1,3734907.53,National Institutes of Health,"FOUR POINTS TECHNOLOGY, L.L.C.",7050,2019-10-28,2025-04-30 00:00:00,FULL AND OPEN COMPETITION,,FOUR POINTS TECHNOLOGY LLC:1132627 [20-000095],https://www.usaspending.gov/award/CONT_AWD_75N90020F00001_7529_HHSN316201500034W_7529
analytics_reporting,competed_one_bid,1,3710808.59,National Institutes of Health,MICROHEALTH LLC,DD01,2023-02-27,2024-04-15 00:00:00,FULL AND OPEN COMPETITION AFTER EXCLUSION OF SOURCES,,PROGRAM OFFICE ENTERPRISE REPORTING AND ANALYTICS SUPPORT,https://www.usaspending.gov/award/CONT_AWD_75N98123F00001_7529_75N98119D00081_7529
other,competed_one_bid,1,3692983.25,Department of Veterans Affairs,FEDSTORE CORPORATION,DA10,2024-04-04,2027-05-20 00:00:00,FULL AND OPEN COMPETITION AFTER EXCLUSION OF SOURCES,,PEGA SOFTWARE AND MAINTENANCE.,https://www.usaspending.gov/award/CONT_AWD_36C10B24F0107_3600_NNG15SD21B_8000
other,competed_one_bid,1,3675000.0,Department of Veterans Affairs,"V3GATE, LLC",DA10,2024-08-15,2028-09-28 00:00:00,FULL AND OPEN COMPETITION AFTER EXCLUSION OF SOURCES,,QUEST TOAD DEVELOPMENT AND DATABASE MANAGEMENT TOOLS,https://www.usaspending.gov/award/CONT_AWD_36C10B24F0267_3600_NNG15SD27B_8000
other,competed_one_bid,1,3662068.83,Department of Veterans Affairs,"MINBURN TECHNOLOGY GROUP, LLC",DH01,2024-03-14,2029-05-31 00:00:00,FULL AND OPEN COMPETITION AFTER EXCLUSION OF SOURCES,,DSS PERIOPERATIVE SOFTWARE SYSTEM SUPPORT,https://www.usaspending.gov/award/CONT_AWD_36C24924F0080_3600_NNG15SD34B_8000
other,competed_one_bid,1,3656965.07,Indian Health Service,FEDSTORE CORPORATION,DA10,2021-12-20,2026-12-31 00:00:00,FULL AND OPEN COMPETITION AFTER EXCLUSION OF SOURCES,,INTERNATIONAL BUSINESS MACHINE (IBM) ADVANCED INTERACTIVE EXECUTIVE (AIX) HARDWARE (HW) AND SOFTWARE (SW) MAINTENANCE SUPPORT SERVICES,https://www.usaspending.gov/award/CONT_AWD_75H70422F80004_7527_NNG15SD21B_8000
analytics_reporting,competed_one_bid,1,3592015.56,Health Resources and Services Administration,TECHNOGEN INC.,DF10,2026-05-05,2027-05-05 00:00:00,COMPETED UNDER SAP,,BPHC BUSINESS PROCESS REENGINEERING AND SYSTEMS MODERNIZATION ROADMAP AND SAMHSA PERFORMANCE MANAGEMENT AND REPORTING SYSTEM ANALYSIS OF ALTERNATIVES (AOA) - OIT- SERVICES178 C 7582,https://www.usaspending.gov/award/CONT_AWD_75R60226F34004_7526_75R60225A00017_7526
other,competed_one_bid,1,3586401.2,Defense Health Agency,STRATEGIC COMMUNICATIONS LLC,DK10,2025-08-22,2026-09-01 00:00:00,FULL AND OPEN COMPETITION AFTER EXCLUSION OF SOURCES,,AMAZON WEB SERVICE,https://www.usaspending.gov/award/CONT_AWD_HT001525FE024_9700_NNG15SC90B_8000
other,competed_one_bid,1,3552867.92,Centers for Disease Control and Prevention,CELLCO PARTNERSHIP,DG11,2022-04-28,2024-08-31 00:00:00,FULL AND OPEN COMPETITION,,CDC VERIZON WIRELESS MOBILE SOLUTIONS,https://www.usaspending.gov/award/CONT_AWD_75D30122F13726_7523_47QTCA20D00B5_4732
other,competed_one_bid,1,3526007.16,Office of the Assistant Secretary for Financial Resources,PITNEY BOWES GLOBAL FINANCIAL SERVICES LLC,DA10,2022-04-20,2027-04-21 00:00:00,COMPETED UNDER SAP,,ENTERPRISE MAIL SOLUTION,https://www.usaspending.gov/award/CONT_AWD_75P00122C00012_7570_-NONE-_-NONE-
other,competed_one_bid,1,3504504.14,Office of the Assistant Secretary for Financial Resources,GLOBAL ALLIANT INC,DA01,2023-02-21,2028-02-26 00:00:00,FULL AND OPEN COMPETITION AFTER EXCLUSION OF SOURCES,,INTEGRATED RESOURCE MANAGEMENT SYSTEM (IRMS) OPERATIONS & MAINTENANCE (O&M) SERVICES.,https://www.usaspending.gov/award/CONT_AWD_75R60223F80031_7526_47QTCB21D0056_4732
other,competed_one_bid,1,3496037.38,National Institutes of Health,GUIDEHOUSE DIGITAL LLC,D399,2017-09-28,2020-09-28 00:00:00,FULL AND OPEN COMPETITION AFTER EXCLUSION OF SOURCES,,"DOVEL TECHNOLOGIES, LLC:1287260 [17-004391]IGF::OT::IGF",https://www.usaspending.gov/award/CONT_AWD_HHSN26300003_7529_HHSN316201300006W_7529
other,competed_one_bid,1,3491161.92,Office of the Assistant Secretary for Financial Resources,TECHNOGEN INC.,DF10,2025-09-26,2026-09-29 00:00:00,COMPETED UNDER SAP,,4CAST ID: OIT-SERVICES36 C 6568  TITLE: CUSTOM APPLICATIONS SOFTWARE SERVICES,https://www.usaspending.gov/award/CONT_AWD_75R60225F34001_7526_75R60225A00017_7526
other,competed_one_bid,1,3484379.16,National Institutes of Health,FUTREND TECHNOLOGY INC.,D399,2018-04-04,2023-09-20 00:00:00,FULL AND OPEN COMPETITION AFTER EXCLUSION OF SOURCES,,FUTREND TECHNOLOGY INC:1122654 [18-002134],https://www.usaspending.gov/award/CONT_AWD_75N90018F00001_7529_HHSN316201200141W_7529
other,competed_one_bid,1,3462444.13,National Institutes of Health,GUIDEHOUSE DIGITAL LLC,D399,2019-09-06,2022-09-24 00:00:00,FULL AND OPEN COMPETITION AFTER EXCLUSION OF SOURCES,,"EDITING OF THE NATIONAL LIBRARY OF MEDICINE'S (NLM'S) BIOMEDICAL VOCABULARIES INCLUDING THE UNIFIED MEDICAL LANGUAGE SYSTEM (UMLS), RXNORM, MEDICAL SUBJECT HEADINGS (MESH), AND SYSTEMATIZED NOMENCLATURE OF MEDICINE CLINICAL TERMS (SNOMED CT",https://www.usaspending.gov/award/CONT_AWD_75N97019F00065_7529_HHSN316201300006W_7529
other,competed_one_bid,1,3461287.07,Department of Veterans Affairs,CYNERGY PROFESSIONAL SYSTEMS LLC,DH10,2024-09-13,2030-08-29 00:00:00,FULL AND OPEN COMPETITION AFTER EXCLUSION OF SOURCES,,SECURITY RADIO UPGRADE/SUSTAINMENT SERVICES,https://www.usaspending.gov/award/CONT_AWD_36C25724F0154_3600_NNG15SD20B_8000
other,competed_one_bid,1,3435669.34,Department of Veterans Affairs,ALVAREZ LLC,DE11,2021-09-10,2023-09-09 00:00:00,FULL AND OPEN COMPETITION AFTER EXCLUSION OF SOURCES,,VOCERA COMMUNICATION SYSTEM,https://www.usaspending.gov/award/CONT_AWD_36C10B21F0278_3600_NNG15SD19B_8000
other,competed_one_bid,1,3425319.46,National Institutes of Health,"CORELOGIX ASCLEPIUS JV, LLC",DH01,2025-08-29,2027-09-03 00:00:00,FULL AND OPEN COMPETITION AFTER EXCLUSION OF SOURCES,,NCI CENTER FOR CANCER RESEARCH (CCR) OFFICE OF INFORMATION TECHNOLOGY (OIT) SUPPORT SERVICES,https://www.usaspending.gov/award/CONT_AWD_75N91025F00078_7529_47QTCB21D0139_4732
other,competed_one_bid,1,3398404.95,Food and Drug Administration,BISWAS INFORMATION TECHNOLOGY SOLUTIONS INC,DB01,2021-08-03,2023-03-19 00:00:00,FULL AND OPEN COMPETITION AFTER EXCLUSION OF SOURCES,,SITE SELECTION TOOL (SST) PLATFORM MODERNIZATION AND O&M SUPPORT TO EXISTING SST TOOLS,https://www.usaspending.gov/award/CONT_AWD_75F40121F80273_7524_75N98119D00090_7529
other,competed_one_bid,1,3349877.95,Office of the Assistant Secretary for Financial Resources,MAJUS CONSULTING LLC,DA01,2025-09-05,2028-09-07 00:00:00,FULL AND OPEN COMPETITION,,END-TO-END PLATFORM TESTING,https://www.usaspending.gov/award/CONT_AWD_75F40125F80132_7524_47QTCA23D00CL_4732
other,competed_one_bid,1,3343614.65,Department of Veterans Affairs,CYNERGY PROFESSIONAL SYSTEMS LLC,DJ10,2025-08-15,2027-07-01 00:00:00,FULL AND OPEN COMPETITION AFTER EXCLUSION OF SOURCES,,POLICE RADIO SYSTEMS,https://www.usaspending.gov/award/CONT_AWD_36C24725F0302_3600_NNG15SD20B_8000
infrastructure_ops,competed_one_bid,1,3326352.82,Department of Veterans Affairs,"REDHAWK IT SOLUTIONS, LLC",DA10,2026-01-27,2029-01-31 00:00:00,FULL AND OPEN COMPETITION AFTER EXCLUSION OF SOURCES,,ADOBE CREATIVE CLOUD,https://www.usaspending.gov/award/CONT_AWD_36C10B26F0057_3600_NNG15SD38B_8000
other,competed_one_bid,1,3300000.0,Department of Veterans Affairs,EPOCH CONCEPTS LLC,DJ10,2021-04-29,2025-04-28 00:00:00,FULL AND OPEN COMPETITION AFTER EXCLUSION OF SOURCES,,IMPERVA WEB APPLICATION FIREWALL,https://www.usaspending.gov/award/CONT_AWD_36C10B21F0117_3600_NNG15SD30B_8000
other,competed_one_bid,1,3282439.98,National Institutes of Health,GUIDEHOUSE DIGITAL LLC,DA01,2022-09-23,2025-09-24 00:00:00,FULL AND OPEN COMPETITION AFTER EXCLUSION OF SOURCES,,VOCABULARY EDITING,https://www.usaspending.gov/award/CONT_AWD_75N97022F00001_7529_HHSN316201300006W_7529
other,competed_one_bid,1,3282218.46,Department of Veterans Affairs,EBSCO INDUSTRIES INC,DG10,2021-02-17,2023-02-16 00:00:00,COMPETED UNDER SAP,,LIBRARY SUBSCRIPTIONS IDIQ APA MENTAL HEALTH DATABASES JOURNALS,https://www.usaspending.gov/award/CONT_AWD_36C77621N1358_3600_36C77621D0004_3600
analytics_reporting,competed_one_bid,1,3279909.66,Department of Veterans Affairs,"V3GATE, LLC",7010,2020-09-30,2026-11-10 00:00:00,FULL AND OPEN COMPETITION AFTER EXCLUSION OF SOURCES,,VISN 19 RADIOLOGY REPORTING AND DICTATION SYSTEM,https://www.usaspending.gov/award/CONT_AWD_36C25920F0472_3600_NNG15SD27B_8000
other,competed_one_bid,1,3273429.86,National Institutes of Health,"THUNDERCAT TECHNOLOGY, LLC",7050,2020-06-29,2025-06-29 00:00:00,FULL AND OPEN COMPETITION,,SOFTWARE LICENSES,https://www.usaspending.gov/award/CONT_AWD_75N97020F00009_7529_HHSN316201500010W_7529
other,competed_one_bid,1,3249969.65,National Institutes of Health,"CORELOGIX ASCLEPIUS JV, LLC",DH01,2023-08-30,2025-09-03 00:00:00,FULL AND OPEN COMPETITION AFTER EXCLUSION OF SOURCES,,"NATIONAL CANCER INSTITUTE (NCI), CENTER FOR CANCER RESEARCH (CCR), OFFICE OF INFORMATION TECHNOLOGY (OIT) SUPPORT SERVICES",https://www.usaspending.gov/award/CONT_AWD_75N91023F00180_7529_47QTCB21D0139_4732
infrastructure_ops,competed_one_bid,1,3170312.51,Office of the Assistant Secretary for Financial Resources,"CACI NSS, LLC",DA01,2024-08-21,2029-09-10 00:00:00,FULL AND OPEN COMPETITION,,INFORMATION MANAGEMENT SERVICES FOR THE DIVISION OF LABORATORY SCIENCES,https://www.usaspending.gov/award/CONT_AWD_75D30124F19872_7523_HHSN316201200032W_7529
other,competed_one_bid,1,3136505.76,Food and Drug Administration,"DRT STRATEGIES, INC.",D399,2020-03-10,2021-03-13 00:00:00,FULL AND OPEN COMPETITION AFTER EXCLUSION OF SOURCES,,CENTER FOR FOOD SAFETY AND APPLIED NUTRITION'S (CFSAN) IT PM/BA SUPPORT SERVICES,https://www.usaspending.gov/award/CONT_AWD_75F40120F80090_7524_GS06F0957Z_4732
other,competed_one_bid,1,3136392.55,Department of Veterans Affairs,BLUE TECH INC.,DA10,2024-11-15,2027-11-14 00:00:00,FULL AND OPEN COMPETITION AFTER EXCLUSION OF SOURCES,,DSS PERIOP SOFTWARE AND LICENSE MANAGEMENT,https://www.usaspending.gov/award/CONT_AWD_36C10B25F0032_3600_NNG15SD00B_8000
other,competed_one_bid,1,3094586.09,Health Resources and Services Administration,PEARL INTERACTIVE NETWORK LLC,DA01,2021-09-24,2026-09-26 00:00:00,FULL AND OPEN COMPETITION,,NATIONAL VACCINE INJURY COMPENSATION PROGRAMS (VICP) / COUNTERMEASURES INJURY COMPENSATION PROGRAM (CICP) HOTLINE OPERATIONS,https://www.usaspending.gov/award/CONT_AWD_75R60221F80148_7526_47QTCA21D001A_4732
other,competed_one_bid,1,3089955.84,National Institutes of Health,"KCI-ACUITY, LLC",DD01,2021-09-17,2023-09-26 00:00:00,FULL AND OPEN COMPETITION AFTER EXCLUSION OF SOURCES,,SERVICE SUPPORT SERVICES - (IHS) ENTERPRISE INFORMATION TECHNOLOGY SERVICE MANAGEMENT (EITSM) SYSTEM EXPANSION SERVICE SUPPORT.,https://www.usaspending.gov/award/CONT_AWD_75N98121F00001_7529_75N98119D00098_7529
other,competed_one_bid,1,3083842.95,Health Resources and Services Administration,"VERTICAL APPLICATIONS, LLC",DG10,2022-08-30,2025-06-04 00:00:00,FULL AND OPEN COMPETITION AFTER EXCLUSION OF SOURCES,,THE PURPOSE OF THIS REQUIREMENT IS TO PROVIDE HRSA INTELLIGENT AUTOMATION SUPPORT SUPPORT SERVICES.,https://www.usaspending.gov/award/CONT_AWD_75R60222F80097_7526_47QTCB22D0235_4732
other,competed_one_bid,1,3078033.01,Defense Health Agency,BIF TECHNOLOGIES CORPORATION,D308,2016-07-05,2018-12-17 00:00:00,FULL AND OPEN COMPETITION AFTER EXCLUSION OF SOURCES,,IGF::OT::IGF WORKLOAD MANAGEMENT SYSTEM FOR NURSES INTERNET,https://www.usaspending.gov/award/CONT_AWD_HT001516F0057_9700_GS06F0822Z_4732
other,competed_one_bid,1,3049648.0,Office of the Assistant Secretary for Financial Resources,"KONIAG PROFESSIONAL SERVICES, LLC",DA01,2026-09-25,2031-09-24 00:00:00,FULL AND OPEN COMPETITION,,"THE PURPOSE OF THIS PROCUREMENT IS TO ESTABLISH A TASK ORDER FOR PROFESSIONAL, SEVERABLE IT PROGRAM AND TECHNICAL SERVICES TO SUPPORT HRSA'S EXPANDING COLLABORATION SOLUTIONS ENVIRONMENT.",https://www.usaspending.gov/award/CONT_AWD_7571TE26F80346_7571_47QTCA24D008M_4732
other,competed_one_bid,1,3049270.52,Department of Veterans Affairs,"FOUR POINTS TECHNOLOGY, L.L.C.",DA01,2022-12-28,2026-04-01 00:00:00,FULL AND OPEN COMPETITION AFTER EXCLUSION OF SOURCES,,DATA INNOVATIONS - AV UPGRADE,https://www.usaspending.gov/award/CONT_AWD_36C26023F0124_3600_NNG15SD22B_8000
claims_payment_integrity,competed_one_bid,1,3048401.34,Department of Veterans Affairs,IT CADRE LLC,DA01,2025-09-19,2026-12-21 00:00:00,FULL AND OPEN COMPETITION AFTER EXCLUSION OF SOURCES,,CLAIMS AUTOMATION VISUALIZATION SBIR PHASE III,https://www.usaspending.gov/award/CONT_AWD_36C10B25C0057_3600_-NONE-_-NONE-
other,competed_one_bid,1,3046785.68,Centers for Medicare and Medicaid Services,AKIRA TECHNOLOGIES INC.,DA01,2021-06-30,2022-11-30 00:00:00,FULL AND OPEN COMPETITION,,"THE CONTRACTOR SHALL PROVIDE IT SYSTEM DEVELOPMENT AND SUPPORT SERVICES, AS DESCRIBED IN THE STATEMENT OF OBJECTIVES SOO TITLED SAS CONVERSION DQ MEASURES.",https://www.usaspending.gov/award/CONT_AWD_75FCMC21F0001_7530_HHSM500201700006I_7530
other,competed_one_bid,1,3022661.56,Department of Veterans Affairs,SDV OFFICE SYSTEMS LLC,DA10,2022-09-29,2025-03-31 00:00:00,COMPETED UNDER SAP,,PAR EXCELLENCE WEIGHT BASED INVENTORY SYSTEM,https://www.usaspending.gov/award/CONT_AWD_36C25922P1314_3600_-NONE-_-NONE-
other,competed_one_bid,1,2999999.52,Defense Health Agency,STRATEGIC COMMUNICATIONS LLC,DK10,2024-09-19,2025-09-29 00:00:00,FULL AND OPEN COMPETITION AFTER EXCLUSION OF SOURCES,,AMAZON WEB SERVICE CREDITS,https://www.usaspending.gov/award/CONT_AWD_HT001524F0142_9700_NNG15SC90B_8000
other,competed_one_bid,1,2995728.24,Food and Drug Administration,BOOZ ALLEN HAMILTON INC,DF01,2024-03-21,2025-08-31 00:00:00,FULL AND OPEN COMPETITION,,ADVANCED INFORMATION RETRIEVAL RESEARCH SYSTEM (AIRRS) SUPPORT SERVICES.,https://www.usaspending.gov/award/CONT_AWD_75F40124F19005_7524_75F40119A10020_7524
other,competed_one_bid,1,2992340.6,Department of Veterans Affairs,"V3GATE, LLC",DA01,2023-08-09,2025-09-25 00:00:00,FULL AND OPEN COMPETITION AFTER EXCLUSION OF SOURCES,,WEBEOC SUBSCRIPTION 1000 USER SOFTWARE MAINTENACE AND SUPPORT,https://www.usaspending.gov/award/CONT_AWD_36C10A23F0096_3600_NNG15SD27B_8000
other,competed_one_bid,1,2963454.14,Office of the Assistant Secretary for Administration,"MIND OVER MACHINES, INC.",DF10,2024-01-09,2026-02-28 00:00:00,FULL AND OPEN COMPETITION,,ITAS PROFESSIONAL SUPPORT SERVICES,https://www.usaspending.gov/award/CONT_AWD_75P00124F80013_7570_47QTCA23D003P_4732
other,competed_one_bid,1,2940563.17,National Institutes of Health,"PLATINUM BUSINESS SERVICES, LLC",DA01,2023-03-28,2026-09-29 00:00:00,FULL AND OPEN COMPETITION AFTER EXCLUSION OF SOURCES,,IHS CLINICAL DATA MART OPERATIONS AND MAINTENANCE,https://www.usaspending.gov/award/CONT_AWD_75N98123F00001_7529_75N98119D00082_7529
other,competed_one_bid,1,2921927.74,Office of the Assistant Secretary for Administration,"KLC NETWORK SERVICES, INC.",D301,2019-03-18,2023-07-31 00:00:00,FULL AND OPEN COMPETITION AFTER EXCLUSION OF SOURCES,,ROOM MANAGEMENT AUDIO VISUAL/INFORMATION (AV/IT) TECHNOLOGY SUPPORT,https://www.usaspending.gov/award/CONT_AWD_75P00119F80003_7570_GS06F1042Z_4732
portal_web,competed_one_bid,1,2911951.23,Centers for Disease Control and Prevention,MOTIONPOINT CORPORATION,D399,2020-09-21,2023-09-29 00:00:00,FULL AND OPEN COMPETITION,,WEBSITE TRANSLATION&HOSTING,https://www.usaspending.gov/award/CONT_AWD_75D30120F09949_7523_GS10F0157S_4730
other,competed_one_bid,1,2880873.2,Defense Health Agency,STRATEGIC COMMUNICATIONS LLC,DK10,2024-08-29,2025-08-31 00:00:00,FULL AND OPEN COMPETITION AFTER EXCLUSION OF SOURCES,,AMAZON WEB SERVICE CREDITS,https://www.usaspending.gov/award/CONT_AWD_HT001524F0130_9700_NNG15SC90B_8000
registry_surveillance,competed_one_bid,1,2862663.37,Department of Veterans Affairs,"NETSYNC NETWORK SOLUTIONS, INC.",D308,2018-09-25,2024-03-24 00:00:00,FULL AND OPEN COMPETITION AFTER EXCLUSION OF SOURCES,,CONSULT MANAGER TRACKING SYSTEM,https://www.usaspending.gov/award/CONT_AWD_36C25818F2198_3600_NNG15SC76B_8000
infrastructure_ops,competed_one_bid,1,2856088.44,Department of Veterans Affairs,"THUNDERCAT TECHNOLOGY, LLC",DA10,2026-09-14,2029-09-13 00:00:00,FULL AND OPEN COMPETITION AFTER EXCLUSION OF SOURCES,,VA VISN 6 VIRTUAL INFRASTRUCTURE UPGRADE,https://www.usaspending.gov/award/CONT_AWD_36C10B26F0368_3600_NNG15SD26B_8000
other,competed_one_bid,1,2855500.0,Department of Veterans Affairs,DATIX (USA) INC.,DA10,2025-09-26,2028-09-28 00:00:00,FULL AND OPEN COMPETITION,,ELECTRONIC DATABASE SUBSCRIPTION SERVICES.,https://www.usaspending.gov/award/CONT_AWD_36C10B25C0056_3600_-NONE-_-NONE-
other,competed_one_bid,1,2850037.39,Food and Drug Administration,VERSATECH INC,DF01,2022-09-26,2023-09-26 00:00:00,FULL AND OPEN COMPETITION AFTER EXCLUSION OF SOURCES,,OFEMS WHITE OAK AV SUPPORT SERVICES,https://www.usaspending.gov/award/CONT_AWD_75F40122F80443_7524_75N98119D00077_7529
infrastructure_ops,competed_one_bid,1,2848201.0,Office of the Assistant Secretary for Financial Resources,"MOST INVESTMENTS, LLC",DA01,2024-02-27,2029-03-24 00:00:00,FULL AND OPEN COMPETITION,,AHRQ PATIENT SAFETY NETWORK (PSNET); AWARD OF TASK ORDER,https://www.usaspending.gov/award/CONT_AWD_75Q80124F80002_7528_47QTCA23D006F_4732
infrastructure_ops,competed_one_bid,1,2788196.92,Department of Veterans Affairs,"MINBURN TECHNOLOGY GROUP, LLC",DA10,2026-07-22,2029-08-04 00:00:00,FULL AND OPEN COMPETITION AFTER EXCLUSION OF SOURCES,,TRELLIS MAINTENANCE AND SOFTWARE SUPPORT FOR DATA CENTERS,https://www.usaspending.gov/award/CONT_AWD_36C10B26F0213_3600_NNG15SD34B_8000
other,competed_one_bid,1,2774444.03,Department of Veterans Affairs,"V3GATE, LLC",DA10,2024-09-27,2027-09-26 00:00:00,FULL AND OPEN COMPETITION AFTER EXCLUSION OF SOURCES,,JUVARE UNIFIED COMMAND PLATFORM SOFTWARE AS A SERVICE,https://www.usaspending.gov/award/CONT_AWD_36C10B24F0426_3600_NNG15SD27B_8000
other,competed_one_bid,1,2759337.84,National Institutes of Health,"CUSTOMER VALUE PARTNERS, LLC",DA01,2023-08-23,2026-08-31 00:00:00,FULL AND OPEN COMPETITION AFTER EXCLUSION OF SOURCES,,DCISO - INFORMATION TECHNOLOGY AND APPLICATIONS CENTER (ITAC) CHIEF INFORMATION SECURITY OFFICER (CISO) SUPPORT SERVICES,https://www.usaspending.gov/award/CONT_AWD_75N92023F00001_7529_HHSN316201200125W_7529
analytics_reporting,competed_one_bid,1,2756016.48,Centers for Medicare and Medicaid Services,ALVAREZ LLC,DA10,2020-11-23,2025-11-29 00:00:00,FULL AND OPEN COMPETITION AFTER EXCLUSION OF SOURCES,,AWARD TASK ORDER TO CONTINUE SAP BUSINESSOBJECTS BUSINESS INTELLIGENCE (BI) AND TO ADD GALIGEO LOCATION INTELLIGENCE SOLUTION,https://www.usaspending.gov/award/CONT_AWD_75FCMC21F0007_7530_NNG15SD19B_8000
other,competed_one_bid,1,2754850.8,Office of the Assistant Secretary for Financial Resources,SOFTEK ENTERPRISES LLC,DA01,2023-09-23,2026-10-24 00:00:00,FULL AND OPEN COMPETITION,,MICROSOFT POWER APP AND BI SUPPORT,https://www.usaspending.gov/award/CONT_AWD_75R60223F80159_7526_47QTCA18D007G_4732
other,competed_one_bid,1,2709385.07,Department of Veterans Affairs,"V3GATE, LLC",DH01,2023-08-10,2025-09-24 00:00:00,FULL AND OPEN COMPETITION AFTER EXCLUSION OF SOURCES,,RED HAT CME TECHNICAL SUPPORT,https://www.usaspending.gov/award/CONT_AWD_36C10A23F0095_3600_NNG15SD27B_8000
other,competed_one_bid,1,2699547.55,Department of Veterans Affairs,"AGILE SIX APPLICATIONS, INC",DA01,2025-08-07,2026-05-13 00:00:00,FULL AND OPEN COMPETITION AFTER EXCLUSION OF SOURCES,,NEW CEDAR TASK ORDER FOR HEALTH APPLICATIONS.,https://www.usaspending.gov/award/CONT_AWD_36C10B25N00060017_3600_36C10B21D0006_3600
other,competed_one_bid,1,2692550.06,Department of Veterans Affairs,REGAN TECHNOLOGIES CORP,DA10,2024-02-06,2025-12-22 00:00:00,FULL AND OPEN COMPETITION AFTER EXCLUSION OF SOURCES,,BMC SOFTWARE LICENSES AND MAINTENANCE,https://www.usaspending.gov/award/CONT_AWD_36C10B24F0061_3600_NNG15SD39B_8000
infrastructure_ops,competed_one_bid,1,2676462.0,National Institutes of Health,"VERIS GROUP, LLC",DJ01,2024-09-19,2027-09-26 00:00:00,FULL AND OPEN COMPETITION,,NHLBI CYBERSECURITY RISK MANAGEMENT FRAMEWORK SERVICES,https://www.usaspending.gov/award/CONT_AWD_75N92024F00002_7529_75N92021A00007_7529
other,competed_one_bid,1,2640597.77,Department of Veterans Affairs,REGAN TECHNOLOGIES CORP,DC01,2025-09-26,2026-06-25 00:00:00,FULL AND OPEN COMPETITION AFTER EXCLUSION OF SOURCES,,"THE CONTRACTOR SHALL PROVIDE ALL SERVICES, MANAGEMENT, LABOR, EQUIPMENT, TOOLS, AND CONSUMABLES TO CONSTRUCT TWO PODS OF IT EQUIPMENT ENCLOSURES TO HOUSE THE MVP EXPANSION EQUIPMENT",https://www.usaspending.gov/award/CONT_AWD_36C10B25F0302_3600_NNG15SD39B_8000
other,competed_one_bid,1,2632680.0,Office of the Assistant Secretary for Financial Resources,PARAGON MICRO INC,DJ10,2026-09-25,2027-09-29 00:00:00,FULL AND OPEN COMPETITION AFTER EXCLUSION OF SOURCES,,PALO ALTO FIREWALL MAINTENANCE RENEWAL BASE POP 09/30/2026 09/29/2027 PLUS OPTIONS FOR SERVICES AND NGFW CREDITS,https://www.usaspending.gov/award/CONT_AWD_7571TE26F80407_7571_NNG15SD91B_8000
clinical_it_ehr,competed_one_bid,1,2632204.3,Department of Veterans Affairs,"FOUR POINTS TECHNOLOGY, L.L.C.",DA10,2025-06-26,2026-09-29 00:00:00,FULL AND OPEN COMPETITION AFTER EXCLUSION OF SOURCES,,"VISN 20 RADIOLOGY PACS UPGRADE - VA PORTLAND, VA PUGET SOUND AND VA SPOKANE",https://www.usaspending.gov/award/CONT_AWD_36C26025F0292_3600_NNG15SD22B_8000
portal_web,competed_one_bid,1,2623746.72,Centers for Medicare and Medicaid Services,INDEX ANALYTICS LLC,DA01,2026-04-30,2026-10-31 00:00:00,FULL AND OPEN COMPETITION,,"THE CENTERS FOR MEDICARE & MEDICAID SERVICES (CMS) SEEKS CONTRACTOR SUPPORT FOR THE CONTINUED OPERATIONS, MAINTENANCE, MODERNIZATION, AND ENHANCEMENT OF THE RISK ADJUSTMENT SUITE OF SYSTEMS (RASS). THE PURPOSE OF THIS SOO IS TO DEFINE PERFORMANCE OBJ",https://www.usaspending.gov/award/CONT_AWD_75FCMC26F0066_7530_GS35F013DA_4732
other,competed_one_bid,1,2614495.0,Office of the Inspector General,"SVD STARS II, LLC",D307,2020-03-20,2023-03-31 00:00:00,FULL AND OPEN COMPETITION AFTER EXCLUSION OF SOURCES,,PORTFOLIO MANAGEMENT AND ENTERPRISE ARCHITECTURE,https://www.usaspending.gov/award/CONT_AWD_75040120F80003_7504_GS06F1233Z_4732
other,competed_one_bid,1,2613740.53,National Institutes of Health,PITECH SOLUTIONS INC,D301,2018-06-15,2021-06-17 00:00:00,FULL AND OPEN COMPETITION AFTER EXCLUSION OF SOURCES,,PROGRAM MANAGEMENT OFFICE SUPPORT SERVICES (PMOSS),https://www.usaspending.gov/award/CONT_AWD_75N96018F00015_7529_GS06F1245Z_4732
infrastructure_ops,competed_one_bid,1,2596303.0,Department of Veterans Affairs,ONE PHOENIX SOLUTIONS LLC,DA01,2025-09-19,2028-01-19 00:00:00,FULL AND OPEN COMPETITION AFTER EXCLUSION OF SOURCES,,"DELIVERY OF TWO RAPID PROTOTYPES AND TECHNICAL SOLUTIONS TO SUPPORT THE IMPROVEMENT OF BENEFITS DELIVERY THROUGH ARTIFICIAL INTELLIGENCE AND MODERN INFRASTRUCTURE AND CLOUD-BASED INFRASTRUCTURE NECESSARY TO ENABLE REPEATABLE, ACCELERATED PROTOTYPING.",https://www.usaspending.gov/award/CONT_AWD_36C10B25N00090002_3600_36C10B25D0009_3600
other,competed_one_bid,1,2554456.24,Department of Veterans Affairs,IT CADRE LLC,DA01,2025-12-08,2027-12-11 00:00:00,FULL AND OPEN COMPETITION,,VISUALIZATION ENGINEERING,https://www.usaspending.gov/award/CONT_AWD_36C10X26F0010_3600_47QTCA18D0028_4732
scheduling_referral_community_care,competed_one_bid,1,2524478.37,Office of Assistant Secretary for Preparedness and Response,ATT MOBILITY LLC,D399,2019-03-26,2024-03-29 00:00:00,FULL AND OPEN COMPETITION,,"THE CONTRACTOR SHALL PROVIDE THE GOVERNMENT WITH ALL THE NECESSARY RESOURCES, PERSONNEL AND SERVICES REQUIRED TO PROVIDE THE FY2019 FIRSTNET MOBILE DEVICES AND COMMUNICATION SERVICES.  THESE SERVICES ARE IN SUPPORT OF THE U.S. DEPARTMENT OF HEALTH AND HUMAN SERVICES (HHS), OFFICE OF THE ASSISTANT SECRETARY FOR PREPAREDNESS AND RESPONSE (ASPR), OFFICE OF INFORMATION TECHNOLOGY SERVICES DIVISION (ITSD) STAFF.ALL DEVICES AND SERVICES SHALL BE PROVIDED AS DESCRIBED HEREIN AND IN ACCORDANCE WITH THE CONTRACTOR'S GSA SCHEDULE CONTRACT, GS-35F-0297K, THE GOVERNMENT STATEMENT OF WORK, DATED, DECEMBER 14, 2018, AND THE CONTRACTOR'S PROPOSAL DATED, MARCH 18, 2019.",https://www.usaspending.gov/award/CONT_AWD_75A50119F80003_7505_GS35F0297K_4730
other,competed_one_bid,1,2523840.24,Department of Veterans Affairs,"MINBURN TECHNOLOGY GROUP, LLC",DA01,2024-10-22,2028-03-06 00:00:00,FULL AND OPEN COMPETITION AFTER EXCLUSION OF SOURCES,,COMPUTERS ON WHEELS,https://www.usaspending.gov/award/CONT_AWD_36C10A25F0001_3600_NNG15SD34B_8000
infrastructure_ops,competed_one_bid,1,2514425.0,Department of Veterans Affairs,"THUNDERCAT TECHNOLOGY, LLC",DA01,2026-09-21,2031-09-20 00:00:00,FULL AND OPEN COMPETITION AFTER EXCLUSION OF SOURCES,,ABACUS VISUAL PLAYBOOK BUILDER & AUTOMATION ORCHESTRATOR,https://www.usaspending.gov/award/CONT_AWD_36C10B26F0401_3600_NNG15SD26B_8000
analytics_reporting,competed_one_bid,1,2493307.71,Defense Health Agency,DIGITAL SCIENCE & RESEARCH SOLUTIONS INC,DA10,2023-11-29,2028-11-30 00:00:00,FULL AND OPEN COMPETITION,,DATA ANALYTICS SUPPORT SERVICES ON BEHALF OF CONGRESSIONALLY DIRECTED MEDICAL RESEARCH PROGRAMS,https://www.usaspending.gov/award/CONT_AWD_HT942524C0005_9700_-NONE-_-NONE-
other,competed_one_bid,1,2488504.32,Defense Health Agency,"IDEAL SYSTEM SOLUTIONS, INC.",DJ01,2024-09-30,2029-09-29 00:00:00,FULL AND OPEN COMPETITION,,MAIN PHARMACY: EQUIPMENT/MATERIALS/MOBIL,https://www.usaspending.gov/award/CONT_AWD_HT941024F0161_9700_HHSN316201500028W_7529
infrastructure_ops,competed_one_bid,1,2446066.97,Department of Veterans Affairs,DISTRIBUTED TECHNOLOGY GROUP LLC,DC01,2021-09-23,2026-09-24 00:00:00,FULL AND OPEN COMPETITION,,"THIS DELIVERY ORDER PROVIDES SOFTWARE, HARDWARE AND MAINTENANCE FOR VA DATA CENTERS.",https://www.usaspending.gov/award/CONT_AWD_36C10B21F0322_3600_NNG15SC31B_8000
other,competed_one_bid,1,2426219.22,Office of the Assistant Secretary for Administration,APPRIO INC,D316,2016-07-29,2022-01-31 00:00:00,FULL AND OPEN COMPETITION AFTER EXCLUSION OF SOURCES,,IGF::OT::IGF - ELECTRONIC CASE MANAGEMENT RECORD,https://www.usaspending.gov/award/CONT_AWD_HHSP233201600242G_7570_GS06F0925Z_4732
infrastructure_ops,competed_one_bid,1,2399729.53,Office of the Assistant Secretary for Financial Resources,TECHNOGEN INC.,DF10,2025-09-22,2026-09-29 00:00:00,COMPETED UNDER SAP,,OIT- SERVICES178 C 6596-CLOUD PLATFORMS OPERATIONS AND MAINTENANCE SERVICES SUPPORT,https://www.usaspending.gov/award/CONT_AWD_75R60225F34002_7526_75R60225A00017_7526
portal_web,competed_one_bid,1,2372861.92,Centers for Medicare and Medicaid Services,VITG CORP,DA01,2023-09-14,2026-08-31 00:00:00,FULL AND OPEN COMPETITION,,OBTAIN INDEPENDENT OPERATIONS ANALYSIS AND IMPROVEMENT SERVICES BY CONDUCTING USER RESEARCH (UR) WITH HUMAN CENTERED DESIGN (HCD) APPROACHES ON DESIGNATED SYSTEMS MANAGED BY THE CENTERS FOR MEDICARE & MEDICAID SERVICES (CMS)/OFFICE OF INFORMATIO,https://www.usaspending.gov/award/CONT_AWD_75FCMC23F0147_7530_47QTCA20D009W_4732
other,competed_one_bid,1,2361648.0,Office of the Assistant Secretary for Financial Resources,GOVERNMENT ACQUISITIONS LLC,DA10,2023-09-27,2028-09-29 00:00:00,FULL AND OPEN COMPETITION AFTER EXCLUSION OF SOURCES,,ROBOTIC PROCESS AUTOMATION RPA PROGRAM SUPPORT (UIPATH) - BASE - FY23,https://www.usaspending.gov/award/CONT_AWD_75P00123F80214_7570_NNG15SD23B_8000
other,competed_one_bid,1,2338000.0,Department of Veterans Affairs,"REFLEXAI, INC",DA10,2026-08-31,2028-08-31 00:00:00,FULL AND OPEN COMPETITION,,EVERY VETERAN COUNTS: ENABLING 100% QUALITY ASSURANCE AND AT VETERANS CRISIS LINE,https://www.usaspending.gov/award/CONT_AWD_36C10X26C0028_3600_-NONE-_-NONE-
other,competed_one_bid,1,2314688.74,Department of Veterans Affairs,COFORMA LLC,DA01,2024-08-08,2025-10-31 00:00:00,FULL AND OPEN COMPETITION AFTER EXCLUSION OF SOURCES,,CEDAR DELIVERY ORDER IS TO PROVIDE BENEFITS TEAMS II SUPPORT FOR OIT.,https://www.usaspending.gov/award/CONT_AWD_36C10B24N00050008_3600_36C10B21D0005_3600
other,competed_one_bid,1,2298383.67,Department of Veterans Affairs,ALVAREZ LLC,DA01,2023-06-07,2028-07-02 00:00:00,FULL AND OPEN COMPETITION AFTER EXCLUSION OF SOURCES,,VOCERA LICENSES/SUPPORT,https://www.usaspending.gov/award/CONT_AWD_36C26023F0356_3600_NNG15SD19B_8000
other,competed_one_bid,1,2295326.0,National Institutes of Health,BHI MANAGEMENT INC,DE01,2026-09-24,2030-03-27 00:00:00,FULL AND OPEN COMPETITION,,"NATIONAL INSTITUTES OF HEALTH (NIH), SMALL BUSINESS EDUCATION AND ENTREPRENEURIAL DEVELOPMENT (SEED), SMALL BUSINESS INNOVATION RESEARCH (SBIR) AND SMALL BUSINESS TECHNOLOGY TRANSFER (STTR) PRODUCT DEVELOPMENT AND ENTREPRENEURSHIP SERVICES",https://www.usaspending.gov/award/CONT_AWD_75N98026F00419_7529_47QRAA25D002G_4732
other,competed_one_bid,1,2295125.3,National Institutes of Health,"BIOFORTIS, LLC",D399,2016-08-25,2024-11-29 00:00:00,COMPETED UNDER SAP,,"IGF::OT::IGF LABMATRIX SOFTWARE SUBSCRIPTIONS, MAINTENANCE AND DEVELOPMENT SUPPORT SERVICES, IN SUPPORT OF THE NATIONAL INSTITUTES OF HEALTH, NATIONAL CANCER INSTITUTE, CENTER FOR CANCER RESEARCH",https://www.usaspending.gov/award/CONT_AWD_HHSN261201600015A_7529_-NONE-_-NONE-
document_processing,competed_one_bid,1,2285538.57,Centers for Medicare and Medicaid Services,"EPATHUSA, INC.",DA01,2026-02-27,2028-02-29 00:00:00,FULL AND OPEN COMPETITION,,"THE PURPOSE OF THIS REQUISITION IS TO TEST THE USE OF ARTIFICIAL INTELLIGENCE (AI) TECHNOLOGIES, SUCH AS OPTICAL CHARACTER RECOGNITION (OCR), MACHINE LEARNING (ML), NATURAL LANGUAGE PROCESSING (NLP), AMONG OTHERS, AND THEIR VIABILITY WITH MEDICAL REC",https://www.usaspending.gov/award/CONT_AWD_75FCMC26C0007_7530_-NONE-_-NONE-
other,competed_one_bid,1,2228366.44,Department of Veterans Affairs,"PLAN 4 HEALTHCARE, LLC",DA10,2022-01-31,2025-03-31 00:00:00,COMPETED UNDER SAP,,4CAST SOFTWARE SOLUTION,https://www.usaspending.gov/award/CONT_AWD_36C10A22P0009_3600_-NONE-_-NONE-
scheduling_referral_community_care,competed_one_bid,1,2224649.84,Department of Veterans Affairs,"MINBURN TECHNOLOGY GROUP, LLC",DD01,2021-09-28,2026-09-28 00:00:00,FULL AND OPEN COMPETITION AFTER EXCLUSION OF SOURCES,,CONSULT TRACKER MANAGER PLUS (CTM+) SOFTWARE AND MAINTENANCE FOR VISN 21.,https://www.usaspending.gov/award/CONT_AWD_36C26121F0477_3600_NNG15SD34B_8000
other,competed_one_bid,1,2214000.45,Department of Veterans Affairs,CYKOR LLC,DA01,2024-09-05,2027-09-12 00:00:00,FULL AND OPEN COMPETITION AFTER EXCLUSION OF SOURCES,,STARBURST ENTERPRISE SOFTWARE AND TECHNICAL SUPPORT,https://www.usaspending.gov/award/CONT_AWD_36C10B24F0333_3600_NNG15SD66B_8000
other,competed_one_bid,1,2188058.0,Office of the Assistant Secretary for Administration,METCOR LTD,DA10,2025-09-11,2027-03-29 00:00:00,FULL AND OPEN COMPETITION,,ORR TRAINING AND TECHNICAL ASSISTANCE LEARNING MANAGEMENT SYSTEM,https://www.usaspending.gov/award/CONT_AWD_75P00125F80104_7570_GS00F002BA_4732
analytics_reporting,competed_one_bid,1,2183748.74,Office of the Assistant Secretary for Financial Resources,NAVANCIO LLC,DF01,2026-09-03,2028-08-31 00:00:00,COMPETED UNDER SAP,,"THE DEPARTMENT OF HEALTH AND HUMAN SERVICES (HHS) INDIAN HEALTH SERVICES (HIS) HAS A NEED FOR ENTERPRISE RESOURCE PLANNING (ERP) SYSTEM (LINK) PHASE 3 DEPLOYMENT.  PHASE 3 INCLUDES COMPREHENSIVE SYSTEM ENHANCEMENTS SUCH AS ADVANCED REPORTING, EXECUTI",https://www.usaspending.gov/award/CONT_AWD_7571TE26C00005_7571_-NONE-_-NONE-
other,competed_one_bid,1,2161411.68,Food and Drug Administration,METAPHASE CONSULTING LLC,DF01,2022-08-01,2025-09-05 00:00:00,FULL AND OPEN COMPETITION AFTER EXCLUSION OF SOURCES,,FDA CAPITAL PLANNING INVESTMENT CONTROL (CPIC),https://www.usaspending.gov/award/CONT_AWD_75F40122F80271_7524_47QTCB22D0095_4732
infrastructure_ops,competed_one_bid,1,2140424.89,Centers for Disease Control and Prevention,"AFFIGENT, LLC",DH01,2022-11-09,2024-06-16 00:00:00,FULL AND OPEN COMPETITION,,DATA CLEARINGHOUSE AND CLOUD SERVICES SUPPORT,https://www.usaspending.gov/award/CONT_AWD_75D30123F15786_7523_HHSN316201500050W_7529
registry_surveillance,competed_one_bid,1,2140252.45,Department of Veterans Affairs,"MINBURN TECHNOLOGY GROUP, LLC",DA01,2026-09-14,2031-09-15 00:00:00,FULL AND OPEN COMPETITION AFTER EXCLUSION OF SOURCES,,"ENTERPRISE PATIENT RADIATION DOSE TRACKING SYSTEM - HIS SYSTEM SHALL ALSO EMPOWER RADIOLOGISTS, RADIATION SAFETY OFFICERS, AND CLINICAL STAFF TO MORE EFFECTIVELY MANAGE VHA RADIATION SAFETY PROGRAMS.",https://www.usaspending.gov/award/CONT_AWD_36C10B26F0380_3600_NNG15SD34B_8000
analytics_reporting,competed_one_bid,1,2134996.0,Department of Veterans Affairs,"ICOM INTERNATIONAL, INC.",DA01,2024-08-16,2027-08-15 00:00:00,COMPETED UNDER SAP,,"CLINICAL ASSESSMENT, REPORTING, AND TRACKING (CART) PROGRAM",https://www.usaspending.gov/award/CONT_AWD_36C10B24C0043_3600_-NONE-_-NONE-
other,competed_one_bid,1,2134988.0,Office of the Assistant Secretary for Administration,"GOVERNMENT RETIREMENT & BENEFITS, INC.",D317,2014-09-26,2019-09-29 00:00:00,FULL AND OPEN COMPETITION,,IGF::OT::IGF   SUBSCRIPTION TO GOVERNMENT EMPLOYEE RETIREMENT AND BENEFITS WEB BASED SERVICE.,https://www.usaspending.gov/award/CONT_AWD_HHSP233201400497G_7555_GS35F0047S_4730
other,competed_one_bid,1,2116965.31,Centers for Disease Control and Prevention,DANYA INTERNATIONAL LLC,D322,2016-08-12,2020-10-14 00:00:00,FULL AND OPEN COMPETITION AFTER EXCLUSION OF SOURCES,,IGF::CT::IGF FOR WEB AND DIGITAL MEDIA FOR NCHHSTP,https://www.usaspending.gov/award/CONT_AWD_HHSD2002014610160008_7523_HHSD200201461016I_7523
portal_web,competed_one_bid,1,2107394.2,National Institutes of Health,FUTREND TECHNOLOGY INC.,DA01,2022-11-25,2027-11-27 00:00:00,FULL AND OPEN COMPETITION AFTER EXCLUSION OF SOURCES,,"PROVIDE SERVICES AND DELIVERABLES THROUGH PERFORMANCE OF TECHNICAL SERVICES SPECIFICALLY FOCUSED ON WEBSITE DEVELOPMENT, DATA/DATABASE MANAGEMENT, AND SYSTEM INTEGRATION AND MAINTENANCE",https://www.usaspending.gov/award/CONT_AWD_75N95023F00001_7529_HHSN316201200141W_7529
other,competed_one_bid,1,2084042.68,Centers for Disease Control and Prevention,"CARTER CONSULTING, INC.",D399,2014-06-18,2019-06-30 00:00:00,FULL AND OPEN COMPETITION,,IGF::OT::IGF CDC INFORMATION MANAGEMENT SERVICES,https://www.usaspending.gov/award/CONT_AWD_HHSD2002010372030006_7523_HHSD200201037203I_7523
infrastructure_ops,competed_one_bid,1,2080075.57,Office of the Assistant Secretary for Financial Resources,WATERS TECHNOLOGIES CORPORATION,DA10,2021-08-23,2027-02-28 00:00:00,FULL AND OPEN COMPETITION,,CHROMATOGRAPHY DATA SYSTEM FOR OMPSLO SLEP (VARIOUS SITES),https://www.usaspending.gov/award/CONT_AWD_75F40121F80337_7524_GS07F0559X_4732
infrastructure_ops,competed_one_bid,1,2076970.2,Department of Veterans Affairs,REGAN TECHNOLOGIES CORP,DF10,2021-06-30,2024-07-29 00:00:00,FULL AND OPEN COMPETITION AFTER EXCLUSION OF SOURCES,,CTC SERVER INFRASTRUCTURE,https://www.usaspending.gov/award/CONT_AWD_36C10A21F0209_3600_NNG15SD39B_8000
infrastructure_ops,competed_one_bid,1,2072074.7,Department of Veterans Affairs,SOURCENOW LLC,D321,2018-07-31,2023-07-31 00:00:00,FULL AND OPEN COMPETITION AFTER EXCLUSION OF SOURCES,,IGF::OT:::IGF TELEPHONE (PBX) OPERATORS,https://www.usaspending.gov/award/CONT_AWD_36C25718F1781_3600_GS07F0168Y_4732
other,competed_one_bid,1,2069787.98,National Institutes of Health,"FOUR POINTS TECHNOLOGY, L.L.C.",DA10,2023-06-12,2025-06-16 00:00:00,FULL AND OPEN COMPETITION,,"PROCUREMENT OF DIGITAL SCIENCE'S DIMENSIONS FOR NIH (DFN) SUBSCRIPTION, INCLUDING PORTFOLIO ANALYSIS AND EVALUATION SUPPORT SERVICES",https://www.usaspending.gov/award/CONT_AWD_75N91023F00001_7529_HHSN316201500034W_7529
other,competed_one_bid,1,2050623.69,National Institutes of Health,"THE BIOTEAM, LLC",DF01,2021-08-23,2022-10-23 00:00:00,COMPETED UNDER SAP,,"NATIONAL INSTITUTES OF HEALTH (NIH) INFORMATION TECHNOLOGY INTEGRATION ADOPTION, ASSESSMENT, AND COMMUNICATIONS STRATEGY",https://www.usaspending.gov/award/CONT_AWD_75N97021F00002_7529_75N97020A00012_7529
other,competed_one_bid,1,2041320.96,National Institutes of Health,COMPASS FEDERAL CONSULTING LIMITED LIABILITY COMPANY,DJ01,2022-09-23,2025-09-27 00:00:00,FULL AND OPEN COMPETITION,,NIH INFOSEC GENERAL SUPPORT SYSTEM,https://www.usaspending.gov/award/CONT_AWD_75N92022F00005_7529_75N92021A00003_7529
infrastructure_ops,competed_one_bid,1,2023656.0,Centers for Disease Control and Prevention,"BEST TECH, INC.",D316,2019-05-31,2024-07-31 00:00:00,FULL AND OPEN COMPETITION AFTER EXCLUSION OF SOURCES,,MZC UHF RADIO NETWORK MAINTENANCE AND SERVICE,https://www.usaspending.gov/award/CONT_AWD_75D30119C05145_7523_-NONE-_-NONE-
other,competed_one_bid,1,2008248.56,Indian Health Service,"SYNERGY GROUP JV, LLC",7010,2016-09-13,2021-08-31 00:00:00,FULL AND OPEN COMPETITION,,IGF:CT::IGF,https://www.usaspending.gov/award/CONT_AWD_HHSI241201600090W_7527_HHSN316201500036W_7529
other,competed_one_bid,1,1999962.9,Department of Veterans Affairs,COFORMA LLC,DA01,2024-10-16,2025-11-03 00:00:00,FULL AND OPEN COMPETITION AFTER EXCLUSION OF SOURCES,,"""EO14042"" MODIFICATION TO ADD FAR 52.223-99 ENSURING ADEQUATE COVID-19 SAFETY PROTOCOLS FOR FEDERAL CONTRACTORS (OCT 2021) (DEVIATION)",https://www.usaspending.gov/award/CONT_AWD_36C10B25N00050010_3600_36C10B21D0005_3600
other,competed_one_bid,1,1980069.0,Department of Veterans Affairs,ALVAREZ LLC,D399,2020-02-28,2024-09-30 00:00:00,FULL AND OPEN COMPETITION AFTER EXCLUSION OF SOURCES,,VOCERA SUPPORT SERVICES,https://www.usaspending.gov/award/CONT_AWD_36C24220F0242_3600_NNG15SD19B_8000
portal_web,competed_one_bid,1,1978570.8,Centers for Medicare and Medicaid Services,AKIRA TECHNOLOGIES INC.,DC10,2021-07-21,2024-07-22 00:00:00,FULL AND OPEN COMPETITION,,"THE ACQUISITION CONTINUES TO PROVIDE QUALITY ASSURANCE SUPPORT FOR CMCS WEBSITES USING CMS-PROVIDED WEB CONTENT MANAGEMENT SYSTEMS (PERCUSSION BUT COULD BE DRUPAL OR ANOTHER SYSTEM IN THE FUTURE) FOR THE CMCS WEBSITES TO INCLUDE, BUT POTENTIALLY NOT",https://www.usaspending.gov/award/CONT_AWD_75FCMC21F0002_7530_HHSM500201700006I_7530
other,competed_one_bid,1,1975921.27,Defense Health Agency,TRILLAMED LLC,DA01,2024-09-11,2030-10-31 00:00:00,FULL AND OPEN COMPETITION AFTER EXCLUSION OF SOURCES,,PHARMACY HIGH DENSITY STORAGE ENTERPRISE AND SUPPORT,https://www.usaspending.gov/award/CONT_AWD_HT001124C0023_9700_-NONE-_-NONE-
other,competed_one_bid,1,1973097.65,Centers for Disease Control and Prevention,"NEW TECH SOLUTIONS, INC.",DA10,2022-01-27,2026-02-20 00:00:00,FULL AND OPEN COMPETITION,,NINTEX FORMS SUBSCRIPTION,https://www.usaspending.gov/award/CONT_AWD_75D30122F13221_7523_HHSN316201500040W_7529
other,competed_one_bid,1,1964824.12,National Institutes of Health,"INFORMATION MANAGEMENT SERVICES, INC.",D308,2020-06-30,2022-07-19 00:00:00,COMPETED UNDER SAP,,SUPPORT SERVICES FOR THE PLCO ETIOLOGIC & EARLY MARKER STUDIES (PLCO EEMS),https://www.usaspending.gov/award/CONT_AWD_75N91020F00001_7529_HHSN261201500002B_7529
analytics_reporting,competed_one_bid,1,1958855.37,Centers for Disease Control and Prevention,ALPHA OMEGA INTEGRATION LLC,DA01,2026-01-30,2031-07-31 00:00:00,FULL AND OPEN COMPETITION AFTER EXCLUSION OF SOURCES,,ENHANCED HIV/AIDS REPORTING SYSTEM (EHARS) & AUTOMATED DATA TRANSFER,https://www.usaspending.gov/award/CONT_AWD_75D30126F20756_7523_HHSN316201200182W_7529
other,competed_one_bid,1,1941389.24,National Institutes of Health,"INFORMATION MANAGEMENT SERVICES, INC.",D308,2018-08-07,2020-08-24 00:00:00,COMPETED UNDER SAP,,SUPPORT SERVICES FOR THE PLCO ETIOLOGIC&EARLY MARKER STUDIES (PLCO EEMS),https://www.usaspending.gov/award/CONT_AWD_75N91018F00014_7529_HHSN261201500002B_7529
other,competed_one_bid,1,1938382.66,Department of Veterans Affairs,"FOUR POINTS TECHNOLOGY, L.L.C.",7035,2020-08-20,2024-02-29 00:00:00,COMPETED UNDER SAP,,VISN 15 PYXIS BPA CALL,https://www.usaspending.gov/award/CONT_AWD_36C25520N0413_3600_36C25520A0055_3600
other,competed_one_bid,1,1933398.63,National Institutes of Health,CMA TECHNOLOGY INC,7050,2020-03-24,2024-03-29 00:00:00,FULL AND OPEN COMPETITION,,UBERINDEXER LICENSE SUBSCRIPTION AND SUPPORT SERVICES,https://www.usaspending.gov/award/CONT_AWD_75N94020F00001_7529_HHSN316201500052W_7529
document_processing,competed_one_bid,1,1931421.18,Office of the Assistant Secretary for Financial Resources,DIACONIA LLC,DA01,2025-07-29,2028-07-29 00:00:00,FULL AND OPEN COMPETITION AFTER EXCLUSION OF SOURCES,,OFFICE OF CRIMINAL INVESTIGATIONS EDISCOVERY DOCUMENT REVIEW AND SERVICES,https://www.usaspending.gov/award/CONT_AWD_75F40125F80099_7524_47QTCB22D0490_4732
other,competed_one_bid,1,1928852.14,Department of Veterans Affairs,"LUMEN TECHNOLOGIES GOVERNMENT SOLUTIONS, INC",DG11,2022-06-13,2027-06-12 00:00:00,FULL AND OPEN COMPETITION,,NLEC SERVICES FOR MULTIPLE STATES,https://www.usaspending.gov/award/CONT_AWD_36C10A22N0038_3600_36C10B20D0030_3600
other,competed_one_bid,1,1922038.06,Department of Veterans Affairs,GREENBRIER GOVERNMENT SOLUTIONS INC,DA10,2024-08-08,2025-09-29 00:00:00,FULL AND OPEN COMPETITION,,MEDICAL HYPERCONVERGED SOLUTION FOR VISN 20,https://www.usaspending.gov/award/CONT_AWD_36C26024F0543_3600_NNG15SE09B_8000
other,competed_one_bid,1,1905610.0,Department of Veterans Affairs,METGREEN SOLUTIONS INC,DK10,2023-10-01,2027-09-30 00:00:00,FULL AND OPEN COMPETITION AFTER EXCLUSION OF SOURCES,,ROCKET SOFTWARE AND MAINTENANCE,https://www.usaspending.gov/award/CONT_AWD_36C10B24F0008_3600_NNG15SD37B_8000
other,competed_one_bid,1,1903193.26,Centers for Disease Control and Prevention,SCIMETRIKA LLC,D399,2013-08-22,2017-04-10 00:00:00,FULL AND OPEN COMPETITION,,IGF::OT::IGF,https://www.usaspending.gov/award/CONT_AWD_HHSD2002010372210003_7523_HHSD200201037221I_7523
other,competed_one_bid,1,1901411.18,Department of Veterans Affairs,ALVAREZ LLC,DA01,2021-08-27,2023-11-27 00:00:00,COMPETED UNDER SAP,,ENTERPRISE CLINICAL COMMUNICATION SYSTEM (VOCERA). ORDER YEAR 1,https://www.usaspending.gov/award/CONT_AWD_36C25221N0614_3600_36C25221A0026_3600
infrastructure_ops,competed_one_bid,1,1876566.45,Indian Health Service,CARAHSOFT TECHNOLOGY CORP,DA10,2025-01-27,2030-07-27 00:00:00,FULL AND OPEN COMPETITION,,CLOUD-HOSTED MEDICAL SPEECH RECOGNITION SOLUTION (MSR) - BASE YEAR,https://www.usaspending.gov/award/CONT_AWD_75H70425F80004_7527_NNG15SC03B_8000
infrastructure_ops,competed_one_bid,1,1864732.55,Office of the Assistant Secretary for Administration,WIDEPOINT INTEGRATED SOLUTIONS CORP,DF10,2021-04-27,2025-01-31 00:00:00,FULL AND OPEN COMPETITION,,TELECOM EXPENSE MANAGEMENT FOR HHS OCIO WIRELESS SERVICES,https://www.usaspending.gov/award/CONT_AWD_75P00121F80093_7570_GS35F0232N_4730
scheduling_referral_community_care,competed_one_bid,1,1852249.51,Department of Veterans Affairs,ALVAREZ LLC,DA01,2023-08-03,2028-08-03 00:00:00,FULL AND OPEN COMPETITION AFTER EXCLUSION OF SOURCES,,"QUEUE MANAGEMENT SYSTEM SOFTWARE TO PROVIDE WORKFLOW MANAGEMENT, THROUGHPUT MAXIMIZATION, AND REDUCTION IN WAIT TIMES.",https://www.usaspending.gov/award/CONT_AWD_36C10B23F0225_3600_NNG15SD19B_8000
other,competed_one_bid,1,1848970.8,National Institutes of Health,"VERIS GROUP, LLC",DJ01,2023-09-27,2027-09-27 00:00:00,FULL AND OPEN COMPETITION,,OCIO RMF NLM - NATIONAL LIBRARY OF MEDICINE (NLM) RISK MANAGEMENT FRAMEWORK (RMF) SUPPORT,https://www.usaspending.gov/award/CONT_AWD_75N92023F00002_7529_75N92021A00007_7529
other,competed_one_bid,1,1839756.8,Department of Veterans Affairs,ALVAREZ LLC,DA10,2026-08-03,2029-08-04 00:00:00,FULL AND OPEN COMPETITION AFTER EXCLUSION OF SOURCES,,EO 14398 - 10-10 STATE HOME MODERNIZATION SOFTWARE AS A SERVICE LICENSES AND MAINTENANCE.,https://www.usaspending.gov/award/CONT_AWD_36C10B26F0267_3600_NNG15SD19B_8000
infrastructure_ops,competed_one_bid,1,1839654.09,Department of Veterans Affairs,"THUNDERCAT TECHNOLOGY, LLC",DA10,2022-03-31,2027-03-31 00:00:00,FULL AND OPEN COMPETITION AFTER EXCLUSION OF SOURCES,,"GETWELLNETWORK DIGITAL WHITEBOARD, WINDOW CHANNEL AND INTERACTIVE PATIENT CARE.",https://www.usaspending.gov/award/CONT_AWD_36C26222F0265_3600_NNG15SD26B_8000
other,competed_one_bid,1,1837892.67,National Institutes of Health,GLOBAL TECH INC.,DA10,2021-12-21,2025-02-28 00:00:00,FULL AND OPEN COMPETITION,,NIH SOFTWARE LICENSING AND INVOICING MANAGEMENT SUPPORT,https://www.usaspending.gov/award/CONT_AWD_75N92022F00001_7529_HHSN268201800003B_7529
other,competed_one_bid,1,1825476.69,Department of Veterans Affairs,ALVAREZ LLC,DA01,2021-09-15,2026-09-30 00:00:00,FULL AND OPEN COMPETITION AFTER EXCLUSION OF SOURCES,,VOCERA WIRELESS COMMUNICATION SYSTEM,https://www.usaspending.gov/award/CONT_AWD_36C10B21F0307_3600_NNG15SD19B_8000
other,competed_one_bid,1,1797416.49,Department of Veterans Affairs,"FOUR POINTS TECHNOLOGY, L.L.C.",DA10,2023-06-29,2025-06-28 00:00:00,FULL AND OPEN COMPETITION AFTER EXCLUSION OF SOURCES,,23-NBSW0138 EDGECORE - FY23 VISUALIZATION AND AUTOMATION EDGE TECHNOLOGIES SOFTWARE MAINTENANCE & SUPPORT IN SUPPORT OF VA OIT IO VHA CMOP,https://www.usaspending.gov/award/CONT_AWD_36C10B23F0174_3600_NNG15SD22B_8000
clinical_it_ehr,competed_one_bid,1,1786415.12,Department of Veterans Affairs,BLUE TECH INC.,DA10,2024-03-01,2026-07-31 00:00:00,FULL AND OPEN COMPETITION AFTER EXCLUSION OF SOURCES,,DCC VISTA CHEMOTHERAPY MANAGER SOFTWARE PROGRAM,https://www.usaspending.gov/award/CONT_AWD_36C10A24F0021_3600_NNG15SD00B_8000
other,competed_one_bid,1,1785837.0,Department of Veterans Affairs,"MINBURN TECHNOLOGY GROUP, LLC",DA01,2024-03-01,2027-02-28 00:00:00,FULL AND OPEN COMPETITION AFTER EXCLUSION OF SOURCES,,VISN 10 DSS CTM PLUS,https://www.usaspending.gov/award/CONT_AWD_36C10B24F0076_3600_NNG15SD34B_8000
document_processing,competed_one_bid,1,1774837.19,Department of Veterans Affairs,"THUNDERCAT TECHNOLOGY, LLC",D399,2019-08-27,2024-08-30 00:00:00,FULL AND OPEN COMPETITION AFTER EXCLUSION OF SOURCES,,SAAS SOLUTION FOR SOCRATA OPEN DATA PUBLISHING AND ENGAGEMENT TOOL INCLUDING THE REQUIRED SERVICES TO SUPPORT ALL VA ADMINISTRATIONS AND STAFF OFFICES.,https://www.usaspending.gov/award/CONT_AWD_36C10B19F0388_3600_NNG15SD26B_8000
other,competed_one_bid,1,1771371.5,Health Resources and Services Administration,MICROHEALTH LLC,DA10,2026-09-15,2031-09-18 00:00:00,FULL AND OPEN COMPETITION,,340B OFFICE OF PHARMACY AFFAIRS INFORMATION SYSTEM DEVELOPMENT MODERNIZATION AND ENHANCEMENTS,https://www.usaspending.gov/award/CONT_AWD_75R60226F80055_7526_47QRAA18D0098_4732
other,competed_one_bid,1,1770197.0,Department of Veterans Affairs,SSPC LLC,DA10,2021-09-21,2026-09-20 00:00:00,FULL AND OPEN COMPETITION AFTER EXCLUSION OF SOURCES,,SOFTWARE,https://www.usaspending.gov/award/CONT_AWD_36C10M21C0005_3600_-NONE-_-NONE-
analytics_reporting,competed_one_bid,1,1765856.0,Department of Veterans Affairs,"ICOM INTERNATIONAL, INC.",DA01,2021-07-15,2024-08-14 00:00:00,FULL AND OPEN COMPETITION,,"CLINICAL ASSESSMENT, REPORTING, AND TRACKING (CART) PROGRAM SERVICES",https://www.usaspending.gov/award/CONT_AWD_36C10B21C0024_3600_-NONE-_-NONE-
other,competed_one_bid,1,1763566.5,Food and Drug Administration,CARAHSOFT TECHNOLOGY CORP,DA10,2024-01-16,2025-01-29 00:00:00,FULL AND OPEN COMPETITION,,ZOOM LICENSE AND METERED AUDIO,https://www.usaspending.gov/award/CONT_AWD_75F40124F80027_7524_NNG15SC03B_8000
other,competed_one_bid,1,1754839.0,Department of Veterans Affairs,HUGHES NETWORK SYSTEMS LLC,DD01,2022-02-04,2027-01-06 00:00:00,FULL AND OPEN COMPETITION,,AWARD GSA ORDER FOR VAKN SATELLITE UPLINK TRANSPONDER BANDWIDTH,https://www.usaspending.gov/award/CONT_AWD_36C10B22F0063_3600_GS35F0907P_4730
other,competed_one_bid,1,1742070.16,National Institutes of Health,"DLH, LLC",D399,2018-03-28,2023-03-31 00:00:00,FULL AND OPEN COMPETITION AFTER EXCLUSION OF SOURCES,,"GROVE RESOURCE SOLUTIONS, INC.:1214111 [18-000057]",https://www.usaspending.gov/award/CONT_AWD_HHSN26900002_7529_HHSN316201200145W_7529
other,competed_one_bid,1,1737880.86,Department of Veterans Affairs,"AT&T ENTERPRISES, LLC",DG11,2022-03-21,2024-09-30 00:00:00,FULL AND OPEN COMPETITION,,NLEC-NG BASIC CONTRACT FOR AT&T,https://www.usaspending.gov/award/CONT_AWD_36C10A22N0021_3600_36C10B20D0029_3600
infrastructure_ops,competed_one_bid,1,1734964.03,Food and Drug Administration,ARLLUK TECHNOLOGY SOLUTIONS LLC,DF01,2023-09-22,2025-09-24 00:00:00,FULL AND OPEN COMPETITION,,CAAS O&M INFRASTRUCTURE SUPPORT SERVICES,https://www.usaspending.gov/award/CONT_AWD_75F40123F80393_7524_47QTCA18D001F_4732
other,competed_one_bid,1,1730073.25,Office of the Assistant Secretary for Financial Resources,"AMENTUM TECHNOLOGY, INC.",DA10,2026-07-28,2027-07-31 00:00:00,FULL AND OPEN COMPETITION,,"OBTAIN SERVICES FROM QUALIFIED CONTRACTOR WITH THE KNOWLEDGE, SKILLS, AND ABILITIES TO OPERATE AND MAINTAIN (O&M) PSC'S TWO LOW-CODE APPLICATION PLATFORMS (LCAPS), WHICH ARE CURRENTLY IN PRODUCTION AND FEDERAL RISK AND AUTHORIZATION MANAGEME",https://www.usaspending.gov/award/CONT_AWD_7571MN26F80070_7571_HHSN316201200031W_7529
infrastructure_ops,competed_one_bid,1,1723689.47,Department of Veterans Affairs,"THUNDERCAT TECHNOLOGY, LLC",7035,2020-09-17,2025-09-17 00:00:00,FULL AND OPEN COMPETITION AFTER EXCLUSION OF SOURCES,,THIS ORDER PROVIDES FOR A VIDEO WALL MODERNIZATION SOLUTION IN SUPPORT OF THE DEPARTMENT OF VETERANS AFFAIRS (VA) OFFICE OF INFORMATION&TECHNOLOGY (OIT) CYBER SECURITY OPERATION CENTERS (CSOC).,https://www.usaspending.gov/award/CONT_AWD_36C10B20F0391_3600_NNG15SD26B_8000
infrastructure_ops,competed_one_bid,1,1711591.92,Office of the Assistant Secretary for Financial Resources,IT-CNP INC,DB02,2026-03-12,2026-12-10 00:00:00,FULL AND OPEN COMPETITION,,AMAZON WEB SERVICES (AWS) GOVCLOUD SUPPORT SERVICES FOR THE SECURITY INFORMATION AND EVENT MANAGEMENT-CLOUD SPLUNK (OSSIEM-C) ENVIRONMENT,https://www.usaspending.gov/award/CONT_AWD_7571TE26F66013_7571_HHSP233201700028B_7570
other,competed_one_bid,1,1707450.35,Department of Veterans Affairs,"FOUR POINTS TECHNOLOGY, L.L.C.",D399,2019-03-26,2024-09-26 00:00:00,FULL AND OPEN COMPETITION AFTER EXCLUSION OF SOURCES,,VISN10 TRANSPLANT TRACKING SOLUTION,https://www.usaspending.gov/award/CONT_AWD_36C10B19F0137_3600_NNG15SD22B_8000
other,competed_one_bid,1,1705938.54,Office of the Assistant Secretary for Financial Resources,CARAHSOFT TECHNOLOGY CORP,DA10,2023-09-22,2028-09-24 00:00:00,FULL AND OPEN COMPETITION,,FY23 BAMBOO HEALTH PMP GATEWAY RPMS PDMP INTEGRATION,https://www.usaspending.gov/award/CONT_AWD_75H70423F80022_7527_NNG15SC27B_8000
other,competed_one_bid,1,1702343.06,Department of Veterans Affairs,"STANDARD-BLAZAR, LLC",DA10,2024-09-26,2027-09-26 00:00:00,FULL AND OPEN COMPETITION AFTER EXCLUSION OF SOURCES,,IT SERVICE MANAGEMENT PLATFORM,https://www.usaspending.gov/award/CONT_AWD_36C10M24F50107_3600_NNG15SD70B_8000
other,competed_one_bid,1,1695782.65,National Institutes of Health,TISTA SCIENCE AND TECHNOLOGY CORPORATION,D302,2020-07-27,2022-06-30 00:00:00,FULL AND OPEN COMPETITION AFTER EXCLUSION OF SOURCES,,BASE PERIOD  (20-003774) IT PROJECT AND ASSET MANAGEMENT SUPPORT,https://www.usaspending.gov/award/CONT_AWD_75N95020F00120_7529_GS00Q17GWD2184_4732
other,competed_one_bid,1,1690772.26,Food and Drug Administration,"NEW TECH SOLUTIONS, INC.",DA10,2025-09-29,2028-09-29 00:00:00,FULL AND OPEN COMPETITION AFTER EXCLUSION OF SOURCES,,CBER TECHNICAL SOFTWARE LICENSES - GRP1,https://www.usaspending.gov/award/CONT_AWD_75F40125F80240_7524_NNG15SC82B_8000
analytics_reporting,competed_one_bid,1,1661389.95,Department of Veterans Affairs,"BDR SOLUTIONS, LLC",DA10,2024-09-26,2029-09-25 00:00:00,FULL AND OPEN COMPETITION,,"A SOFTWARE-AS-A-SERVICE CAPABILITY, PRODUCT CONFIGURATION, OPERATIONAL AND SUSTAINMENT SUPPORT, AND TRAINING TO PROVIDE THE VA WITH BUSINESS PROCESS MODELING TOOLSET",https://www.usaspending.gov/award/CONT_AWD_36C10B24F0408_3600_47QTCA21D00CM_4732
other,competed_one_bid,1,1652711.0,Office of the Assistant Secretary for Financial Resources,CWC GROUP LLC,DF10,2025-06-20,2026-10-20 00:00:00,FULL AND OPEN COMPETITION,,"MASTER CONTROL SOFTWARE LICENSES, MAINTENANCE AND SUPPORT SERVICES",https://www.usaspending.gov/award/CONT_AWD_75F40125F80091_7524_47QTCA20D00CG_4732
other,competed_one_bid,1,1651490.93,Office of the Assistant Secretary for Administration,GROUNDSWELL CORPORATION,D307,2018-09-28,2020-05-31 00:00:00,FULL AND OPEN COMPETITION,,"DIRECTED 8(A) INFORMATION TECHNOLOGY SUPPORT SERVICES, BUSINESS AND SYSTEM INTEGRATION SERVICES",https://www.usaspending.gov/award/CONT_AWD_75P00118F00247_7570_HHSM500201600066I_7530
other,competed_one_bid,1,1637711.66,Department of Veterans Affairs,CHOISYS TECHNOLOGY INC.,DG10,2020-12-23,2025-12-31 00:00:00,COMPETED UNDER SAP,,DIGITAL COMMUNICATION BOARDS,https://www.usaspending.gov/award/CONT_AWD_36C25821P0075_3600_-NONE-_-NONE-
other,competed_one_bid,1,1637546.08,Department of Veterans Affairs,"FOUR POINTS TECHNOLOGY, L.L.C.",D399,2019-05-01,2025-05-31 00:00:00,FULL AND OPEN COMPETITION AFTER EXCLUSION OF SOURCES,,LEASE OF MFDS,https://www.usaspending.gov/award/CONT_AWD_36C10B19F0186_3600_NNG15SD22B_8000
other,competed_one_bid,1,1624020.0,Department of Veterans Affairs,"FOUR POINTS TECHNOLOGY, L.L.C.",DA10,2024-08-30,2027-08-29 00:00:00,FULL AND OPEN COMPETITION AFTER EXCLUSION OF SOURCES,,ADOBE CONNECT SUBSCRIPTIONS,https://www.usaspending.gov/award/CONT_AWD_36C10B24F0279_3600_NNG15SD22B_8000
other,competed_one_bid,1,1605311.07,Centers for Disease Control and Prevention,"ICF INCORPORATED, L.L.C.",DH01,2021-09-03,2026-09-29 00:00:00,FULL AND OPEN COMPETITION,,OD INFORMATION GATEWAY,https://www.usaspending.gov/award/CONT_AWD_75D30121F12236_7523_47QTCK18D0043_4732
other,competed_one_bid,1,1604631.36,Department of Veterans Affairs,"V3GATE, LLC",DJ10,2024-08-08,2025-08-08 00:00:00,FULL AND OPEN COMPETITION AFTER EXCLUSION OF SOURCES,,PALO ALTO WILDFIRE AND THREAT PREVENTION SUBSCRIPTION,https://www.usaspending.gov/award/CONT_AWD_36C10B24F0280_3600_NNG15SD27B_8000
other,competed_one_bid,1,1596405.48,Department of Veterans Affairs,"THUNDERCAT TECHNOLOGY, LLC",DB10,2025-03-21,2027-03-20 00:00:00,FULL AND OPEN COMPETITION AFTER EXCLUSION OF SOURCES,,MICROSTRATEGY SOFTWARE SUPPORT,https://www.usaspending.gov/award/CONT_AWD_36C10B25F0092_3600_NNG15SD26B_8000
scheduling_referral_community_care,competed_one_bid,1,1587305.97,Department of Veterans Affairs,BLUE TECH INC.,DA10,2024-03-21,2026-03-24 00:00:00,FULL AND OPEN COMPETITION AFTER EXCLUSION OF SOURCES,,VISN-22 CONSULT TRACKING MANAGER (CTM) PLUS B+4OY,https://www.usaspending.gov/award/CONT_AWD_36C26224F0338_3600_NNG15SD00B_8000
other,competed_one_bid,1,1586318.09,Department of Veterans Affairs,"FOUR POINTS TECHNOLOGY, L.L.C.",DE01,2022-09-29,2026-07-11 00:00:00,FULL AND OPEN COMPETITION AFTER EXCLUSION OF SOURCES,,VOCERA SOFTWARE AND ON-SITE MAINTENANCE,https://www.usaspending.gov/award/CONT_AWD_36C24422F0616_3600_NNG15SD22B_8000
other,competed_one_bid,1,1574874.74,Defense Health Agency,NATIONWIDE IT SERVICES INC,DF01,2023-07-10,2025-01-31 00:00:00,FULL AND OPEN COMPETITION AFTER EXCLUSION OF SOURCES,,IM/IT SUPPORT SERVICES,https://www.usaspending.gov/award/CONT_AWD_HT942523F0081_9700_47QTCB22D0227_4732
other,competed_one_bid,1,1550748.0,Department of Veterans Affairs,CLINICOMP INTERNATIONAL INC,DF10,2025-12-04,2026-12-26 00:00:00,COMPETED UNDER SAP,,CLINCOMP SOFTWARE & HARDWARE SUPPORT,https://www.usaspending.gov/award/CONT_AWD_36C24926N0275_3600_36C10G21A0002_3600
other,competed_one_bid,1,1546586.74,Department of Veterans Affairs,"VLOGIC SYSTEMS, INC",DA10,2022-09-28,2024-01-31 00:00:00,COMPETED UNDER SAP,,ELECTRONIC DRAWINGS MANAGEMENT SYSTEMS - PITTSBURGH VAMC,https://www.usaspending.gov/award/CONT_AWD_36C24422N1122_3600_36C24422A0044_3600
infrastructure_ops,competed_one_bid,1,1545039.28,National Institutes of Health,CDW GOVERNMENT LLC,7050,2020-09-27,2025-09-28 00:00:00,FULL AND OPEN COMPETITION,,SERVER LEASE - VXRAIL P570  (20-004127),https://www.usaspending.gov/award/CONT_AWD_75N95020F00005_7529_HHSN316201500011W_7529
other,competed_one_bid,1,1534393.78,Department of Veterans Affairs,GREENBRIER GOVERNMENT SOLUTIONS INC,DA10,2024-10-01,2026-03-31 00:00:00,FULL AND OPEN COMPETITION,,NUTANIX SOFTWARE SUPPORT AND LICENSING SERVICE FOR VISN 23,https://www.usaspending.gov/award/CONT_AWD_36C26325F0001_3600_NNG15SE09B_8000
other,competed_one_bid,1,1521227.46,Office of the Assistant Secretary for Administration,RELX INC.,D317,2016-05-02,2021-05-01 00:00:00,FULL AND OPEN COMPETITION,,IGF::OT::IGF ELECTRONIC LEGAL DATABASE SERVICE FOR THE OFFICE OF THE GENERAL COUNSEL (OGC) LAW LIBRARY,https://www.usaspending.gov/award/CONT_AWD_HHSP233201600155G_7570_GS02F0048M_4730
other,competed_one_bid,1,1483159.58,Office of the Assistant Secretary for Administration,"MERLIN INTERNATIONAL, INC.",7035,2017-06-07,2019-08-31 00:00:00,FULL AND OPEN COMPETITION,,NETWITNESS MAINTENANCE RENEWAL,https://www.usaspending.gov/award/CONT_AWD_HHSP233201700142W_7570_NNG15SC17B_8000
other,competed_one_bid,1,1470612.62,National Institutes of Health,AAC INC.,DA01,2024-06-27,2029-02-28 00:00:00,FULL AND OPEN COMPETITION,,MEDICAL ENCYCLOPEDIA SOURCE FOR MEDLINE PLUS,https://www.usaspending.gov/award/CONT_AWD_75N97024F00001_7529_HHSN316201200001W_7529
scheduling_referral_community_care,competed_one_bid,1,1467871.42,Department of Veterans Affairs,ALVAREZ LLC,DA10,2025-07-01,2030-06-30 00:00:00,FULL AND OPEN COMPETITION AFTER EXCLUSION OF SOURCES,,"PUGET SOUND VA MEDICAL CENTER, SEATTLE, WASHINGTON. VLOGIC SOFTWARE ROOM SCHEDULING SERVICES, NASA SEWP TASK ORDER AWARD.",https://www.usaspending.gov/award/CONT_AWD_36C26025F0316_3600_NNG15SD19B_8000
other,competed_one_bid,1,1466869.12,Department of Veterans Affairs,"MINBURN TECHNOLOGY GROUP, LLC",DA10,2024-04-01,2028-09-30 00:00:00,FULL AND OPEN COMPETITION AFTER EXCLUSION OF SOURCES,,THERADOC SOFTWARE LICENSE,https://www.usaspending.gov/award/CONT_AWD_36C24224F0129_3600_NNG15SD34B_8000
other,competed_one_bid,1,1458297.6,Department of Veterans Affairs,"INSIGNIA TECHNOLOGY SERVICES, LLC",DA10,2024-09-25,2025-09-25 00:00:00,FULL AND OPEN COMPETITION,,IT SERVICES,https://www.usaspending.gov/award/CONT_AWD_36C10M24F50104_3600_GS35F476AA_4732
other,competed_one_bid,1,1444199.37,Office of the Assistant Secretary for Administration,IQVIA GOVERNMENT SOLUTIONS INC,D317,2018-09-04,2023-09-06 00:00:00,FULL AND OPEN COMPETITION,,SUBSCRIPTION ACCESS TO PRESCRIPTION DRUG DATA,https://www.usaspending.gov/award/CONT_AWD_75P00118F00206_7570_HHSN316201500008W_7529
scheduling_referral_community_care,competed_one_bid,1,1436659.4,Office of the Assistant Secretary for Administration,CREATIVE SYSTEMS AND CONSULTING L.L.C.,D399,2020-09-01,2022-06-30 00:00:00,FULL AND OPEN COMPETITION AFTER EXCLUSION OF SOURCES,,PROJECT MANAGEMENT AND EXPERT CONSULTATION FOR NEW SALESFORCE PROJECT.,https://www.usaspending.gov/award/CONT_AWD_75P00120F80205_7570_GS00Q17GWD2107_4732
analytics_reporting,competed_one_bid,1,1429480.1,Centers for Medicare and Medicaid Services,INNOSOFT CORPORATION,DA01,2021-09-16,2024-09-20 00:00:00,FULL AND OPEN COMPETITION,,"THE INTENT OF THIS CONTRACT IS TO PROVIDE PROGRAMMING AND HOSTING SUPPORT FOR THE ANALYTICAL WORK OF THE QSOG THROUGH THE QCOR WEBSITE. THIS EFFORT IS DESIGNED TO MAINTAIN THE QCOR DATABASE IN AN OPERATIONAL STATE, REFRESH THE DATABASE ON A WEEKLY BA",https://www.usaspending.gov/award/CONT_AWD_75FCMC21F0001_7530_HHSM500201700028I_7530
infrastructure_ops,competed_one_bid,1,1412373.84,Department of Veterans Affairs,"FOUR POINTS TECHNOLOGY, L.L.C.",DA01,2023-12-28,2028-12-31 00:00:00,FULL AND OPEN COMPETITION AFTER EXCLUSION OF SOURCES,,LABORATORY INSTRUMENT MANAGER - VISN 20,https://www.usaspending.gov/award/CONT_AWD_36C26024N0126_3600_NNG15SD22B_8000
other,competed_one_bid,1,1408474.8,Office of the Assistant Secretary for Financial Resources,"SNOWBIRD AGILITY, INC.",DA01,2024-09-20,2027-09-29 00:00:00,FULL AND OPEN COMPETITION,,"ASSISTANCE WITH THE ESTABLISHMENT, SUPPORT, AND OPERATION OF AN ACF TECH ZTA PROGRAM MANAGEMENT OFFICE (PMO) TO COORDINATE AND PRIORITIZE THE ZTA EFFORTS OF THE ACF TECH OPERATING DIVISIONS.",https://www.usaspending.gov/award/CONT_AWD_75ACF124F80035_7590_47QTCA23D004G_4732
other,competed_one_bid,1,1407054.08,Department of Veterans Affairs,"VETERAN INFORMATION TECHNOLOGIES, LLC",DA10,2025-07-21,2030-07-20 00:00:00,FULL AND OPEN COMPETITION AFTER EXCLUSION OF SOURCES,,NORTHERN ARIZONA VA HEALTHCARE SYSTEM RADIO FREQUENCY IDENTIFICATION (RFID) ASSET AWARENESS SOLUTION,https://www.usaspending.gov/award/CONT_AWD_36C10B25F0154_3600_NNG15SD41B_8000
other,competed_one_bid,1,1405129.13,National Institutes of Health,"PANAMERICA COMPUTERS, INC.",7050,2019-09-26,2019-09-26 00:00:00,FULL AND OPEN COMPETITION,,PANAMERICA COMPUTERS INC:1108918 [19-017251],https://www.usaspending.gov/award/CONT_AWD_75N90019F00054_7529_HHSN316201500030W_7529
other,competed_one_bid,1,1404724.25,Office of the Assistant Secretary for Financial Resources,"IDEAL SYSTEM SOLUTIONS, INC.",DA10,2022-09-28,2027-09-29 00:00:00,FULL AND OPEN COMPETITION,,STANDARDIZED WEB BASED SYSTEM AND SUPPORT SERVICES - SMARTSHEETS,https://www.usaspending.gov/award/CONT_AWD_75ACF122F80056_7590_HHSN316201500028W_7529
other,competed_one_bid,1,1393592.01,Department of Veterans Affairs,G. C. MICRO CORPORATION,DA10,2025-09-08,2028-09-14 00:00:00,FULL AND OPEN COMPETITION AFTER EXCLUSION OF SOURCES,,"OFFICEWORKS ORG CHART ENTERPRISE APPLICATION, MAINTENANCE AND SUPPORT",https://www.usaspending.gov/award/CONT_AWD_36C10A25F0036_3600_NNG15SC75B_8000
other,competed_one_bid,1,1381529.04,Centers for Disease Control and Prevention,LEPTON GLOBAL SOLUTIONS LLC,D399,2020-05-05,2025-07-31 00:00:00,FULL AND OPEN COMPETITION,,GLOBAL ACTIVITIES SATELLITE CONNECTIVITY,https://www.usaspending.gov/award/CONT_AWD_75D30120F07954_7523_GS35F233GA_4732
other,competed_one_bid,1,1368137.52,Department of Veterans Affairs,EPOCH CONCEPTS LLC,DE10,2026-09-01,2029-08-31 00:00:00,FULL AND OPEN COMPETITION AFTER EXCLUSION OF SOURCES,,FORTINET MAINTENANCE AND SUPPORT,https://www.usaspending.gov/award/CONT_AWD_36C10B26F0342_3600_NNG15SD30B_8000
other,competed_one_bid,1,1366950.76,Centers for Disease Control and Prevention,RESEARCH TRIANGLE INSTITUTE,DA10,2026-01-28,2028-07-31 00:00:00,COMPETED UNDER SAP,,NATIONAL POST-ACUTE AND LONG-TERM CARE STUDY (NPALS) DATA,https://www.usaspending.gov/award/CONT_AWD_75D30126F20801_7523_75D30123A17669_7523
other,competed_one_bid,1,1354107.8,Office of the Assistant Secretary for Financial Resources,"V3GATE, LLC",DA10,2024-09-24,2029-09-24 00:00:00,FULL AND OPEN COMPETITION AFTER EXCLUSION OF SOURCES,,REAL TIME EVENT DETECTION PLATFORM,https://www.usaspending.gov/award/CONT_AWD_75A50224F80021_7505_NNG15SD27B_8000
other,competed_one_bid,1,1333561.23,Centers for Disease Control and Prevention,"CODE PLUS, INC.",D399,2019-08-14,2023-09-07 00:00:00,FULL AND OPEN COMPETITION AFTER EXCLUSION OF SOURCES,,VSAB VTRACKS SUPPORT,https://www.usaspending.gov/award/CONT_AWD_75D30119F06125_7523_GS00Q17GWD2021_4732
analytics_reporting,competed_one_bid,1,1332391.59,Food and Drug Administration,"CHICKASAW STRATEGIC POINTE, LLC",DF01,2023-06-23,2023-08-23 00:00:00,FULL AND OPEN COMPETITION AFTER EXCLUSION OF SOURCES,,FAERS IT SUPPORT SERVICES (O&M AND DME) FDA ADVERSE EVENT REPORTING SYSTEM (FAERS),https://www.usaspending.gov/award/CONT_AWD_75F40123F80176_7524_47QTCB21D0026_4732
other,competed_one_bid,1,1330177.92,Department of Veterans Affairs,"THUNDERCAT TECHNOLOGY, LLC",DA10,2026-07-07,2027-09-29 00:00:00,FULL AND OPEN COMPETITION AFTER EXCLUSION OF SOURCES,,MED HYPERCONVERGED NUTANIX SW FOR VISN 20 - SINGLE YEAR,https://www.usaspending.gov/award/CONT_AWD_36C26026F0343_3600_NNG15SD26B_8000
other,competed_one_bid,1,1326850.01,Department of Veterans Affairs,"V3GATE, LLC",DA01,2024-09-19,2027-09-18 00:00:00,FULL AND OPEN COMPETITION AFTER EXCLUSION OF SOURCES,,NUANCE POWERSCRIBE FOR VISN 7,https://www.usaspending.gov/award/CONT_AWD_36C10B24F0375_3600_NNG15SD27B_8000
other,competed_one_bid,1,1326635.35,Department of Veterans Affairs,"GOVERNMENT MARKETING AND PROCUREMENT, LLC",DE01,2021-04-15,2026-05-31 00:00:00,COMPETED UNDER SAP,,VOCERA BADGES,https://www.usaspending.gov/award/CONT_AWD_36C24721P0683_3600_-NONE-_-NONE-
other,competed_one_bid,1,1324317.98,Department of Veterans Affairs,"NEARSTAR, INC.",DE10,2023-08-25,2027-09-27 00:00:00,FULL AND OPEN COMPETITION AFTER EXCLUSION OF SOURCES,,NEARSTAR PROFESSIONAL SERVICES AND SOFTWARE MAINTENANCE,https://www.usaspending.gov/award/CONT_AWD_36C10B23C0035_3600_-NONE-_-NONE-
other,competed_one_bid,1,1317732.31,Food and Drug Administration,CARAHSOFT TECHNOLOGY CORP,DA10,2025-01-29,2026-01-29 00:00:00,FULL AND OPEN COMPETITION,,ZOOM LICENSE,https://www.usaspending.gov/award/CONT_AWD_75F40125F80032_7524_NNG15SC03B_8000
other,competed_one_bid,1,1313900.0,Department of Veterans Affairs,ALVAREZ LLC,DA10,2026-06-16,2028-06-30 00:00:00,FULL AND OPEN COMPETITION AFTER EXCLUSION OF SOURCES,,CALABRIO SUPPORT AND MAINTENANCE,https://www.usaspending.gov/award/CONT_AWD_36C10B26F0184_3600_NNG15SD19B_8000
other,competed_one_bid,1,1312381.54,Office of the Assistant Secretary for Financial Resources,IT1 SOURCE LLC,DA10,2022-06-30,2027-08-30 00:00:00,FULL AND OPEN COMPETITION,,"CLARITY PROJECT AND PORTFOLIO MANAGEMENT (PPM) SOFTWARE, LICENSES, AND TECHNICAL SUPPORT/MAINTENANCE IN SUPPORT OF THE HHS, NIH, NCI, CBIIT.",https://www.usaspending.gov/award/CONT_AWD_75N91022F00012_7529_HHSN316201500059W_7529
other,competed_one_bid,1,1304656.22,Department of Veterans Affairs,"FOUR POINTS TECHNOLOGY, L.L.C.",7035,2020-08-21,2024-09-30 00:00:00,COMPETED UNDER SAP,,VISN 15 PYXIS BPA CALL LEAVENWORTH,https://www.usaspending.gov/award/CONT_AWD_36C25520N0419_3600_36C25520A0055_3600
other,competed_one_bid,1,1291951.23,Centers for Disease Control and Prevention,"ANACAPA MICRO PRODUCTS, INC.",DA10,2022-05-06,2025-05-10 00:00:00,FULL AND OPEN COMPETITION,,SYNACK VULNERABILITY AND PENETRATION DISCOVERY ASSESSMENT,https://www.usaspending.gov/award/CONT_AWD_75D30122F13857_7523_HHSN316201500025W_7529
other,competed_one_bid,1,1284148.25,Department of Veterans Affairs,RISE8 INC,DA01,2025-09-23,2027-03-23 00:00:00,FULL AND OPEN COMPETITION AFTER EXCLUSION OF SOURCES,,THE OBJECTIVE OF THE SPRUCE IDIQ IS TO PROVIDE VA WITH A STREAMLINED ENTERPRISE-WIDE METHOD TO OBTAIN SUCH AGILE PRODUCT DESIGN AND DELIVERY SERVICES THROUGH THE ESTABLISHMENT OF MULTIPLE AWARDS.,https://www.usaspending.gov/award/CONT_AWD_36C10B25N00040002_3600_36C10B25D0004_3600
other,competed_one_bid,1,1282448.95,Department of Veterans Affairs,"THUNDERCAT TECHNOLOGY, LLC",DA10,2025-06-27,2030-06-30 00:00:00,FULL AND OPEN COMPETITION AFTER EXCLUSION OF SOURCES,,GETWELL INTERACTIVE PATIENT CARE SYSTEM LICENSES FOR DC VAMC,https://www.usaspending.gov/award/CONT_AWD_36C24525F0422_3600_NNG15SD26B_8000
other,competed_one_bid,1,1267656.0,Department of Veterans Affairs,ARCHITECHTURE SOLUTIONS LLC,DH10,2023-12-29,2026-12-28 00:00:00,FULL AND OPEN COMPETITION AFTER EXCLUSION OF SOURCES,,BIG BANG BASE PERIOD,https://www.usaspending.gov/award/CONT_AWD_36C10B24F0044_3600_NNG15SD42B_8000
other,competed_one_bid,1,1260384.96,Office of the Assistant Secretary for Administration,INITIATE GOVERNMENT SOLUTIONS LLC,DA01,2023-07-31,2026-08-01 00:00:00,FULL AND OPEN COMPETITION,,THIS REQUIREMENT IS TO ESTABLISH SERVICES WITH A DEVELOPMENT SUPPORT TEAM FOR THE HHS ENTERPRISE SOFTWARE PROGRAM'S PORTFOLIO OF HHS-WIDE ACQUISITIONS SUPPORTED WITH CUSTOM WORKFLOWS IN SERVICENOW ON THE HHS OCIO MANAGED SERVICENOW PLATFORM.,https://www.usaspending.gov/award/CONT_AWD_75P00123F80133_7570_GS35F139DA_4732
grants_contracts_admin,competed_one_bid,1,1250000.0,Administration for Children and Families,"VERTOSOFT, LLC",DA01,2021-05-13,2026-05-13 00:00:00,FULL AND OPEN COMPETITION,,BUDGET FORMULATION TOOL,https://www.usaspending.gov/award/CONT_AWD_75ACF121F80014_7590_GS35F688GA_4732
other,competed_one_bid,1,1245975.84,Department of Veterans Affairs,VERIZON BUSINESS NETWORK SERVICES LLC,D399,2016-12-15,2021-09-30 00:00:00,FULL AND OPEN COMPETITION,,IGF::OT::IGF CONTRACT FOR LEC SERVICES AT THE QITC AND CITC,https://www.usaspending.gov/award/CONT_AWD_VA11817C1741_3600_-NONE-_-NONE-
other,competed_one_bid,1,1237605.58,National Institutes of Health,LCG SYSTEMS LLC,D399,2019-05-17,2022-06-14 00:00:00,FULL AND OPEN COMPETITION AFTER EXCLUSION OF SOURCES,,NIA TELEWORK SYSTEM CONTRACT,https://www.usaspending.gov/award/CONT_AWD_75N95019F00088_7529_HHSN316201200155W_7529
other,competed_one_bid,1,1218828.36,Food and Drug Administration,INDEX ANALYTICS LLC,DH01,2026-09-09,2027-09-11 00:00:00,FULL AND OPEN COMPETITION AFTER EXCLUSION OF SOURCES,,OCS MEDDRA-BASED ADVERSE EVENT DIAGNOSTICS (MAED) ANNUAL SUPPORT,https://www.usaspending.gov/award/CONT_AWD_75F40126F80158_7524_75N98118D00049_7529
other,competed_one_bid,1,1213872.78,Department of Veterans Affairs,"THUNDERCAT TECHNOLOGY, LLC",DA01,2022-08-05,2027-12-01 00:00:00,FULL AND OPEN COMPETITION AFTER EXCLUSION OF SOURCES,,AITC VIDEO WALL MODERNIZATION SOLUTION,https://www.usaspending.gov/award/CONT_AWD_36C10B22F0258_3600_NNG15SD26B_8000
other,competed_one_bid,1,1199431.8,Department of Veterans Affairs,FEDSTORE CORPORATION,DE01,2022-08-23,2027-02-14 00:00:00,FULL AND OPEN COMPETITION AFTER EXCLUSION OF SOURCES,,RADIO AND PAGING SYSTEMS MAINTENANCE & SUPPORT,https://www.usaspending.gov/award/CONT_AWD_36C10B22F0281_3600_NNG15SD21B_8000
infrastructure_ops,competed_one_bid,1,1198240.0,Administration for Children and Families,METCOR LTD,DA10,2024-09-25,2025-09-30 00:00:00,FULL AND OPEN COMPETITION,,THE CONTRACTOR SHALL PROVIDE ADMINISTRATOR SUPPORT SERVICES AND TECHNICAL SUPPORT TO MAINTAIN THE LEARNING MANAGEMENT SYSTEM (LMS). THE OBJECTIVE OF THIS PROJECT IS TO PROVIDE ADMINISTRATOR SUPPORT SERVICES AND TECHNICAL SUPPORT TO MAINTAIN THE LEAR,https://www.usaspending.gov/award/CONT_AWD_75ACF124F80069_7590_GS00F002BA_4732
other,competed_one_bid,1,1194000.0,Department of Veterans Affairs,"FOUR POINTS TECHNOLOGY, L.L.C.",DA10,2023-12-07,2029-03-31 00:00:00,FULL AND OPEN COMPETITION AFTER EXCLUSION OF SOURCES,,HEALTH LEVEL FOUNDATION,https://www.usaspending.gov/award/CONT_AWD_36C24724F0150_3600_NNG15SD22B_8000
other,competed_one_bid,1,1190276.27,Department of Veterans Affairs,MICROTECHNOLOGIES LLC,DE10,2023-07-24,2028-07-23 00:00:00,FULL AND OPEN COMPETITION,,OUTBOUND VETERAN COMMUNICATIONS,https://www.usaspending.gov/award/CONT_AWD_36C10A23F0076_3600_NNG15SC42B_8000
other,competed_one_bid,1,1188957.66,Department of Veterans Affairs,CHARTER COMMUNICATIONS OPERATING LLC,DA01,2024-03-28,2029-03-31 00:00:00,COMPETED UNDER SAP,,CTX CABLE & INTERNET,https://www.usaspending.gov/award/CONT_AWD_36C25724P0237_3600_-NONE-_-NONE-
other,competed_one_bid,1,1178695.74,Indian Health Service,"DDC 4C, LLC",DG11,2024-12-30,2026-01-31 00:00:00,COMPETED UNDER SAP,,CONTRACTOR SHALL PROVIDE AND INSTALL NEW OVERHEAD PAGING SYSTEM AT THE GALLUP INDIAN MEDICAL CENTER AND TOHATCHI HEALTH CENTER.,https://www.usaspending.gov/award/CONT_AWD_75H71025P00223_7527_-NONE-_-NONE-
other,competed_one_bid,1,1173596.9,Centers for Medicare and Medicaid Services,"HYPERION, INC.",DE02,2023-09-18,2028-09-17 00:00:00,FULL AND OPEN COMPETITION,,THE PURPOSE OF THIS ACTION IS TO AWARD FOR THE DISTRIBUTED ANTENNA SYSTEM (DAS) CONTRACT TO PROCURE A FULL SYSTEM REPLACEMENT ON THE CURRENT DAS SYSTEM.,https://www.usaspending.gov/award/CONT_AWD_75FCMC23F0150_7530_NNG15SE07B_8000
other,competed_one_bid,1,1153978.35,National Institutes of Health,"AFFIGENT, LLC",DA10,2024-09-19,2025-09-23 00:00:00,FULL AND OPEN COMPETITION,,"THE PURPOSE OF THIS DELIVERY ORDER IS TO PURCHASE ORACLE MAINTENANCE AND SUPPORT SUBSCRIPTION LICENSES FOR THE PEACE CORPS, OFFICE OF THE CHIEF FINANCIAL OFFICER.",https://www.usaspending.gov/award/CONT_AWD_75N98124F00001_7529_HHSN316201500050W_7529
other,competed_one_bid,1,1149028.67,Department of Veterans Affairs,"V3GATE, LLC",DA10,2026-09-22,2031-09-24 00:00:00,FULL AND OPEN COMPETITION AFTER EXCLUSION OF SOURCES,,RA MANAGMENT SOFTWARE EO 14398,https://www.usaspending.gov/award/CONT_AWD_36C10B26F0418_3600_NNG15SD27B_8000
infrastructure_ops,competed_one_bid,1,1132545.73,Office of the Assistant Secretary for Financial Resources,"THUNDERCAT TECHNOLOGY, LLC",DA01,2026-09-23,2029-09-29 00:00:00,FULL AND OPEN COMPETITION AFTER EXCLUSION OF SOURCES,,"CISCO DATA CENTER ENTERPRISE AGREEMENT EA SUBSCRIPTION AND ASSOCIATED SUPPORT FOR THE CISCO NEXUS APPLICATION POLICY INFRASTRUCTURE CONTROLLER APIC, LEAF SWITCHES, AND SPINE SWITCHES",https://www.usaspending.gov/award/CONT_AWD_7571TE26F80338_7571_NNG15SD26B_8000
other,competed_one_bid,1,1132230.84,Department of Veterans Affairs,"SDVO SOLUTIONS, LLC",DA10,2025-08-06,2028-09-16 00:00:00,FULL AND OPEN COMPETITION AFTER EXCLUSION OF SOURCES,,FSC PMO/FMBT DIGITAL AI AGILITY,https://www.usaspending.gov/award/CONT_AWD_36C10B25F0183_3600_NNG15SD32B_8000
other,competed_one_bid,1,1131427.13,Department of Veterans Affairs,"B 3 GROUP, LLC",D399,2019-06-18,2024-08-17 00:00:00,FULL AND OPEN COMPETITION,,IGF::OT::IGF ELECTRONIC CAPITAL PLANNING&INVESTMENT CONTROL (ECPIC) SUPPORT,https://www.usaspending.gov/award/CONT_AWD_36C10B19N10080029_3600_VA11816D1008_3600
other,competed_one_bid,1,1128612.89,Department of Veterans Affairs,"PAR EXCELLENCE SYSTEMS, INC",DA01,2026-08-19,2027-08-19 00:00:00,COMPETED UNDER SAP,,"BNE PAR EX, EL PASO, TX VA HOSPITAL EO 14398",https://www.usaspending.gov/award/CONT_AWD_36C10B26C0066_3600_-NONE-_-NONE-
survey_measurement,competed_one_bid,1,1128359.95,Department of Veterans Affairs,CARAHSOFT TECHNOLOGY CORP,DH01,2021-05-12,2026-06-16 00:00:00,COMPETED UNDER SAP,,SOFTWARE AS A SERVICE (SAAS) SURVEY MANAGEMENT,https://www.usaspending.gov/award/CONT_AWD_36C77621P0093_3600_-NONE-_-NONE-
other,competed_one_bid,1,1106880.0,Department of Veterans Affairs,"WIDEOPENWEST FINANCE, LLC",DG11,2021-06-14,2026-03-01 00:00:00,COMPETED UNDER SAP,,"DARK FIBER CONNECTIVITY CIRCUITS BETWEEN 2 LOCATIONS IN AUGUSTA, GEORGIA AND BETWEEN 2 LOCATIONS IN KNOXVILLE, TN.  AUGUSTA GA REQUIRES ONE 24-STRAND FIBER OPTIC CONNECTION AND KNOXVILLE TN REQUIRES ONE 2-STRAND FIBER OPTIC CONNECTION.",https://www.usaspending.gov/award/CONT_AWD_36C10B21C0017_3600_-NONE-_-NONE-
clinical_it_ehr,competed_one_bid,1,1104282.83,Department of Veterans Affairs,"V3GATE, LLC",DA10,2026-06-15,2029-06-15 00:00:00,FULL AND OPEN COMPETITION AFTER EXCLUSION OF SOURCES,,POWERSCRIBE ONE LICENSES FOR VA NATIONAL TELERADIOLOGY PROGRAM,https://www.usaspending.gov/award/CONT_AWD_36C10B26F0166_3600_NNG15SD27B_8000
other,competed_one_bid,1,1091508.99,Department of Veterans Affairs,"FOUR POINTS TECHNOLOGY, L.L.C.",DA01,2024-12-31,2029-12-31 00:00:00,FULL AND OPEN COMPETITION AFTER EXCLUSION OF SOURCES,,SOFTWARE EVOLUTION SERVICES PHILIPS PATIENT BEDSIDE MONITORING,https://www.usaspending.gov/award/CONT_AWD_36C26025F0120_3600_NNG15SD22B_8000
other,competed_one_bid,1,1083150.35,Food and Drug Administration,VERSATECH INC,DF01,2022-09-14,2024-09-20 00:00:00,FULL AND OPEN COMPETITION AFTER EXCLUSION OF SOURCES,,CDER AUDIO VISUAL/VIDEO-TELECONFERENCE SUPPORT SERVICES,https://www.usaspending.gov/award/CONT_AWD_75F40122F80379_7524_75N98119D00077_7529
other,competed_one_bid,1,1082596.4,Office of the Assistant Secretary for Financial Resources,"KAIVA STRATEGIES, LLC",DH01,2025-09-17,2026-09-29 00:00:00,COMPETED UNDER SAP,,OCS CONNECT SERVICES,https://www.usaspending.gov/award/CONT_AWD_75F40125P00268_7524_-NONE-_-NONE-
other,competed_one_bid,1,1072861.23,National Institutes of Health,TCG INC,D399,2017-08-31,2022-08-31 00:00:00,FULL AND OPEN COMPETITION AFTER EXCLUSION OF SOURCES,,"IGF::OT::IGF TCG, INC.:1108529 [POTS: 17-004883]",https://www.usaspending.gov/award/CONT_AWD_HHSN26900001_7529_HHSN316201200178W_7529
other,competed_one_bid,1,1066873.92,National Institutes of Health,COMPASS FEDERAL CONSULTING LIMITED LIABILITY COMPANY,DJ01,2022-08-19,2025-08-21 00:00:00,FULL AND OPEN COMPETITION,,NIH CENTER FOR SCIENTIFIC REVIEW (CSR) ANNUAL SECURITY RISK ASSESSMENT TO2 (TASK 2),https://www.usaspending.gov/award/CONT_AWD_75N92022F00003_7529_75N92021A00003_7529
other,competed_one_bid,1,1060865.1,Department of Veterans Affairs,"MINBURN TECHNOLOGY GROUP, LLC",DH10,2023-04-10,2028-03-29 00:00:00,FULL AND OPEN COMPETITION AFTER EXCLUSION OF SOURCES,,"DSS DATABRIDGE PERPETUAL LICENSING, SOFTWARE MAINTENANCE AND SUPPORT OF THE DSS DATABRIDGE CIS/ARK SOFTWARE SUITE INSTALLED AT LEXINGTON, LOUISVILLE, MT. HOME, MEMPHIS, NASHVILLE AND MURFREESBORO VA MEDICAL CENTERS",https://www.usaspending.gov/award/CONT_AWD_36C24923F0167_3600_NNG15SD34B_8000
other,competed_one_bid,1,1051402.26,Food and Drug Administration,"DNANEXUS, INC.",DF10,2024-09-09,2026-05-09 00:00:00,COMPETED UNDER SAP,,DEVELOP PRISM HIGH-IMPACT PLATFORM PILOT FOR PRE- SUBMISSION VALIDATION OF ECTDS SUPPORTING SPONSOR-REVIEWER INTERACTION.,https://www.usaspending.gov/award/CONT_AWD_75F40124C00121_7524_-NONE-_-NONE-
other,competed_one_bid,1,1047183.3,Department of Veterans Affairs,TECHANAX LLC,DB10,2023-10-01,2026-09-30 00:00:00,COMPETED UNDER SAP,,NETEX SOFTWARE LICENSES AND MAINTENANCE SUPPORT,https://www.usaspending.gov/award/CONT_AWD_36C10A24P0002_3600_-NONE-_-NONE-
other,competed_one_bid,1,1025347.5,Department of Veterans Affairs,"FORUS CONTRACTING, INC.",DA01,2023-08-31,2025-02-28 00:00:00,COMPETED UNDER SAP,,MAINTENANCE SERVICE FOR ACCESS CONTROL SYSTEM,https://www.usaspending.gov/award/CONT_AWD_36C24423P0794_3600_-NONE-_-NONE-
other,competed_one_bid,1,1014525.2,Office of the Assistant Secretary for Financial Resources,AUDACIOUS INQUIRY LLC,DH01,2026-09-01,2031-09-14 00:00:00,FULL AND OPEN COMPETITION,,"ONC CERTIFIED HEALTH IT PRODUCT LIST (CHPL) DEVELOPMENT, MAINTENANCE, AND IMPROVEMENT",https://www.usaspending.gov/award/CONT_AWD_7571TE26F80208_7571_GS35F0147V_4730
other,competed_one_bid,1,1006089.79,Centers for Disease Control and Prevention,"CARTER CONSULTING, INC.",D399,2016-08-03,2021-09-28 00:00:00,FULL AND OPEN COMPETITION,,IGF::OT::IGF/ ISD VTRCKS MANAGEMENT SUPPORT,https://www.usaspending.gov/award/CONT_AWD_HHSD2002010372030013_7523_HHSD200201037203I_7523
other,competed_one_bid,1,1004870.95,National Institutes of Health,"IDEAL SYSTEM SOLUTIONS, INC.",7050,2020-07-07,2025-07-06 00:00:00,FULL AND OPEN COMPETITION,,"VERITAS BACKUP EXEC SOFTWARE  BASE: 7/7/2020-7/6/2021, PLUS 4 OPTION YEARS",https://www.usaspending.gov/award/CONT_AWD_75N98020F00003_7529_HHSN316201500028W_7529
document_processing,competed_one_bid,1,1002995.0,Department of Veterans Affairs,BLUE TECH INC.,DA10,2026-07-31,2027-07-31 00:00:00,FULL AND OPEN COMPETITION AFTER EXCLUSION OF SOURCES,,"EO 14398 - VISN 8 REQUIRES DOCUMENT STORAGE SYSTEMS (DSS) VETERANS HEALTH INFORMATION SYSTEMS AND TECHNOLOGY ARCHITECTURE (VISTA) CHEMOTHERAPY MANAGER (VCM) ANNUAL LIMITED LICENSE, TECHNICAL SUPPORT, AND TRAINING.",https://www.usaspending.gov/award/CONT_AWD_36C10B26F0279_3600_NNG15SD00B_8000
infrastructure_ops,competed_one_bid,1,1000000.0,Department of Veterans Affairs,"AFFIGENT, LLC",DK10,2026-09-25,2028-09-28 00:00:00,FULL AND OPEN COMPETITION,,ORACLE CLOUD CREDITS AND PROFESSIONAL SERVICES,https://www.usaspending.gov/award/CONT_AWD_36C10B26F0355_3600_47QTCA26D000M_4732
other,competed_one_bid,1,1000000.0,Department of Veterans Affairs,PAYTON MERGER SUB II LLC,DA10,2024-09-23,2031-09-22 00:00:00,FULL AND OPEN COMPETITION,,VA AUDIO RESPONSE SAAS SOLUTION,https://www.usaspending.gov/award/CONT_AWD_36C10B24F0386_3600_47QTCA22D00CM_4732
call_center_contact,competed_one_bid,1,999120.0,Centers for Disease Control and Prevention,INDEX ANALYTICS LLC,DF01,2024-05-03,2026-05-03 00:00:00,FULL AND OPEN COMPETITION AFTER EXCLUSION OF SOURCES,,OPHDST HELPDESK SUPPRT,https://www.usaspending.gov/award/CONT_AWD_75D30124F18989_7523_47QTCB21D0217_4732
other,competed_one_bid,1,987156.18,Office of the Assistant Secretary for Financial Resources,"ARCTIC IT GOVERNMENT SOLUTIONS, LLC",DA10,2026-09-25,2032-03-24 00:00:00,FULL AND OPEN COMPETITION,,CEDA DATABASE MODERNIZATION,https://www.usaspending.gov/award/CONT_AWD_7571TE26F80406_7571_47QTCA25D004C_4732
other,competed_one_bid,1,966073.5,Defense Health Agency,IDENTISYS INC,DG01,2023-03-17,2028-03-16 00:00:00,FULL AND OPEN COMPETITION,,"PIV, TWO FACTOR AUTHENTICATION, OCONUS",https://www.usaspending.gov/award/CONT_AWD_HT942523C0029_9700_-NONE-_-NONE-
infrastructure_ops,competed_one_bid,1,956308.2,National Institutes of Health,"PLATINUM BUSINESS SERVICES, LLC",DA01,2022-09-21,2023-10-31 00:00:00,FULL AND OPEN COMPETITION AFTER EXCLUSION OF SOURCES,,CYBERSECURITY SUPPORT SERVICES,https://www.usaspending.gov/award/CONT_AWD_75N98122F00001_7529_75N98119D00082_7529
other,competed_one_bid,1,948945.5,Administration for Children and Families,RAFT LLC,DA01,2024-01-11,2024-08-12 00:00:00,FULL AND OPEN COMPETITION,,THE PERSONAL RESPONSIBILITY AND WORK OPPORTUNITY RECONCILIATION ACT OF 1996 (PRWORA) CREATED THE TEMPORARY ASSISTANCE FOR NEEDY FAMILIES (TANF) PROGRAM. OFA ADMINISTERS THE TANF PROGRAM ON BEHALF OF THE DEPARTMENT OF HEALTH AND HUMAN SERVICES (HHS),https://www.usaspending.gov/award/CONT_AWD_75ACF124F80007_7590_47QTCA18D003V_4732
other,competed_one_bid,1,946150.42,Department of Veterans Affairs,"MINBURN TECHNOLOGY GROUP, LLC",DA01,2023-07-20,2024-07-27 00:00:00,FULL AND OPEN COMPETITION AFTER EXCLUSION OF SOURCES,,AN AUTOMATED SURGICAL WORKFLOW,https://www.usaspending.gov/award/CONT_AWD_36C24523F0613_3600_NNG15SD34B_8000
analytics_reporting,competed_one_bid,1,938895.83,Office of the Assistant Secretary for Administration,"RIPPLE EFFECT COMMUNICATIONS, INC.",D308,2015-09-30,2025-07-27 00:00:00,FULL AND OPEN COMPETITION,,"IGF::OT::IGF DATA CATEGORIZATION, MINING, ANALYSIS, REPORTING, AND WEBSITE OUTREACH FOR OHRP-DED",https://www.usaspending.gov/award/CONT_AWD_HHSP233201500499G_7555_GS10F0365T_4730
other,competed_one_bid,1,928752.38,Centers for Disease Control and Prevention,"CARTER CONSULTING, INC.",D399,2018-06-21,2021-06-30 00:00:00,FULL AND OPEN COMPETITION,,IGF::OT::IGF COMMUNICATIONS SUPPORT SERVICES,https://www.usaspending.gov/award/CONT_AWD_75D30118F00020_7523_HHSD200201037203I_7523
other,competed_one_bid,1,921051.6,Department of Veterans Affairs,"DOCUMENT STORAGE SYSTEMS, INC.",DC10,2023-09-28,2027-09-28 00:00:00,FULL AND OPEN COMPETITION,,MENTAL HEALTH / SUICIDE PREVENTION SOFTWARE SUITE,https://www.usaspending.gov/award/CONT_AWD_36C24223F0432_3600_47QTCA23D005Q_4732
other,competed_one_bid,1,920578.93,Department of Veterans Affairs,"FOUR POINTS TECHNOLOGY, L.L.C.",DH10,2022-09-30,2027-09-29 00:00:00,FULL AND OPEN COMPETITION AFTER EXCLUSION OF SOURCES,,HOSPITAL NOTIFICATION SYSTEM - ALTOONA VAMC,https://www.usaspending.gov/award/CONT_AWD_36C24422F0591_3600_NNG15SD22B_8000
other,competed_one_bid,1,919370.49,National Institutes of Health,"FOUR POINTS TECHNOLOGY, L.L.C.",7050,2016-09-01,2023-12-26 00:00:00,FULL AND OPEN COMPETITION,,FOUR POINTS TECHNOLOGY LLC:1132627 [16-004411]IGF::OT::IGF,https://www.usaspending.gov/award/CONT_AWD_HHSN26300002_7529_HHSN316201500034W_7529
other,competed_one_bid,1,908144.64,National Institutes of Health,NETSECURITY CORP,DA01,2024-09-27,2025-04-24 00:00:00,FULL AND OPEN COMPETITION AFTER EXCLUSION OF SOURCES,,NBS STRATEGIC AND GOVERNANCE SUPPORT SERVICES,https://www.usaspending.gov/award/CONT_AWD_75N97024F00106_7529_47QTCB21D0434_4732
other,competed_one_bid,1,904192.23,National Institutes of Health,"SOFT TECH CONSULTING, INC.",DF01,2024-02-29,2027-02-28 00:00:00,FULL AND OPEN COMPETITION,,PROGRAM MANAGEMENT AND SENIOR COMPUTER ANALYSIS SUPPORT,https://www.usaspending.gov/award/CONT_AWD_75N92024F00065_7529_47QTCA21D00DF_4732
infrastructure_ops,competed_one_bid,1,902073.68,Department of Veterans Affairs,"THUNDERCAT TECHNOLOGY, LLC",DA10,2025-07-01,2030-06-30 00:00:00,FULL AND OPEN COMPETITION AFTER EXCLUSION OF SOURCES,,GETWELLNETWORK IPC SERVICES,https://www.usaspending.gov/award/CONT_AWD_36C26225F0502_3600_NNG15SD26B_8000
other,competed_one_bid,1,894252.4,National Institutes of Health,"FCN, INC.",DB01,2024-04-24,2025-04-30 00:00:00,FULL AND OPEN COMPETITION,,NETAPP - ANNUAL SUPPORT RENEWAL,https://www.usaspending.gov/award/CONT_AWD_75N97024F00005_7529_HHSN316201500046W_7529
other,competed_one_bid,1,891352.8,Defense Health Agency,MISSION FIRST SOLUTIONS LLC,DF10,2025-09-05,2026-09-29 00:00:00,FULL AND OPEN COMPETITION,,BERNOULLI DATA TRANSFER SERVICE FOR NAVAL MEDICAL CENTER SAN DIEGO (NMCSD),https://www.usaspending.gov/award/CONT_AWD_HT941025FE028_9700_47QTCA19D00L6_4732
clinical_it_ehr,competed_one_bid,1,889401.59,Department of Veterans Affairs,"FOUR POINTS TECHNOLOGY, L.L.C.",D316,2020-03-20,2026-12-31 00:00:00,FULL AND OPEN COMPETITION AFTER EXCLUSION OF SOURCES,,DATA INNOVATIONS - CERNER INTEGRATION FOR VISN 20 SITES (EHRM),https://www.usaspending.gov/award/CONT_AWD_36C26020F0296_3600_NNG15SD22B_8000
other,competed_one_bid,1,887220.38,Department of Veterans Affairs,BLUE TECH INC.,DA10,2024-09-24,2027-09-24 00:00:00,FULL AND OPEN COMPETITION AFTER EXCLUSION OF SOURCES,,DSS PERIOP SOLUTION - DURHAM VAMC,https://www.usaspending.gov/award/CONT_AWD_36C10B24F0416_3600_NNG15SD00B_8000
other,competed_one_bid,1,880140.0,Department of Veterans Affairs,"V3GATE, LLC",DA01,2024-10-02,2027-10-02 00:00:00,FULL AND OPEN COMPETITION AFTER EXCLUSION OF SOURCES,,LAUREL BRIDGE LOCAL SITE RUN-TIME SOFTWARE LICENSES,https://www.usaspending.gov/award/CONT_AWD_36C10B25F0013_3600_NNG15SD27B_8000
other,competed_one_bid,1,878265.09,Department of Veterans Affairs,TIMITRON CORPORATION,DG10,2023-06-17,2027-06-16 00:00:00,COMPETED UNDER SAP,,IT SUPPORT,https://www.usaspending.gov/award/CONT_AWD_36C24523C0113_3600_-NONE-_-NONE-
infrastructure_ops,competed_one_bid,1,876573.57,Department of Veterans Affairs,EPOCH CONCEPTS LLC,DA10,2021-07-28,2026-07-31 00:00:00,FULL AND OPEN COMPETITION AFTER EXCLUSION OF SOURCES,,SAVAHCS VIRTUAL SERVER SUPPORT AND LICENSES,https://www.usaspending.gov/award/CONT_AWD_36C25821F0081_3600_NNG15SD30B_8000
other,competed_one_bid,1,875313.6,Office of the Assistant Secretary for Administration,INITIATE GOVERNMENT SOLUTIONS LLC,DA10,2023-09-25,2025-03-29 00:00:00,FULL AND OPEN COMPETITION,,THE VMO REQUIRES DEVELOPMENT SERVICES FOR TWO APPLICATIONS TO BE BUILT IN COLLABORATION WITH THE HHS OCIO OFFICE OF APPLICATION PLATFORMS AND SERVICES (OAPS). OAPS PROVIDES PLATFORM ADMINISTRATION SERVICES FOR ALL THEIR ENTERPRISE OFFERINGS WITH DEFI,https://www.usaspending.gov/award/CONT_AWD_75P00123F80211_7570_GS35F139DA_4732
clinical_it_ehr,competed_one_bid,1,857502.69,Department of Veterans Affairs,"FOUR POINTS TECHNOLOGY, L.L.C.",DA01,2024-09-24,2029-09-25 00:00:00,FULL AND OPEN COMPETITION AFTER EXCLUSION OF SOURCES,,PACS VUE ADMINISTRATOR/CLINICAL SUPPORT SPECIALIST FOR VISN 7 VAMCS,https://www.usaspending.gov/award/CONT_AWD_36C10B24F0391_3600_NNG15SD22B_8000
other,competed_one_bid,1,856613.46,Office of the Assistant Secretary for Financial Resources,"THUNDERCAT TECHNOLOGY, LLC",DA10,2026-04-06,2027-03-31 00:00:00,FULL AND OPEN COMPETITION AFTER EXCLUSION OF SOURCES,,ACCELLION KITEWORKS,https://www.usaspending.gov/award/CONT_AWD_7571TE26F00301_7571_NNG15SD26B_8000
scheduling_referral_community_care,competed_one_bid,1,853500.0,Department of Veterans Affairs,"M.C. FUHRMAN & ASSOCIATES, LLC",DD01,2023-02-23,2028-02-28 00:00:00,FULL AND OPEN COMPETITION AFTER EXCLUSION OF SOURCES,,MASTER PLANNING & CONSULTING SERVICES,https://www.usaspending.gov/award/CONT_AWD_36C26223C0089_3600_-NONE-_-NONE-
other,competed_one_bid,1,852617.3,Department of Veterans Affairs,"GOVERNMENT MARKETING AND PROCUREMENT, LLC",DA10,2022-09-20,2027-09-29 00:00:00,COMPETED UNDER SAP,,NEUROQUANT SOFTWARE,https://www.usaspending.gov/award/CONT_AWD_36C26022P1122_3600_-NONE-_-NONE-
other,competed_one_bid,1,844458.36,Food and Drug Administration,BOOZ ALLEN HAMILTON INC,D307,2011-09-17,2012-09-25 00:00:00,FULL AND OPEN COMPETITION,,SIMPLIFIED ACQUISITION OF AMALGA OR EQUAL TO BE USE WITHIN THE SCIENTIFIC ENCLAVES SCIENTIFIC COMPUTING,https://www.usaspending.gov/award/CONT_AWD_HHSF223201110675G_7524_GS35F0306J_4730
other,competed_one_bid,1,843111.11,Department of Veterans Affairs,"MINBURN TECHNOLOGY GROUP, LLC",DA10,2021-04-01,2025-03-31 00:00:00,FULL AND OPEN COMPETITION AFTER EXCLUSION OF SOURCES,,DURHAM VAMC PERIOPERATIVE SOFTWARE,https://www.usaspending.gov/award/CONT_AWD_36C10A21F0131_3600_NNG15SD34B_8000
document_processing,competed_one_bid,1,843081.24,Department of Veterans Affairs,"MINBURN TECHNOLOGY GROUP, LLC",DA10,2023-10-01,2025-09-30 00:00:00,FULL AND OPEN COMPETITION AFTER EXCLUSION OF SOURCES,,DOCUMENT STORAGE SYSTEMS (DSS) VISTA CHEMOTHERAPY MANAGER (VCM) SOFTWARE AND MAINTENANCE,https://www.usaspending.gov/award/CONT_AWD_36C10B24F0005_3600_NNG15SD34B_8000
scheduling_referral_community_care,competed_one_bid,1,842125.32,Food and Drug Administration,ATTENDEE INTERACTIVE LLC,DF10,2021-11-30,2025-04-30 00:00:00,COMPETED UNDER SAP,,CONTINUING EDUCATION CONSULTATION AND ACCREDITATION TEAM (CECAT) SOFTWARE SOLUTION,https://www.usaspending.gov/award/CONT_AWD_75F40122P00005_7524_-NONE-_-NONE-
other,competed_one_bid,1,836446.76,Administration for Children and Families,SOLE SOLUTIONS INC.,DA01,2024-09-15,2026-03-14 00:00:00,COMPETED UNDER SAP,,STRATEGIC WORK INFORMATION FOLDER TRANSFER SYSTEM (SWIFT),https://www.usaspending.gov/award/CONT_AWD_75ACF124F59001_7590_75ACF124A00009_7590
other,competed_one_bid,1,835339.2,National Institutes of Health,APEX LOGIC INC,DA01,2023-04-12,2028-04-14 00:00:00,FULL AND OPEN COMPETITION,,"HOSPITAL SERVICE DEVELOPMENT, MAINTENANCE AND ENHANCEMENT SUPPORT FOR THE DEPARTMENT OF CLINICAL RESEARCH INFORMATICS",https://www.usaspending.gov/award/CONT_AWD_75N90023F00045_7529_47QTCA22D00A2_4732
document_processing,competed_one_bid,1,834238.98,Department of Veterans Affairs,"MINBURN TECHNOLOGY GROUP, LLC",DA10,2023-10-01,2026-09-30 00:00:00,FULL AND OPEN COMPETITION AFTER EXCLUSION OF SOURCES,,DOCUMENT STORAGE SYSTEMS (DSS) DATABRIDGE SUPPORT AND UPDATESE TO EXISTING SOFTWARE LICENSES,https://www.usaspending.gov/award/CONT_AWD_36C10B24F0341_3600_NNG15SD34B_8000
other,competed_one_bid,1,833387.23,Department of Veterans Affairs,AGILERANK LLC,DF10,2022-08-26,2026-04-25 00:00:00,COMPETED UNDER SAP,,REAL TIME LOCATION SYSTEM - ASSET TRACKING SOLUTION FOR DEPARTMENT OF VETERANS AFFAIRS CARIBBEAN HEALTHCARE SYSTEM,https://www.usaspending.gov/award/CONT_AWD_36C10A22C0016_3600_-NONE-_-NONE-
other,competed_one_bid,1,831003.12,Department of Veterans Affairs,"MINBURN TECHNOLOGY GROUP, LLC",DA01,2022-08-26,2027-08-25 00:00:00,FULL AND OPEN COMPETITION AFTER EXCLUSION OF SOURCES,,FAYETTEVILLE PERIOP MANAGER,https://www.usaspending.gov/award/CONT_AWD_36C10B22F0293_3600_NNG15SD34B_8000
other,competed_one_bid,1,830250.48,Department of Veterans Affairs,BLUE TECH INC.,DB10,2023-10-01,2026-09-30 00:00:00,FULL AND OPEN COMPETITION AFTER EXCLUSION OF SOURCES,,VISN 17 DSS DATABRIDGE,https://www.usaspending.gov/award/CONT_AWD_36C10A24F0005_3600_NNG15SD00B_8000
other,competed_one_bid,1,825492.64,Department of Veterans Affairs,"V3GATE, LLC",DK10,2021-08-23,2025-08-22 00:00:00,FULL AND OPEN COMPETITION AFTER EXCLUSION OF SOURCES,,M8 SUPERCLUSTER,https://www.usaspending.gov/award/CONT_AWD_36C10A21F0285_3600_NNG15SD27B_8000
infrastructure_ops,competed_one_bid,1,815147.7,Department of Veterans Affairs,COLOSSAL CONTRACTING LLC,D399,2020-09-25,2025-09-24 00:00:00,FULL AND OPEN COMPETITION AFTER EXCLUSION OF SOURCES,,FORENSIC NETWORK ENCLAVE,https://www.usaspending.gov/award/CONT_AWD_36C10M20F0093_3600_NNG15SD72B_8000
other,competed_one_bid,1,814968.36,Office of the Assistant Secretary for Financial Resources,"LUMEN TECHNOLOGIES GOVERNMENT SOLUTIONS, INC",DC01,2023-09-23,2026-09-29 00:00:00,FULL AND OPEN COMPETITION,,TIC CIRCUITS,https://www.usaspending.gov/award/CONT_AWD_75N97023F00103_7529_47QTCA20D0077_4732
other,competed_one_bid,1,813007.19,Department of Veterans Affairs,"MINBURN TECHNOLOGY GROUP, LLC",DA01,2023-07-20,2025-01-30 00:00:00,FULL AND OPEN COMPETITION AFTER EXCLUSION OF SOURCES,,AUTOMATED SURGICAL WORKFLOW SYSTEM,https://www.usaspending.gov/award/CONT_AWD_36C24523F0614_3600_NNG15SD34B_8000
other,competed_one_bid,1,803684.13,Centers for Disease Control and Prevention,STONS INC,DA10,2022-02-15,2027-01-31 00:00:00,FULL AND OPEN COMPETITION,,KALTURA  PLATFORM LICENSE,https://www.usaspending.gov/award/CONT_AWD_75D30122F13320_7523_GS35F153GA_4732
other,competed_one_bid,1,801379.09,Centers for Disease Control and Prevention,"COMCAST CABLE COMMUNICATIONS, LLC",DG10,2023-03-09,2028-03-10 00:00:00,FULL AND OPEN COMPETITION,,CDC COMCAST INTERNET RENEWAL 2023-2028,https://www.usaspending.gov/award/CONT_AWD_75D30123C16007_7523_-NONE-_-NONE-
infrastructure_ops,competed_one_bid,1,795584.84,Office of the Assistant Secretary for Financial Resources,"THUNDERCAT TECHNOLOGY, LLC",DA01,2026-08-26,2028-01-31 00:00:00,FULL AND OPEN COMPETITION,,REQT-OMAS-IT-2026-00215 PCA-CIT-02709 FY26 CIF CYBER - NIH DATA CENTER SOFTWARE DEFINED NETWORK DEPLOYMENT,https://www.usaspending.gov/award/CONT_AWD_7571TE26F65206_7571_HHSN316201500010W_7529
clinical_it_ehr,competed_one_bid,1,794892.42,Department of Veterans Affairs,"FOUR POINTS TECHNOLOGY, L.L.C.",DA10,2024-03-04,2029-03-05 00:00:00,FULL AND OPEN COMPETITION AFTER EXCLUSION OF SOURCES,,PHILIPS INTELLISPACE CARDIOVASCULAR - CARDIOLOGY PICTURE ARCHIVING COMMUNICATIONS SYSTEM (PACS),https://www.usaspending.gov/award/CONT_AWD_36C24424F0248_3600_NNG15SD22B_8000
other,competed_one_bid,1,786902.58,Department of Veterans Affairs,"SIERRA7, INC.",DA01,2026-04-29,2031-06-28 00:00:00,FULL AND OPEN COMPETITION AFTER EXCLUSION OF SOURCES,,AVASURE VIRTUAL PATIENT OBSERVATION SYSTEM,https://www.usaspending.gov/award/CONT_AWD_36C25726F0077_3600_NNG15SD78B_8000
other,competed_one_bid,1,781450.16,Department of Veterans Affairs,VTS GROUP INC,DE11,2022-06-01,2027-05-31 00:00:00,COMPETED UNDER SAP,,DIGITAL RADIO UPDATE BIRMINGHAM VAMC AND CLINICS,https://www.usaspending.gov/award/CONT_AWD_36C24722P0864_3600_-NONE-_-NONE-
other,competed_one_bid,1,771042.53,Food and Drug Administration,VERSATECH INC,D304,2020-09-17,2024-09-16 00:00:00,FULL AND OPEN COMPETITION,,AV SUPPORT STAFF FOR THE OTED MM2 BUILDING,https://www.usaspending.gov/award/CONT_AWD_75F40120F80549_7524_GS35F540BA_4732
other,competed_one_bid,1,762257.99,Department of Veterans Affairs,"MINBURN TECHNOLOGY GROUP, LLC",DA10,2022-09-27,2025-12-31 00:00:00,FULL AND OPEN COMPETITION AFTER EXCLUSION OF SOURCES,,ORDER TRACKING MANAGER SOFTWARE,https://www.usaspending.gov/award/CONT_AWD_36C26222F0648_3600_NNG15SD34B_8000
other,competed_one_bid,1,756036.8,Department of Veterans Affairs,"GRANITE TELECOMMUNICATIONS, LLC",DG11,2026-08-11,2031-07-31 00:00:00,FULL AND OPEN COMPETITION,,SERVICE ORDER 26 - RECOMPETE,https://www.usaspending.gov/award/CONT_AWD_36C10B26N0054_3600_36C10B20D0031_3600
other,competed_one_bid,1,748350.87,Department of Veterans Affairs,"MINBURN TECHNOLOGY GROUP, LLC",DA01,2026-09-25,2029-09-29 00:00:00,FULL AND OPEN COMPETITION AFTER EXCLUSION OF SOURCES,,DSS LIVEDATA EO 14398,https://www.usaspending.gov/award/CONT_AWD_36C10B26F0429_3600_NNG15SD34B_8000
infrastructure_ops,competed_one_bid,1,740853.38,Indian Health Service,HUEL TECHNOLOGY LLC,DA01,2021-09-09,2023-10-30 00:00:00,FULL AND OPEN COMPETITION,,INSTALLATION AND CONFIGURATION OF WIRELESS NETWORK AT THE PORTLAND AREA OFFICE AND THE PORTLAND AREA SERVICE UNITS.,https://www.usaspending.gov/award/CONT_AWD_75H71321F80148_7527_47QTCA21D00D1_4732
other,competed_one_bid,1,735771.25,Department of Veterans Affairs,SOFTWARE INFORMATION RESOURCE CORP.,DA01,2023-09-15,2025-03-31 00:00:00,FULL AND OPEN COMPETITION AFTER EXCLUSION OF SOURCES,,ENTERPRISE CONTENT DISTRIBUTION MANAGEMENT APPLICATION,https://www.usaspending.gov/award/CONT_AWD_36C10B23F0301_3600_NNG15SD74B_8000
other,competed_one_bid,1,733223.34,Department of Veterans Affairs,MICROTECHNOLOGIES LLC,DG01,2025-10-23,2030-11-30 00:00:00,FULL AND OPEN COMPETITION,,EPHESOFT,https://www.usaspending.gov/award/CONT_AWD_36C10B26F0017_3600_NNG15SC42B_8000
other,competed_one_bid,1,728024.49,Office of the Assistant Secretary for Administration,KINLY US CORPORATION,D301,2011-07-01,2016-03-31 00:00:00,FULL AND OPEN COMPETITION,,"VTC SUPPORT SERVICES TASK ORDER JULY 1, 2011 - JUNE 30, 2012",https://www.usaspending.gov/award/CONT_AWD_HHSP23337003_7555_HHSP23320110001EB_7555
infrastructure_ops,competed_one_bid,1,725939.77,Office of the Assistant Secretary for Administration,RED RIVER TECHNOLOGY LLC,7050,2020-09-23,2021-09-29 00:00:00,FULL AND OPEN COMPETITION AFTER EXCLUSION OF SOURCES,,"MTIPS SOLUTION(DELL SERVERS, CISCO, NETAPP)",https://www.usaspending.gov/award/CONT_AWD_75P00120F80241_7570_NNG15SC85B_8000
other,competed_one_bid,1,725443.83,Department of Veterans Affairs,ALVAREZ LLC,DJ10,2025-09-26,2026-06-02 00:00:00,FULL AND OPEN COMPETITION AFTER EXCLUSION OF SOURCES,,CAMERA PROJECT,https://www.usaspending.gov/award/CONT_AWD_36C24725F0324_3600_NNG15SD19B_8000
other,competed_one_bid,1,724667.12,Department of Veterans Affairs,ALVAREZ LLC,DD01,2024-01-05,2026-01-16 00:00:00,FULL AND OPEN COMPETITION AFTER EXCLUSION OF SOURCES,,ONGOING SERVICE AND SUPPORT FOR ITS EXISTING VOCERA HANDS-FREE WIRELESS COMMUNICATION SYSTEM,https://www.usaspending.gov/award/CONT_AWD_36C10B24F0043_3600_NNG15SD19B_8000
infrastructure_ops,competed_one_bid,1,723698.38,Office of Assistant Secretary for Preparedness and Response,SOFTWARE INFORMATION RESOURCE CORP.,DK10,2024-04-12,2025-04-14 00:00:00,FULL AND OPEN COMPETITION AFTER EXCLUSION OF SOURCES,,WEBEOC DATA MIGRATION AND CLOUD HOSTING SERVICES,https://www.usaspending.gov/award/CONT_AWD_75A50324F80004_7505_NNG15SD74B_8000
analytics_reporting,competed_one_bid,1,722484.13,National Institutes of Health,"CYBERDATA TECHNOLOGIES, INC.",D399,2017-08-01,2022-09-02 00:00:00,FULL AND OPEN COMPETITION AFTER EXCLUSION OF SOURCES,,"IGF::OT::IGF TO PROVIDE DATA MANAGEMENT, HARDWARE SUPPORT, AND SOFTWARE TOOL CONFIGURATION FOR THE NIDDK GENOMICS CORE LABORATORY AND NIDDK BIOMEDICAL OPERATIONS.",https://www.usaspending.gov/award/CONT_AWD_HHSN27500001_7529_HHSN316201200076W_7529
other,competed_one_bid,1,721732.17,Defense Health Agency,ALVAREZ LLC,DA01,2021-02-02,2022-01-31 00:00:00,FULL AND OPEN COMPETITION AFTER EXCLUSION OF SOURCES,,"VOCERA HARDWARE, SOFTWARE, MAINTENANCE, AND PROFESSIONAL SERVICES",https://www.usaspending.gov/award/CONT_AWD_HT001521F0026_9700_NNG15SD19B_8000
other,competed_one_bid,1,719460.6,Food and Drug Administration,VERSATECH INC,DF01,2022-09-27,2023-09-26 00:00:00,FULL AND OPEN COMPETITION AFTER EXCLUSION OF SOURCES,,VIRTUAL MEETING SUPPORT SERVICES,https://www.usaspending.gov/award/CONT_AWD_75F40122F80440_7524_75N98119D00077_7529
other,competed_one_bid,1,716234.76,Department of Veterans Affairs,BY LIGHT PROFESSIONAL IT SERVICES LLC,DA01,2022-12-15,2027-12-15 00:00:00,FULL AND OPEN COMPETITION,,HIGH FREQUENCY TRAINING AND SUSTAINMENT,https://www.usaspending.gov/award/CONT_AWD_36C10B23N10190023_3600_VA11816D1019_3600
other,competed_one_bid,1,710973.49,Defense Health Agency,NVISION IT LLC,DG01,2024-03-28,2029-09-30 00:00:00,FULL AND OPEN COMPETITION AFTER EXCLUSION OF SOURCES,,2 FTE MEDICAL INFORMATION SYSTEMS SUPPORT TECHNICIAN (MISST) SERVICES,https://www.usaspending.gov/award/CONT_AWD_HT940724F0040_9700_47QTCB22D0369_4732
other,competed_one_bid,1,710622.03,Department of Veterans Affairs,MICROTECHNOLOGIES LLC,DG01,2026-02-27,2031-02-28 00:00:00,FULL AND OPEN COMPETITION,,EPHESOFT TRANSACT SOFTWARE AND SERVICES,https://www.usaspending.gov/award/CONT_AWD_36C26126F0138_3600_NNG15SC42B_8000
other,competed_one_bid,1,710313.99,Food and Drug Administration,RECOVERY POINT SYSTEMS INC,7025,2019-07-24,2024-01-31 00:00:00,FULL AND OPEN COMPETITION,,TO RENEW OFF SITE STORAGE FOR STORED  MEDIA TO INCLUDE BASE PLUS 4 OPTION YEARS,https://www.usaspending.gov/award/CONT_AWD_75F40119F80246_7524_GS25F0030P_4730
other,competed_one_bid,1,709382.9,Department of Veterans Affairs,"THUNDERCAT TECHNOLOGY, LLC",DD01,2025-08-05,2031-09-02 00:00:00,FULL AND OPEN COMPETITION AFTER EXCLUSION OF SOURCES,,WALL DISPLAY MODERNIZATION (HINES AND CRRC) II,https://www.usaspending.gov/award/CONT_AWD_36C10A25F0032_3600_NNG15SD26B_8000
infrastructure_ops,competed_one_bid,1,702942.76,National Institutes of Health,COMPASS FEDERAL CONSULTING LIMITED LIABILITY COMPANY,DJ01,2024-09-26,2027-03-31 00:00:00,FULL AND OPEN COMPETITION,,NBS GSS ATO ASSESSMENT AND IMPLEMENTATION AND NIH BUSINESS SYSTEM CLOUD (NBSC) SECURITY CONTROL ASSESSMENT,https://www.usaspending.gov/award/CONT_AWD_75N92024F00001_7529_75N92021A00003_7529
other,competed_one_bid,1,702165.16,Department of Veterans Affairs,"AT&T ENTERPRISES, LLC",DE10,2022-08-01,2023-07-31 00:00:00,FULL AND OPEN COMPETITION,,EAST ORANGE & LYONS NJ GUEST WIFI,https://www.usaspending.gov/award/CONT_AWD_36C10A22F0151_3600_GS00T07NSD0007_4735
other,competed_one_bid,1,700818.6,Office of the Assistant Secretary for Administration,PALANTIR TECHNOLOGIES INC.,DH10,2023-09-21,2024-09-29 00:00:00,FULL AND OPEN COMPETITION,,HHS IMPACT EXPANSION AND SUPPORT,https://www.usaspending.gov/award/CONT_AWD_75P00123F37004_7570_75P00122A00010_7570
other,competed_one_bid,1,695968.58,Department of Veterans Affairs,"FOUR POINTS TECHNOLOGY, L.L.C.",DA10,2023-12-18,2027-12-21 00:00:00,FULL AND OPEN COMPETITION AFTER EXCLUSION OF SOURCES,,HEALTH LEVEL FOUNDATION SOFTWARE,https://www.usaspending.gov/award/CONT_AWD_36C24724F0165_3600_NNG15SD22B_8000
infrastructure_ops,competed_one_bid,1,695825.44,Department of Veterans Affairs,FEDSTORE CORPORATION,DA10,2022-12-01,2025-12-01 00:00:00,FULL AND OPEN COMPETITION AFTER EXCLUSION OF SOURCES,,"ANNUAL VISN23 RADIO PAGING SYSTEMS MAINTENANCE FOR VA MEDICAL CENTER LOCATIONS: OMAHA, LINCOLN, GRAND ISLAND, HOT SPRINGS, FT. MEADE, FARGO, MINNEAPOLIS, DES MOINES, SIOUX FALLS, AND IOWA CITY AND ST. CLOUD.",https://www.usaspending.gov/award/CONT_AWD_36C10B23F0034_3600_NNG15SD21B_8000
other,competed_one_bid,1,695232.54,National Institutes of Health,RELI GROUP INC,DA01,2021-09-24,2023-03-20 00:00:00,FULL AND OPEN COMPETITION AFTER EXCLUSION OF SOURCES,,NIH SUPPLY CENTER INVENTORY MANAGEMENT SYSTEM MODERNIZATION,https://www.usaspending.gov/award/CONT_AWD_75N98121F00001_7529_75N98119D00027_7529
other,competed_one_bid,1,694211.14,National Institutes of Health,CDW GOVERNMENT LLC,7021,2019-05-13,2020-05-13 00:00:00,FULL AND OPEN COMPETITION,,"COMPUTER REPLACEMENTS NIAID CENTRALIZED COMPUTER ACQUISTION, CONFIGURATION, AND DISTRIBUTION PROGRAM",https://www.usaspending.gov/award/CONT_AWD_75N93019F00136_7529_HHSN316201500011W_7529
other,competed_one_bid,1,690647.97,National Institutes of Health,CDW GOVERNMENT LLC,7021,2020-05-26,2021-05-25 00:00:00,FULL AND OPEN COMPETITION,,"COMPUTER REPLACEMENTS NIAID CENTRALIZED COMPUTER ACQUISITION, CONFIGURATION, AND DISTRIBUTION PROGRAM",https://www.usaspending.gov/award/CONT_AWD_75N93020F00004_7529_HHSN316201500011W_7529
other,competed_one_bid,1,689373.13,Centers for Disease Control and Prevention,"NEW TECH SOLUTIONS, INC.",DA10,2022-03-31,2023-03-31 00:00:00,FULL AND OPEN COMPETITION,,ACCELLION KITEWORKS ENTERPRISE,https://www.usaspending.gov/award/CONT_AWD_75D30122F13548_7523_HHSN316201500040W_7529
other,competed_one_bid,1,689054.0,Centers for Disease Control and Prevention,"GARTNER, INC.",D313,2016-05-09,2021-06-29 00:00:00,FULL AND OPEN COMPETITION,,IGF::OT::IGF IT COMPUTER SERVICE,https://www.usaspending.gov/award/CONT_AWD_HHSD2002016F89486_7523_GS35F5014H_4730
other,competed_one_bid,1,679315.87,National Institutes of Health,"DSFEDERAL, INC",DA01,2022-05-13,2027-05-13 00:00:00,FULL AND OPEN COMPETITION AFTER EXCLUSION OF SOURCES,,ONC INTEROPERABILITY STANDARDS ADVISORY (ISA) WEB MAINTENANCE. FIRM FIXED PRICE LABOR,https://www.usaspending.gov/award/CONT_AWD_75N98022F00002_7529_75N98119D00016_7529
clinical_it_ehr,competed_one_bid,1,678842.42,Department of Veterans Affairs,"APPLICA SOLUTIONS, INC.",DA01,2021-02-23,2023-05-31 00:00:00,FULL AND OPEN COMPETITION AFTER EXCLUSION OF SOURCES,,IT TECHNICAL SUPPORT VISTA SERVICES,https://www.usaspending.gov/award/CONT_AWD_36C10A21F0100_3600_47QTCH18D0005_4732
clinical_it_ehr,competed_one_bid,1,677196.0,Department of Veterans Affairs,"APPLICA SOLUTIONS, INC.",DA01,2023-05-26,2025-02-28 00:00:00,FULL AND OPEN COMPETITION AFTER EXCLUSION OF SOURCES,,IT TECHNICAL SUPPORT VISTA SERVICES,https://www.usaspending.gov/award/CONT_AWD_36C10A23F0071_3600_47QTCH18D0005_4732
other,competed_one_bid,1,674526.0,Department of Veterans Affairs,"STANDARD-BLAZAR, LLC",DJ10,2024-06-13,2024-07-19 00:00:00,FULL AND OPEN COMPETITION AFTER EXCLUSION OF SOURCES,,IMPERVA MAINTENANCE HARDWARE,https://www.usaspending.gov/award/CONT_AWD_36C10B24F0163_3600_NNG15SD70B_8000
other,competed_one_bid,1,669864.86,Centers for Medicare and Medicaid Services,CARAHSOFT TECHNOLOGY CORP,DA10,2023-06-01,2024-01-19 00:00:00,FULL AND OPEN COMPETITION,,THIS TASK ORDER WILL PROVIDE SALESFORCE LICENSES.,https://www.usaspending.gov/award/CONT_AWD_75FCMC23F0078_7530_47QSWA18D008F_4732
other,competed_one_bid,1,668819.76,Department of Veterans Affairs,"FOUR POINTS TECHNOLOGY, L.L.C.",DA10,2025-07-07,2027-01-31 00:00:00,FULL AND OPEN COMPETITION AFTER EXCLUSION OF SOURCES,,INTELLISPACE UPGRADES,https://www.usaspending.gov/award/CONT_AWD_36C25625F0288_3600_NNG15SD22B_8000
other,competed_one_bid,1,660470.0,Office of the Assistant Secretary for Financial Resources,"THUNDERCAT TECHNOLOGY, LLC",DA10,2023-09-19,2026-09-19 00:00:00,COMPETED UNDER SAP,,SAYARI SUBSCRIPTION SERVICE,https://www.usaspending.gov/award/CONT_AWD_75A50223C00052_7505_-NONE-_-NONE-
other,competed_one_bid,1,655268.15,Department of Veterans Affairs,CLEAR VANTAGE POINT SOLUTIONS LLC,DJ10,2021-09-10,2026-09-13 00:00:00,FULL AND OPEN COMPETITION,,"IT ENTERPRISE SUPPORT SERVICES INCLUDING: PROGRAM/PROJECT MANAGEMENT APPLICATION, PROGRAMMING AND DATABASE ADMINISTRATION AND SOFTWARE/SYSTEM TECHNICAL SUPPORT.",https://www.usaspending.gov/award/CONT_AWD_36C10B21N10240014_3600_VA11816D1024_3600
other,competed_one_bid,1,651717.4,Department of Veterans Affairs,ALVAREZ LLC,DA01,2024-05-14,2027-03-15 00:00:00,FULL AND OPEN COMPETITION AFTER EXCLUSION OF SOURCES,,"VOCERA PREMIER SUPPORT, VOCERA LICENSES, MAINTENANCE AND BADGE REPAIR SERVICES",https://www.usaspending.gov/award/CONT_AWD_36C10A24F0019_3600_NNG15SD19B_8000
other,competed_one_bid,1,648957.42,Office of the Assistant Secretary for Administration,"DSFEDERAL, INC",7010,2010-09-30,2012-09-29 00:00:00,COMPETED UNDER SAP,,TAS::75 0849::TAS  THIS REQUEST IS TO PROVIDE SUBJECT MATTER EXPERTS FOR RESEARCH INVESTIGATIVE OVERSIGHT FOR ORI,https://www.usaspending.gov/award/CONT_AWD_HHSP233201000299A_7555_-NONE-_-NONE-
other,competed_one_bid,1,648317.88,National Institutes of Health,"M2 TECHNOLOGY, INC.",DG10,2024-05-16,2029-09-22 00:00:00,FULL AND OPEN COMPETITION AFTER EXCLUSION OF SOURCES,,NHLBI HPE GREENLAKE HCI SYSTEM,https://www.usaspending.gov/award/CONT_AWD_75N92024F00111_7529_NNG15SC81B_8000
other,competed_one_bid,1,642868.16,Department of Veterans Affairs,"MINBURN TECHNOLOGY GROUP, LLC",DA10,2025-10-14,2030-10-12 00:00:00,FULL AND OPEN COMPETITION AFTER EXCLUSION OF SOURCES,,BIO-POINT WRISTBAND SOFTWARE,https://www.usaspending.gov/award/CONT_AWD_36C24626N0270_3600_NNG15SD34B_8000
other,competed_one_bid,1,636459.0,Office of the Assistant Secretary for Financial Resources,CERTARA UK LIMITED,DA10,2023-09-06,2028-09-20 00:00:00,COMPETED UNDER SAP,,CERTARA SIMCYP SOFTWARE LICENSES,https://www.usaspending.gov/award/CONT_AWD_75F40123P00336_7524_-NONE-_-NONE-
other,competed_one_bid,1,636376.12,Defense Health Agency,"WESTWIND COMPUTER PRODUCTS, INC.",DA01,2025-01-14,2026-03-13 00:00:00,FULL AND OPEN COMPETITION AFTER EXCLUSION OF SOURCES,,DELL FLEX-ON-DEMAND RENEWAL.,https://www.usaspending.gov/award/CONT_AWD_HT001125F0070_9700_NNG15SD04B_8000
other,competed_one_bid,1,632336.91,Department of Veterans Affairs,ALVAREZ LLC,D317,2019-03-28,2024-08-15 00:00:00,FULL AND OPEN COMPETITION AFTER EXCLUSION OF SOURCES,,NUANCE SOFTWARE RENEWAL,https://www.usaspending.gov/award/CONT_AWD_36C25719F0248_3600_NNG15SD19B_8000
other,competed_one_bid,1,631875.76,National Institutes of Health,"VERIS GROUP, LLC",DJ01,2022-02-09,2024-02-28 00:00:00,FULL AND OPEN COMPETITION,,NIGMS RMF BPA SERVICES TASK 2,https://www.usaspending.gov/award/CONT_AWD_75N92022F00061_7529_75N92021A00007_7529
infrastructure_ops,competed_one_bid,1,630951.1,Department of Veterans Affairs,METGREEN SOLUTIONS INC,DJ10,2025-02-10,2027-01-29 00:00:00,FULL AND OPEN COMPETITION AFTER EXCLUSION OF SOURCES,,CYBERARK,https://www.usaspending.gov/award/CONT_AWD_36C10A25F0010_3600_NNG15SD37B_8000
other,competed_one_bid,1,630599.9,Indian Health Service,"STRAUGHAN ENVIRONMENTAL, INC.",D315,2020-01-24,2025-07-22 00:00:00,FULL AND OPEN COMPETITION,,OEHE DSFC GIS SUPPORT,https://www.usaspending.gov/award/CONT_AWD_75H70120F80002_7527_GS10F014CA_4732
other,competed_one_bid,1,629744.5,Department of Veterans Affairs,BEAR COMMUNICATIONS INC,DA10,2026-04-16,2027-04-16 00:00:00,COMPETED UNDER SAP,,PRISM PAGING SYSTEM,https://www.usaspending.gov/award/CONT_AWD_36C26026P0380_3600_-NONE-_-NONE-
scheduling_referral_community_care,competed_one_bid,1,628780.39,Defense Health Agency,BLUE TECH INC.,DC10,2023-09-21,2026-09-29 00:00:00,FULL AND OPEN COMPETITION AFTER EXCLUSION OF SOURCES,,QGENDA-ADVANCED PHYSICIAN SCHEDULING LICENSES,https://www.usaspending.gov/award/CONT_AWD_HT940823F0115_9700_NNG15SD00B_8000
other,competed_one_bid,1,628251.91,National Institutes of Health,PARAGON MICRO INC,DE01,2025-05-14,2026-05-28 00:00:00,FULL AND OPEN COMPETITION,,"SUPPORT RENEWAL FOR HIGH PERFORMANCE COMPUTING (HPC) DDN BRAND HARDWARE AND SOFTWARE INCLUDING PREMIUM ONSITE SUPPORT, NON-RETURNABLE STORAGE DEVICE OPTION FOR SSDS, PREMIUM SOFTWARE SUPPORT, MISSION CRITICAL ONSITE SUPPORT, AND CUSTOM SUPPORT",https://www.usaspending.gov/award/CONT_AWD_75N93025F00006_7529_HHSN316201500061W_7529
other,competed_one_bid,1,626241.33,Food and Drug Administration,BATTELLE MEMORIAL INSTITUTE,D399,2005-09-30,2006-12-31 00:00:00,COMPETITIVE DELIVERY ORDER,,PROFESSIONAL SERVICES,https://www.usaspending.gov/award/CONT_AWD_HHSF223200550538G_7524_GS35F5338H_4730
other,competed_one_bid,1,623567.64,Department of Veterans Affairs,CYNERGY PROFESSIONAL SYSTEMS LLC,DA01,2026-04-10,2031-04-30 00:00:00,FULL AND OPEN COMPETITION AFTER EXCLUSION OF SOURCES,,POLICE RADIO MAINTENANCE AND SUPPORT,https://www.usaspending.gov/award/CONT_AWD_36C25926F0160_3600_NNG15SD20B_8000
other,competed_one_bid,1,622559.88,Department of Veterans Affairs,CHOISYS TECHNOLOGY INC.,DE01,2024-07-05,2029-07-14 00:00:00,COMPETED UNDER SAP,,WIRELESS DIGITAL VIDEO MESSAGING SYSTEM SERVICE FOR CINCINNATI VAMC WITH MEDICAL MULTI-MEDIA LIBRARY,https://www.usaspending.gov/award/CONT_AWD_36C25024P2280_3600_-NONE-_-NONE-
registry_surveillance,competed_one_bid,1,621750.0,Department of Veterans Affairs,"CENSIS TECHNOLOGIES, INC.",DA10,2025-06-26,2030-06-30 00:00:00,COMPETED UNDER SAP,,CENSIS INSTRUMENT TRACKING SYSTEM (ITS),https://www.usaspending.gov/award/CONT_AWD_36C26025P0679_3600_-NONE-_-NONE-
other,competed_one_bid,1,616505.72,Department of Veterans Affairs,"COMCAST CABLE COMMUNICATIONS, LLC",D304,2017-12-13,2023-01-27 00:00:00,COMPETED UNDER SAP,,"CABLE TELEVISION SERVICES, BOSTON VAMC",https://www.usaspending.gov/award/CONT_AWD_36C24118P0041_3600_-NONE-_-NONE-
other,competed_one_bid,1,615499.77,Department of Veterans Affairs,SDV OFFICE SYSTEMS LLC,DA10,2023-05-10,2025-05-11 00:00:00,COMPETED UNDER SAP,,PAR EXCELLENCE SCALES AND SOFTWARE,https://www.usaspending.gov/award/CONT_AWD_36C25923P0771_3600_-NONE-_-NONE-
other,competed_one_bid,1,605205.1,Centers for Disease Control and Prevention,"THE LANGUAGE DOCTORS, INC",DE01,2021-11-08,2026-11-14 00:00:00,FULL AND OPEN COMPETITION,,EO14042 FEDERAL RELAY REPLACEMENT SERVICES,https://www.usaspending.gov/award/CONT_AWD_75D30122F12949_7523_47QRAA19D00BX_4732
other,competed_one_bid,1,604087.0,Food and Drug Administration,"UPTODATE, INC",D317,2020-04-24,2025-04-30 00:00:00,COMPETED UNDER SAP,,FDA ENTERPRISE-WIDE SUBSCRIPTION FOR UPTODATE,https://www.usaspending.gov/award/CONT_AWD_75F40120P00175_7524_-NONE-_-NONE-
other,competed_one_bid,1,602040.0,Department of Veterans Affairs,"REDHAWK IT SOLUTIONS, LLC",DA10,2026-09-03,2031-09-02 00:00:00,FULL AND OPEN COMPETITION AFTER EXCLUSION OF SOURCES,,VISN 22 PMIS,https://www.usaspending.gov/award/CONT_AWD_36C10B26F0316_3600_NNG15SD38B_8000
other,competed_one_bid,1,600197.8,Office of the Assistant Secretary for Administration,APPRIO INC,D314,2016-09-27,2020-09-26 00:00:00,FULL AND OPEN COMPETITION AFTER EXCLUSION OF SOURCES,,IGF::OT::IGF OPERATIONS AND MAINTENANCE OF INCEP SYSTEM,https://www.usaspending.gov/award/CONT_AWD_HHSP233201600375G_7570_GS06F0925Z_4732
other,competed_one_bid,1,598960.49,Department of Veterans Affairs,"MINBURN TECHNOLOGY GROUP, LLC",DA10,2021-09-24,2027-08-17 00:00:00,FULL AND OPEN COMPETITION AFTER EXCLUSION OF SOURCES,,BIOPOINT PI SOFTWARE APPLICATION,https://www.usaspending.gov/award/CONT_AWD_36C24121F0278_3600_NNG15SD34B_8000
other,competed_one_bid,1,597836.0,Department of Veterans Affairs,METGREEN SOLUTIONS INC,DA10,2023-03-02,2028-03-01 00:00:00,FULL AND OPEN COMPETITION AFTER EXCLUSION OF SOURCES,,"OPTUM SOFTWARE LICENSES, MAINTENANCE, AND DATA FILE SUBSCRIPTIONS FOR VA FINANCIAL SERVICES CENTER.",https://www.usaspending.gov/award/CONT_AWD_36C10A23F0047_3600_NNG15SD37B_8000
infrastructure_ops,competed_one_bid,1,597368.04,National Institutes of Health,"CHICKASAW STRATEGIC POINTE, LLC",DA10,2026-05-29,2029-05-28 00:00:00,FULL AND OPEN COMPETITION,,"INFRASTRUCTURE, SECURITY & DIGITAL COMMUNICATION SUPPORT",https://www.usaspending.gov/award/CONT_AWD_75N98026F00156_7529_47QTCA22D008Y_4732
infrastructure_ops,competed_one_bid,1,597365.15,Office of the Assistant Secretary for Financial Resources,WORLD WIDE TECHNOLOGY LLC,DA01,2022-09-09,2026-09-11 00:00:00,FULL AND OPEN COMPETITION,,ACF OCIO IS SEEKING SOFTWARE SUBSCRIPTION LICENSES AND SUPPORT SERVICES OF A NEW SYSTEM.   ACF OCIO REQUIRES A FULL-STACK INFRASTRUCTURE AND APPLICATION PERFORMANCE MONITORING (APM) TOOL THAT PROVIDES: ? EVENT DETECTION ? INCIDENT DETECTION ? AP,https://www.usaspending.gov/award/CONT_AWD_75ACF122F70000_7590_47QTCA21A002C_4732
other,competed_one_bid,1,591934.01,Office of the Assistant Secretary for Financial Resources,"FOUR POINTS TECHNOLOGY, L.L.C.",DA10,2026-05-04,2027-05-04 00:00:00,FULL AND OPEN COMPETITION,,"THE NATIONAL INSTITUTES OF HEALTH REQUIRES CONTINUED ACCESS TO REVVITY SIGNALS PLATFORM SUPPORT AND SERVICES, INCLUDING PROFESSIONAL SERVICES, SUPPLEMENTAL LICENSES, SANDBOX ENVIRONMENTS, AND SPECIALIZED SOFTWARE COMPONENTS, TO SUPPORT RESEARCH ACTIV",https://www.usaspending.gov/award/CONT_AWD_75N98026F00006_7529_HHSN316201500034W_7529
other,competed_one_bid,1,579883.08,Office of the Assistant Secretary for Administration,RED RIVER TECHNOLOGY LLC,D399,2019-09-28,2020-09-29 00:00:00,FULL AND OPEN COMPETITION AFTER EXCLUSION OF SOURCES,,CROWDSOURCED VULNERABILITY DISCOVERY SERVICES,https://www.usaspending.gov/award/CONT_AWD_75P00119F80242_7570_NNG15SC85B_8000
other,competed_one_bid,1,578838.69,Office of the Assistant Secretary for Financial Resources,"TRIANGLE TELEPHONE COOPERATIVE ASSOCIATION, INC.",DD01,2022-04-01,2026-09-30 00:00:00,COMPETED UNDER SAP,,TRIANGLE TELEPHONE FY 2022,https://www.usaspending.gov/award/CONT_AWD_75H70922P00092_7527_-NONE-_-NONE-
other,competed_one_bid,1,577881.39,Department of Veterans Affairs,ALVAREZ LLC,DE01,2022-11-08,2026-09-30 00:00:00,FULL AND OPEN COMPETITION AFTER EXCLUSION OF SOURCES,,VOCERA SERVICE,https://www.usaspending.gov/award/CONT_AWD_36C24723F0094_3600_NNG15SD19B_8000
other,competed_one_bid,1,577215.35,Department of Veterans Affairs,ALVAREZ LLC,DA10,2025-11-24,2028-11-30 00:00:00,FULL AND OPEN COMPETITION AFTER EXCLUSION OF SOURCES,,BLACKBOARD LEARNING CONTENT MANAGEMENT SYSTEM ANNUAL LICENSE MAINTENANCE AND TECHNICAL SUPPORT,https://www.usaspending.gov/award/CONT_AWD_36C10B26F0035_3600_NNG15SD19B_8000
other,competed_one_bid,1,574961.48,Department of Veterans Affairs,ALVAREZ LLC,DE10,2025-10-30,2030-10-31 00:00:00,FULL AND OPEN COMPETITION AFTER EXCLUSION OF SOURCES,,INTERACTIVE TV & DIGITAL SIGNAGE SERVICES,https://www.usaspending.gov/award/CONT_AWD_36C25526F0013_3600_NNG15SD19B_8000
other,competed_one_bid,1,572961.94,Office of the Assistant Secretary for Administration,MCP COMPUTER PRODUCTS INC,7050,2019-12-02,2019-12-02 00:00:00,FULL AND OPEN COMPETITION,,DELL LAPTOPS AND RELATED EQUIPMENT.,https://www.usaspending.gov/award/CONT_AWD_75P00120F80010_7570_GS35F0889N_4730
portal_web,competed_one_bid,1,571382.0,Office of the Assistant Secretary for Administration,GP STRATEGIES CORPORATION,D317,2018-02-15,2021-02-14 00:00:00,COMPETED UNDER SAP,,HHS LEARNING PORTAL TECHNICAL&PROJECT SUPPORT,https://www.usaspending.gov/award/CONT_AWD_HHSP23337001_7570_HHSP233201600013B_7555
other,competed_one_bid,1,571006.37,Food and Drug Administration,AUROTECH LLC,DG01,2024-12-30,2026-06-29 00:00:00,FULL AND OPEN COMPETITION,,CFSAN / RUBRIK SUPPORT SERVICES,https://www.usaspending.gov/award/CONT_AWD_75F40125F80017_7524_47QSMA19D08R6_4732
infrastructure_ops,competed_one_bid,1,565175.0,Department of Veterans Affairs,"MINBURN TECHNOLOGY GROUP, LLC",DA10,2023-01-23,2026-01-23 00:00:00,FULL AND OPEN COMPETITION AFTER EXCLUSION OF SOURCES,,GETWELLNETWORK LICENSE & MAINTENANCE RENEWAL,https://www.usaspending.gov/award/CONT_AWD_36C24623F0164_3600_NNG15SD34B_8000
other,competed_one_bid,1,563356.82,Department of Veterans Affairs,"NETSYNC NETWORK SOLUTIONS, INC.",DA10,2021-06-10,2024-06-09 00:00:00,FULL AND OPEN COMPETITION AFTER EXCLUSION OF SOURCES,,DSS PERIOP MANAGER SOFTWARE LICENSE,https://www.usaspending.gov/award/CONT_AWD_36C26221F0330_3600_NNG15SC76B_8000
other,competed_one_bid,1,563152.07,Department of Veterans Affairs,ALVAREZ LLC,7025,2019-08-08,2025-01-23 00:00:00,FULL AND OPEN COMPETITION AFTER EXCLUSION OF SOURCES,,RF CODE RADIO-FREQUENCY IDENTIFICATION (RFID) SOLUTION,https://www.usaspending.gov/award/CONT_AWD_36C10A19F0299_3600_NNG15SD19B_8000
analytics_reporting,competed_one_bid,1,559009.82,Department of Veterans Affairs,"FOUR POINTS TECHNOLOGY, L.L.C.",DA10,2023-09-26,2028-09-21 00:00:00,FULL AND OPEN COMPETITION AFTER EXCLUSION OF SOURCES,,RADIOLOGY DATA ANALYTICS SYSTEM,https://www.usaspending.gov/award/CONT_AWD_36C24423F0514_3600_NNG15SD22B_8000
other,competed_one_bid,1,558450.0,Department of Veterans Affairs,"COSTAR REALTY INFORMATION, INC.",DA10,2024-09-16,2029-09-28 00:00:00,COMPETED UNDER SAP,,COSTAR REALTY DATABASE SUBSCRIPTION. 25 USERS. 12 MONTHS,https://www.usaspending.gov/award/CONT_AWD_36C24924P1179_3600_-NONE-_-NONE-
other,competed_one_bid,1,552954.07,Department of Veterans Affairs,"MINBURN TECHNOLOGY GROUP, LLC",DA10,2022-05-01,2023-04-30 00:00:00,FULL AND OPEN COMPETITION AFTER EXCLUSION OF SOURCES,,TELECARE RECORD MANAGER PLUS,https://www.usaspending.gov/award/CONT_AWD_36C26222F0346_3600_NNG15SD34B_8000
other,competed_one_bid,1,552713.0,Office of the Assistant Secretary for Financial Resources,PAGEFREEZER SOFTWARE INC,DA10,2026-07-01,2028-07-01 00:00:00,FULL AND OPEN COMPETITION,,WEB AND SOCIAL MEDIA ARCHIVING SUPPORT SERVICES,https://www.usaspending.gov/award/CONT_AWD_7571TE26F80071_7571_47QTCA18D00DD_4732
other,competed_one_bid,1,551662.33,Department of Veterans Affairs,"GOVERNMENT MARKETING AND PROCUREMENT, LLC",DA01,2022-06-19,2027-06-26 00:00:00,FULL AND OPEN COMPETITION,,VOCERA COMMUNICATIONS LICENSING SERVICE AND SUPPORT AGREEMENT,https://www.usaspending.gov/award/CONT_AWD_36C26122F0278_3600_GS35F0858N_4730
other,competed_one_bid,1,551376.0,Defense Health Agency,BLUE TECH INC.,DG10,2024-09-25,2026-09-30 00:00:00,COMPETED UNDER SAP,,CABLE AND WIRING SPECIALISTS 2 FTES,https://www.usaspending.gov/award/CONT_AWD_HT941024P0257_9700_-NONE-_-NONE-
registry_surveillance,competed_one_bid,1,551061.44,Department of Veterans Affairs,"MINBURN TECHNOLOGY GROUP, LLC",DA10,2024-06-21,2027-06-23 00:00:00,FULL AND OPEN COMPETITION AFTER EXCLUSION OF SOURCES,,CLINICAL SURVEILLANCE SOFTWARE,https://www.usaspending.gov/award/CONT_AWD_36C10B24F0193_3600_NNG15SD34B_8000
other,competed_one_bid,1,548635.84,Department of Veterans Affairs,"V3GATE, LLC",DA10,2023-07-11,2026-07-31 00:00:00,FULL AND OPEN COMPETITION AFTER EXCLUSION OF SOURCES,,HASHICORP TERRAFORM AND VAULT INTEGRATED SOLUTION,https://www.usaspending.gov/award/CONT_AWD_36C10B23F0173_3600_NNG15SD27B_8000
other,competed_one_bid,1,544193.7,Department of Veterans Affairs,"COMPUTRITION, INC.",DA10,2024-01-17,2029-03-31 00:00:00,FULL AND OPEN COMPETITION,,COMPUTRITION DIETARY HARDWARE AND SOFTWARE,https://www.usaspending.gov/award/CONT_AWD_36C26224F0183_3600_47QTCA21D005U_4732
other,competed_one_bid,1,543120.0,Food and Drug Administration,"GUIDENT TECHNOLOGIES, INC.",D307,2006-07-25,2025-07-10 00:00:00,FULL AND OPEN COMPETITION AFTER EXCLUSION OF SOURCES,,CONTRACT SERVICES FOR DATA ARCHITECTURE,https://www.usaspending.gov/award/CONT_AWD_HHS0001_7524_HHSF223200550005I_7524
other,competed_one_bid,1,537215.2,Food and Drug Administration,"VETERAN INFORMATION TECHNOLOGIES, LLC",DA10,2024-02-20,2025-03-01 00:00:00,FULL AND OPEN COMPETITION AFTER EXCLUSION OF SOURCES,,INTEGRATED DIGITAL ASSET SYSTEM (IDAS),https://www.usaspending.gov/award/CONT_AWD_75F40124F80051_7524_NNG15SD41B_8000
infrastructure_ops,competed_one_bid,1,537130.92,Food and Drug Administration,"AXIOM CONSULTANTS, INC",DH10,2026-07-14,2029-09-28 00:00:00,COMPETED UNDER SAP,,RENEWAL OF SCINOTE ELECTRONIC LABORATORY NOTEBOOK (ELN) SOFTWARE LICENSES,https://www.usaspending.gov/award/CONT_AWD_75F40126P00123_7524_-NONE-_-NONE-
document_processing,competed_one_bid,1,527692.96,Department of Veterans Affairs,"PHARMACY ONESOURCE, INC.",D399,2020-09-30,2025-09-29 00:00:00,FULL AND OPEN COMPETITION,,PHARMACY COMPLIANCE/DOCUMENTATION SOFTWARE,https://www.usaspending.gov/award/CONT_AWD_36C25020F1247_3600_47QTCA20D0034_4732
other,competed_one_bid,1,526655.0,Food and Drug Administration,"SIMILARWEB, INC.",D305,2020-03-17,2025-04-05 00:00:00,FULL AND OPEN COMPETITION,,SIMILARWEB SUBSCRIPTION AND TRAINING,https://www.usaspending.gov/award/CONT_AWD_75F40120C00015_7524_-NONE-_-NONE-
other,competed_one_bid,1,526400.0,National Institutes of Health,IT1 SOURCE LLC,DA10,2022-08-31,2025-08-30 00:00:00,FULL AND OPEN COMPETITION,,FLEXERA TECHNOPEDIA FOR THE INDIAN HEALTH SERVICE,https://www.usaspending.gov/award/CONT_AWD_75N98122F00001_7529_HHSN316201500059W_7529
other,competed_one_bid,1,523385.65,Department of Veterans Affairs,FEDSTORE CORPORATION,7010,2018-12-31,2021-12-31 00:00:00,FULL AND OPEN COMPETITION AFTER EXCLUSION OF SOURCES,,UDI TRACKER SYSTEM-CHAMPION,https://www.usaspending.gov/award/CONT_AWD_36C25919F0115_3600_NNG15SD21B_8000
other,competed_one_bid,1,516099.65,Office of the Assistant Secretary for Financial Resources,ALVAREZ LLC,DC10,2023-03-01,2028-02-29 00:00:00,FULL AND OPEN COMPETITION,,COPIER MAINTENANCE,https://www.usaspending.gov/award/CONT_AWD_75R60223F80040_7526_HHSN316201500032W_7529
other,competed_one_bid,1,516000.0,Department of Veterans Affairs,CAPITAL SOLUTION DESIGN LLC,DA10,2022-04-26,2025-05-01 00:00:00,COMPETED UNDER SAP,,IT SOFTWARE MAINTENENCE,https://www.usaspending.gov/award/CONT_AWD_36C24522P0458_3600_-NONE-_-NONE-
other,competed_one_bid,1,515828.95,Department of Veterans Affairs,AGILERANK LLC,DA01,2025-01-14,2026-01-29 00:00:00,COMPETED UNDER SAP,,VISN 1 ENVIRONMENTAL MONITORING RTLS MAINTENANCE AND SUSTAINMENT BPA ORDER,https://www.usaspending.gov/award/CONT_AWD_36C24125N0401_3600_36C24123A0050_3600
other,competed_one_bid,1,514694.14,Department of Veterans Affairs,AGILERANK LLC,DA01,2023-08-08,2024-05-31 00:00:00,COMPETED UNDER SAP,,VISN 1 ENVIRONMENTAL MONITORING RTLS MAINTENANCE AND SUSTAINMENT BPA,https://www.usaspending.gov/award/CONT_AWD_36C24123N1047_3600_36C24123A0050_3600
other,competed_one_bid,1,514451.93,Department of Veterans Affairs,ALVAREZ LLC,DA10,2022-12-15,2027-12-14 00:00:00,FULL AND OPEN COMPETITION AFTER EXCLUSION OF SOURCES,,VOCERA VOICE WHITE BADGES AND LICENSES,https://www.usaspending.gov/award/CONT_AWD_36C24923F0067_3600_NNG15SD19B_8000
other,competed_one_bid,1,509441.31,Department of Veterans Affairs,"FOUR POINTS TECHNOLOGY, L.L.C.",DA10,2020-12-10,2026-06-30 00:00:00,FULL AND OPEN COMPETITION AFTER EXCLUSION OF SOURCES,,"DATA INNOVATIONS, SOFTWARE UPGRADE, MAINTENANCE AND SERVICE PROCURED UNDER NASA-SEWP V.",https://www.usaspending.gov/award/CONT_AWD_36C24721F0107_3600_NNG15SD22B_8000
document_processing,competed_one_bid,1,508799.25,Substance Abuse and Mental Health Services Administration,SOLE SOLUTIONS INC.,DA10,2024-09-19,2027-09-22 00:00:00,FULL AND OPEN COMPETITION,,"THIS REQUIREMENT IS THE STRATEGIC WORK INFORMATION AND FOLDER TRANSFER (SWIFT) CORRESPONDENCE SUPPORT, MAINTENANCE, AND ENHANCEMENT",https://www.usaspending.gov/award/CONT_AWD_75S20324F80009_7522_GS35F0117W_4730
other,competed_one_bid,1,507593.75,Department of Veterans Affairs,ALVAREZ LLC,DA10,2023-08-10,2028-08-08 00:00:00,FULL AND OPEN COMPETITION AFTER EXCLUSION OF SOURCES,,BLACKBOARD LICENSES,https://www.usaspending.gov/award/CONT_AWD_36C77623F0023_3600_NNG15SD19B_8000
infrastructure_ops,competed_one_bid,1,507524.52,National Institutes of Health,ZAYO GROUP LLC,DD01,2026-04-08,2027-04-09 00:00:00,FULL AND OPEN COMPETITION,,ZAYO (AMBIS #2275614) - NIAID/OCICB/OEB 12-MONTH FIBER OPTIC LEASE/MAINTENANCE FOR THE OFFICE OF CYBER INFRASTRUCTURE AND COMPUTATIONAL BIOLOGY. QUOTE: ZAYO BAN 12506 AND 11613 RENEWAL AND REINSTATEMENT. POP: 4/10/2026 - 4/9/2027.,https://www.usaspending.gov/award/CONT_AWD_75N98026F00081_7529_GS35F070CA_4732
analytics_reporting,competed_one_bid,1,506525.76,Food and Drug Administration,EQUINOXYS INC.,DF01,2026-07-17,2027-06-19 00:00:00,FULL AND OPEN COMPETITION,,"DATA ANALYTICS AS A SERVICE, SUPPORT AND MANAGEMENT (DAAAS)",https://www.usaspending.gov/award/CONT_AWD_75F40126F80094_7524_47QTCA25D007F_4732
other,competed_one_bid,1,503616.47,Department of Veterans Affairs,BANNING CONTRACTING SERVICES INC,D317,2019-05-10,2024-11-30 00:00:00,COMPETED UNDER SAP,,TV SERVICES FOR VAMC OKC OK (BASE YEAR),https://www.usaspending.gov/award/CONT_AWD_36C25919C0161_3600_-NONE-_-NONE-
other,competed_one_bid,1,502294.67,Department of Veterans Affairs,"THUNDERCAT TECHNOLOGY, LLC",DE01,2024-08-27,2029-11-30 00:00:00,FULL AND OPEN COMPETITION AFTER EXCLUSION OF SOURCES,,INCIDENT COMMAND CENTER VIDEO WALL SOLUTION,https://www.usaspending.gov/award/CONT_AWD_36C10B24F0293_3600_NNG15SD26B_8000
other,competed_one_bid,1,501710.0,Department of Veterans Affairs,METGREEN SOLUTIONS INC,D304,2020-06-24,2025-06-30 00:00:00,FULL AND OPEN COMPETITION AFTER EXCLUSION OF SOURCES,,SEWP SYNCSORT,https://www.usaspending.gov/award/CONT_AWD_36C10A20F0165_3600_NNG15SD87B_8000
other,competed_one_bid,1,499968.65,Food and Drug Administration,SAGACITY VENTURES LLC,DA01,2023-06-01,2025-07-29 00:00:00,FULL AND OPEN COMPETITION AFTER EXCLUSION OF SOURCES,,OPERATION AND MAINTENANCE OF ACCESS DATABASE FOR COMPLIANCE PROGRAMS,https://www.usaspending.gov/award/CONT_AWD_75F40123F80142_7524_47QTCB21D0429_4732
other,competed_one_bid,1,499458.63,National Institutes of Health,RESEARCH TRIANGLE INSTITUTE,DA01,2026-09-18,2027-09-20 00:00:00,FULL AND OPEN COMPETITION,,THIS FIRM FIXED PRICE DELIVER ORDER IS AWARDED FOR ECONOMIC AND HEALTHCARE IMPACT ANALYSIS OF NIH SBIR/STTR INITIATIVES.  RFQ#: RFQ1834547 PROPOSAL: 40003_38050_2888,https://www.usaspending.gov/award/CONT_AWD_75N98026F00361_7529_GS00F354CA_4732
infrastructure_ops,competed_one_bid,1,498256.0,Department of Veterans Affairs,LEARNING POOL INC.,DH10,2022-07-13,2027-06-28 00:00:00,COMPETED UNDER SAP,,MOOODLE HOSTING AND SUPPORT,https://www.usaspending.gov/award/CONT_AWD_36C77622P0114_3600_-NONE-_-NONE-
other,competed_one_bid,1,497853.11,Department of Veterans Affairs,"SIERRA7, INC.",DG11,2022-03-04,2027-06-20 00:00:00,FULL AND OPEN COMPETITION,,TELESITTER FIXED SOFTWARE/HARDWARE PACKAGE,https://www.usaspending.gov/award/CONT_AWD_36C25522F0032_3600_GS35F0834R_4730
other,competed_one_bid,1,495850.6,Centers for Disease Control and Prevention,AUROTECH LLC,D308,2019-06-26,2021-06-25 00:00:00,FULL AND OPEN COMPETITION AFTER EXCLUSION OF SOURCES,,EGRATIS MAINTENANCE SUPPORT VIA 8A STARS II GWAC,https://www.usaspending.gov/award/CONT_AWD_75D30119F04913_7523_GS06F0806Z_4732
other,competed_one_bid,1,495728.88,Food and Drug Administration,AET FEDERAL INC.,DA10,2026-09-16,2031-09-29 00:00:00,FULL AND OPEN COMPETITION,,IDEASCALE SOFTWARE,https://www.usaspending.gov/award/CONT_AWD_75F40126F80165_7524_GS35F693GA_4732
other,competed_one_bid,1,493717.06,National Institutes of Health,"DIGITAL INFUZION, LLC",D399,2020-05-27,2025-05-31 00:00:00,FULL AND OPEN COMPETITION AFTER EXCLUSION OF SOURCES,,ELECTRONIC TRAINING PROGRAM APPLICATION SYSTEM MAINTENANCE[20-000052],https://www.usaspending.gov/award/CONT_AWD_75N90020F00001_7529_HHSN316201200128W_7529
other,competed_one_bid,1,490928.08,Department of Veterans Affairs,"REDHAWK IT SOLUTIONS, LLC",DA10,2024-07-31,2026-04-25 00:00:00,FULL AND OPEN COMPETITION AFTER EXCLUSION OF SOURCES,,INFORMATICA SOFTWARE MAINTENANCE,https://www.usaspending.gov/award/CONT_AWD_36C10A24F0055_3600_NNG15SD38B_8000
other,competed_one_bid,1,489066.33,Department of Veterans Affairs,FEDSTORE CORPORATION,D304,2020-10-01,2026-03-31 00:00:00,FULL AND OPEN COMPETITION AFTER EXCLUSION OF SOURCES,,PAGERR MAINTENANCE BAY PINES VAMC,https://www.usaspending.gov/award/CONT_AWD_36C10A21F0007_3600_NNG15SD21B_8000
other,competed_one_bid,1,488252.12,Food and Drug Administration,"NEW TECH SOLUTIONS, INC.",DA10,2025-09-29,2027-09-29 00:00:00,FULL AND OPEN COMPETITION AFTER EXCLUSION OF SOURCES,,CBER TECHNICAL SOFTWARE LICENSES - GRP2,https://www.usaspending.gov/award/CONT_AWD_75F40125F80242_7524_NNG15SC82B_8000
other,competed_one_bid,1,486172.43,Department of Veterans Affairs,AGILERANK LLC,DA01,2023-12-18,2025-01-29 00:00:00,COMPETED UNDER SAP,,VISN 1 ENVIRONMENTAL MONITORING RTLS MAINTENANCE AND SUSTAINMENT BPA ORDER,https://www.usaspending.gov/award/CONT_AWD_36C24124N0240_3600_36C24123A0050_3600
portal_web,competed_one_bid,1,483586.0,Department of Veterans Affairs,EBSCO INDUSTRIES INC,DA10,2021-10-01,2025-09-30 00:00:00,FULL AND OPEN COMPETITION,,EBSCO CLINICAL ONLINE RESEARCH DATABASE SUBSCRIPTION,https://www.usaspending.gov/award/CONT_AWD_36C24622F0008_3600_47QSEA20D000C_4732
registry_surveillance,competed_one_bid,1,483255.38,Department of Veterans Affairs,"MINBURN TECHNOLOGY GROUP, LLC",DA10,2026-08-31,2031-09-14 00:00:00,FULL AND OPEN COMPETITION AFTER EXCLUSION OF SOURCES,,CLINICAL SURVEILLANCE,https://www.usaspending.gov/award/CONT_AWD_36C24726F0265_3600_NNG15SD34B_8000
other,competed_one_bid,1,482843.43,Department of Veterans Affairs,"MINBURN TECHNOLOGY GROUP, LLC",7021,2019-10-23,2024-09-30 00:00:00,FULL AND OPEN COMPETITION AFTER EXCLUSION OF SOURCES,,WRISTBAND PRINTERS,https://www.usaspending.gov/award/CONT_AWD_36C24820F0039_3600_NNG15SD34B_8000
other,competed_one_bid,1,479232.17,Indian Health Service,KAIVA CORPORATION,DG10,2023-05-31,2024-09-30 00:00:00,COMPETED UNDER SAP,,WIRELESS CONTROLLERS AND ACCESS POINT,https://www.usaspending.gov/award/CONT_AWD_75H71023P01243_7527_-NONE-_-NONE-
other,competed_one_bid,1,477327.89,Department of Veterans Affairs,"FOUR POINTS TECHNOLOGY, L.L.C.",D301,2019-12-31,2025-03-31 00:00:00,FULL AND OPEN COMPETITION AFTER EXCLUSION OF SOURCES,,PATIENT INSTRUCTIONS WITH E.TRACK AND VIDEO CONTENT LIBRARIES 675C00117,https://www.usaspending.gov/award/CONT_AWD_36C24820F0079_3600_NNG15SD22B_8000
other,competed_one_bid,1,476688.96,National Institutes of Health,"LUMEN TECHNOLOGIES GOVERNMENT SOLUTIONS, INC",DG10,2023-09-23,2026-09-25 00:00:00,FULL AND OPEN COMPETITION,,CIRCUITS,https://www.usaspending.gov/award/CONT_AWD_75N97023F00104_7529_47QTCA20D0077_4732
analytics_reporting,competed_one_bid,1,474999.02,Department of Veterans Affairs,BITSCOPIC INC,DA10,2025-10-01,2026-09-30 00:00:00,FULL AND OPEN COMPETITION,,PRAEDIGENE PRECISION ONCOLOGY MODULE-12 MONTH LICENSE & REPORTING,https://www.usaspending.gov/award/CONT_AWD_36C24826F0005_3600_GS35F362CA_4732
other,competed_one_bid,1,472668.84,Department of Veterans Affairs,"FOUR POINTS TECHNOLOGY, L.L.C.",DF10,2022-10-01,2023-09-30 00:00:00,FULL AND OPEN COMPETITION,,PYXIS MEDSTATION SUPPORT AND SERVICE,https://www.usaspending.gov/award/CONT_AWD_36C26123F0032_3600_HHSN316201500034W_7529
infrastructure_ops,competed_one_bid,1,471759.36,Department of Veterans Affairs,"V3GATE, LLC",DA10,2023-08-18,2025-08-17 00:00:00,FULL AND OPEN COMPETITION AFTER EXCLUSION OF SOURCES,,"BENEFITS INTEGRATION & ADMINISTRATION (BIA), BENEFITS ENTERPRISE PLATFORM (BEP) MIGRATION TO VAEC AWS GOVCLOUD FOR ORACLE TUXEDO ADVANCED PERFORMANCE PACK",https://www.usaspending.gov/award/CONT_AWD_36C10B23F0161_3600_NNG15SD27B_8000
other,competed_one_bid,1,470000.0,Defense Health Agency,BLUE TECH INC.,DA01,2024-09-04,2029-09-04 00:00:00,COMPETED UNDER SAP,,"VTC PREVENTIVE MAINT, NAVAL MEDICAL CENTER SAN DIEGO",https://www.usaspending.gov/award/CONT_AWD_HT941024P0236_9700_-NONE-_-NONE-
other,competed_one_bid,1,469258.18,Department of Veterans Affairs,METGREEN SOLUTIONS INC,D399,2019-09-30,2025-06-30 00:00:00,FULL AND OPEN COMPETITION AFTER EXCLUSION OF SOURCES,,SOFTWARE,https://www.usaspending.gov/award/CONT_AWD_36C10M19F0053_3600_NNG15SD37B_8000
other,competed_one_bid,1,466844.75,Department of Veterans Affairs,"V3GATE, LLC",DH01,2023-12-11,2027-02-19 00:00:00,FULL AND OPEN COMPETITION AFTER EXCLUSION OF SOURCES,,ORACLE SUPER CLUSTER,https://www.usaspending.gov/award/CONT_AWD_36C10B24F0027_3600_NNG15SD27B_8000
other,competed_one_bid,1,465642.08,Department of Veterans Affairs,"VLOGIC SYSTEMS, INC",DA10,2026-07-21,2027-09-25 00:00:00,COMPETED UNDER SAP,,ELECTRONIC DRAWINGS,https://www.usaspending.gov/award/CONT_AWD_36C24426N0921_3600_36C24422A0044_3600
other,competed_one_bid,1,465642.08,Department of Veterans Affairs,"VLOGIC SYSTEMS, INC",DA10,2025-09-15,2026-09-25 00:00:00,COMPETED UNDER SAP,,ELECTRONIC DRAWINGS,https://www.usaspending.gov/award/CONT_AWD_36C24425N1134_3600_36C24422A0044_3600
other,competed_one_bid,1,465642.0,Department of Veterans Affairs,"VLOGIC SYSTEMS, INC",DA10,2024-09-25,2025-09-25 00:00:00,COMPETED UNDER SAP,,ELECTRONIC DRAWINGS,https://www.usaspending.gov/award/CONT_AWD_36C24424N1115_3600_36C24422A0044_3600
other,competed_one_bid,1,464580.47,Department of Veterans Affairs,"THREE WIRE SYSTEMS, LLC",D322,2020-06-22,2025-06-21 00:00:00,FULL AND OPEN COMPETITION AFTER EXCLUSION OF SOURCES,,VETERANS GUEST INTERNET ACCESS (VGIA) AT THE RICHARD L. ROUDEBUSH VA MEDICAL CENTER (VAMC).,https://www.usaspending.gov/award/CONT_AWD_36C10A20F0199_3600_NNG15SD25B_8000
other,competed_one_bid,1,463235.27,Department of Veterans Affairs,"FOUR POINTS TECHNOLOGY, L.L.C.",DA10,2024-07-11,2029-08-31 00:00:00,FULL AND OPEN COMPETITION AFTER EXCLUSION OF SOURCES,,TRACKCORE SOFTWARE SUPPORT AND MAINTENANCE FOR VISN 20 (SIX LOCATIONS),https://www.usaspending.gov/award/CONT_AWD_36C26024F0489_3600_NNG15SD22B_8000
other,competed_one_bid,1,463218.17,Department of Veterans Affairs,"MINBURN TECHNOLOGY GROUP, LLC",DA01,2025-09-02,2027-09-20 00:00:00,FULL AND OPEN COMPETITION AFTER EXCLUSION OF SOURCES,,PERIOP SW MAINTENANCE,https://www.usaspending.gov/award/CONT_AWD_36C10B25F0210_3600_NNG15SD34B_8000
other,competed_one_bid,1,461004.04,Department of Veterans Affairs,ALVAREZ LLC,D399,2019-09-12,2024-06-25 00:00:00,FULL AND OPEN COMPETITION AFTER EXCLUSION OF SOURCES,,CDI LICENSE/UPGRADE,https://www.usaspending.gov/award/CONT_AWD_36C24719F0594_3600_NNG15SD19B_8000
other,competed_one_bid,1,460932.0,Department of Veterans Affairs,"VELOCITY APPLICATIONS, LLC",DA10,2025-03-27,2026-09-29 00:00:00,COMPETED UNDER SAP,,VAULTARA LICENSING AND MAINTENANCE SUPPORT,https://www.usaspending.gov/award/CONT_AWD_36C26025P0591_3600_-NONE-_-NONE-
other,competed_one_bid,1,460863.54,Department of Veterans Affairs,"FOUR POINTS TECHNOLOGY, L.L.C.",DA10,2024-06-04,2029-09-10 00:00:00,FULL AND OPEN COMPETITION AFTER EXCLUSION OF SOURCES,,SOFTWARE MAINTENANCE AGREEMENT,https://www.usaspending.gov/award/CONT_AWD_36C24724F0439_3600_NNG15SD22B_8000
other,competed_one_bid,1,451336.34,Department of Veterans Affairs,PAYTON MERGER SUB II LLC,DA10,2024-11-05,2029-11-08 00:00:00,FULL AND OPEN COMPETITION,,PRESCRIPTION NOTIFICATION SOFTWARE,https://www.usaspending.gov/award/CONT_AWD_36C24225F0024_3600_47QTCA22D00CM_4732
other,competed_one_bid,1,451008.08,Department of Veterans Affairs,"GRANITE TELECOMMUNICATIONS, LLC",DG11,2021-05-17,2026-10-31 00:00:00,FULL AND OPEN COMPETITION,,NLEC-NG TO 15,https://www.usaspending.gov/award/CONT_AWD_36C10B21N0003GRAN_3600_36C10B20D0031_3600
infrastructure_ops,competed_one_bid,1,451005.0,Food and Drug Administration,AUROTECH LLC,DF01,2024-12-30,2026-09-30 00:00:00,FULL AND OPEN COMPETITION,,FEDERAL INFORMATION SECURITY MODERNIZATION ACT (FISMA) SUPPORT SERVICES,https://www.usaspending.gov/award/CONT_AWD_75F40125F80020_7524_47QSMA19D08R6_4732
other,competed_one_bid,1,450308.29,Department of Veterans Affairs,CYNERGY PROFESSIONAL SYSTEMS LLC,D399,2019-10-01,2024-09-30 00:00:00,FULL AND OPEN COMPETITION AFTER EXCLUSION OF SOURCES,,SOFTWARE MAINTENANCE AND SUPPORT ON LYNX SOFTWARE,https://www.usaspending.gov/award/CONT_AWD_36C24920F0028_3600_NNG15SD20B_8000
other,competed_one_bid,1,450257.04,Office of the Assistant Secretary for Financial Resources,CARAHSOFT TECHNOLOGY CORP,DA01,2022-09-08,2026-09-15 00:00:00,FULL AND OPEN COMPETITION,,SOCIAL MEDIA MONITORING PLATFORM SUBSCRIPTION,https://www.usaspending.gov/award/CONT_AWD_75F40122F80302_7524_GS35F0119Y_4732
other,competed_one_bid,1,448709.43,Food and Drug Administration,BISWAS INFORMATION TECHNOLOGY SOLUTIONS INC,D308,2020-08-05,2021-04-25 00:00:00,FULL AND OPEN COMPETITION AFTER EXCLUSION OF SOURCES,,ANIMAL DRUG AND MANUFACTURING SYSTEM - ADMS,https://www.usaspending.gov/award/CONT_AWD_75F40120F80403_7524_75N98119D00090_7529
other,competed_one_bid,1,446851.66,Department of Veterans Affairs,"V3GATE, LLC",DA10,2025-08-15,2026-09-25 00:00:00,FULL AND OPEN COMPETITION AFTER EXCLUSION OF SOURCES,,VISN 10 POWERSCRIBE MAINTENANCE AND SUPPORT CONTRACT,https://www.usaspending.gov/award/CONT_AWD_36C10B25F0192_3600_NNG15SD27B_8000
document_processing,competed_one_bid,1,446501.33,National Institutes of Health,STERLING COMPUTERS CORPORATION,7050,2020-09-15,2025-08-31 00:00:00,FULL AND OPEN COMPETITION,,DOCUMENTUM SOFTWARE AND SUPPORT SERVICES,https://www.usaspending.gov/award/CONT_AWD_75N97020F00018_7529_HHSN316201500043W_7529
other,competed_one_bid,1,446280.8,Office of the Assistant Secretary for Financial Resources,PITCHBOOK DATA INC,DA10,2024-07-23,2027-07-22 00:00:00,COMPETED UNDER SAP,,"PITCHBOOK DATA, INC.:1281696 [24-000153]",https://www.usaspending.gov/award/CONT_AWD_75N98024P02380_7529_-NONE-_-NONE-
infrastructure_ops,competed_one_bid,1,440639.44,Department of Veterans Affairs,COLOSSAL CONTRACTING LLC,DA10,2025-03-31,2027-03-31 00:00:00,FULL AND OPEN COMPETITION AFTER EXCLUSION OF SOURCES,,CRADLEPOINT NETCLOUD LICENSES,https://www.usaspending.gov/award/CONT_AWD_36C10B25F0088_3600_NNG15SD72B_8000
other,competed_one_bid,1,440596.71,National Institutes of Health,SWISH DATA CORPORATION,DD01,2024-08-06,2025-01-31 00:00:00,FULL AND OPEN COMPETITION,,SUPPORT AND MAINTENANCE RENEWAL FOR NETAPP HARDWARE AND SOFTWARE,https://www.usaspending.gov/award/CONT_AWD_75N91024F00003_7529_HHSN316201500049W_7529
infrastructure_ops,competed_one_bid,1,436229.1,Office of the Assistant Secretary for Administration,"TIC SECURITY, LLC",D306,2018-09-26,2019-09-30 00:00:00,FULL AND OPEN COMPETITION AFTER EXCLUSION OF SOURCES,,ENTERPRISE ARCHITECTURE SERVICENOW MIGRATION TECHNICAL SUPPORT,https://www.usaspending.gov/award/CONT_AWD_75P00118F00256_7570_GS00Q17GWD2101_4732
other,competed_one_bid,1,436156.34,Department of Veterans Affairs,CHARTER COMMUNICATIONS HOLDINGS LLC,D317,2018-07-16,2023-07-31 00:00:00,COMPETED UNDER SAP,,IGF::OT::IGF:: CABLE SERVICES,https://www.usaspending.gov/award/CONT_AWD_36C24818P5016_3600_-NONE-_-NONE-
other,competed_one_bid,1,435003.12,Food and Drug Administration,IQVIA GOVERNMENT SOLUTIONS INC,DA01,2022-09-28,2023-09-28 00:00:00,FULL AND OPEN COMPETITION,,FDA LINGUAMATICS I2E NATURAL LANGUAGE PROCESSING (NLP) PLATFORM SOFTWARE,https://www.usaspending.gov/award/CONT_AWD_75F40122F80470_7524_HHSN316201500008W_7529
other,competed_one_bid,1,434355.48,Department of Veterans Affairs,"FOUR POINTS TECHNOLOGY, L.L.C.",DG01,2025-07-25,2026-01-23 00:00:00,FULL AND OPEN COMPETITION AFTER EXCLUSION OF SOURCES,,PHILIPS XPER UPGRADE,https://www.usaspending.gov/award/CONT_AWD_36C25725F0109_3600_NNG15SD22B_8000
other,competed_one_bid,1,433198.4,Department of Veterans Affairs,"FOUR POINTS TECHNOLOGY, L.L.C.",DA10,2024-08-06,2025-08-05 00:00:00,FULL AND OPEN COMPETITION AFTER EXCLUSION OF SOURCES,,"ENVIRONMENTAL, OCCUPATIONAL SAFETY, AND HEALTH (EOSH) SOFTWARE AS A SERVICE (SAAS) PROOF OF CONCEPT.",https://www.usaspending.gov/award/CONT_AWD_36C10B24F0262_3600_NNG15SD22B_8000
document_processing,competed_one_bid,1,432675.0,Office of the Assistant Secretary for Financial Resources,LORENZ INTERNATIONAL LLC,DA10,2026-09-22,2031-09-29 00:00:00,COMPETED UNDER SAP,,THE ELECTRONIC COMMON TECHNICAL DOCUMENT (ECTD) LORENZ DOCUBRIDGE SOFTWARE SYSTEM ENSURES COMPLIANCE WITH THE INTERNATIONAL COUNCIL FOR HARMONISATION OF TECHNICAL REQUIREMENTS FOR PHARMACEUTICALS FOR HUMAN USE (ICH) INTEGRATED ADDENDUM TO ICH E6(R1):,https://www.usaspending.gov/award/CONT_AWD_7571TE26P00149_7571_-NONE-_-NONE-
scheduling_referral_community_care,competed_one_bid,1,431294.04,Department of Veterans Affairs,BLUE TECH INC.,DA10,2025-08-28,2028-08-31 00:00:00,FULL AND OPEN COMPETITION AFTER EXCLUSION OF SOURCES,,"V23 CONSULT TRACKING MANAGER PLUS (CTM+) SOFTWARE, SUBSCRIPTION, MAINTENANCE SUPPORT AND TRAINING",https://www.usaspending.gov/award/CONT_AWD_36C10B25F0222_3600_NNG15SD00B_8000
other,competed_one_bid,1,429723.48,Department of Veterans Affairs,"MINBURN TECHNOLOGY GROUP, LLC",DA01,2025-06-25,2026-06-30 00:00:00,FULL AND OPEN COMPETITION AFTER EXCLUSION OF SOURCES,,PERIOP MANAGER SYSTEM FOR VA PUGET SOUND HEALTHCARE SYSTEM,https://www.usaspending.gov/award/CONT_AWD_36C26025F0302_3600_NNG15SD34B_8000
other,competed_one_bid,1,415202.41,Office of the Assistant Secretary for Financial Resources,CARAHSOFT TECHNOLOGY CORP,DA10,2023-09-20,2026-09-29 00:00:00,FULL AND OPEN COMPETITION,,OKTA MULTI-FACTOR AUTHENTICATION LICENSE SUBSCRIPTION,https://www.usaspending.gov/award/CONT_AWD_75S20323F80010_7522_47QSWA18D008F_4732
other,competed_one_bid,1,414198.2,Office of the Assistant Secretary for Administration,NATIONWIDE IT SERVICES INC,DF01,2020-12-03,2021-12-06 00:00:00,FULL AND OPEN COMPETITION AFTER EXCLUSION OF SOURCES,,"ELECTRONIC CASE ADJUDICATION AND PROCESSING ENVIRONMENT (ECAPE)- EXECUTIVE SUBJECT MATTER EXPERT SUPPORT  CONTRACTING OFFICER: FOR ANY QUESTIONS REGARDING THIS CONTRACT PLEASE CONTACT THE CONTRACTING OFFICER, DAVID MORGAN AT 301.492.4655 OR DAVID.M",https://www.usaspending.gov/award/CONT_AWD_75P00121F80015_7570_GS00Q17GWD2158_4732
other,competed_one_bid,1,411315.0,Department of Veterans Affairs,PACIFIC DATA SYSTEMS,DG11,2021-09-28,2026-09-28 00:00:00,FULL AND OPEN COMPETITION,,ETHERNET DATA SERVICES BETWEEN THE              SAIPAN AND GUAM CBOCS FROM VA PACIFIC               ISLANDS HEALTH CARE SYSTEM (HCS).               BASE PLUS FOUR 12-MONTH OPTIONS.,https://www.usaspending.gov/award/CONT_AWD_36C10B21C0046_3600_-NONE-_-NONE-
registry_surveillance,competed_one_bid,1,410665.23,Defense Health Agency,"SPECPRO MANAGEMENT SERVICES, LLC",DA01,2024-03-01,2024-08-31 00:00:00,FULL AND OPEN COMPETITION,,HEALTH SERVICES SUPPORT (HSS) AEROMEDICAL SERVICES INFORMATION MANAGEMENT SYSTEM (ASIMS)-PATIENT QUEUING AND NOTIFICATION SYSTEM (PQNS)-DOD CANCER REGISTRY (DOD CR),https://www.usaspending.gov/award/CONT_AWD_HT001124F0012_9700_47QRAA19D007P_4732
other,competed_one_bid,1,410174.06,Office of Assistant Secretary for Preparedness and Response,CARAHSOFT TECHNOLOGY CORP,DA10,2023-09-24,2025-09-28 00:00:00,FULL AND OPEN COMPETITION,,SALESFORCE LICENSE,https://www.usaspending.gov/award/CONT_AWD_75A50223F80020_7505_47QSWA18D008F_4732
document_processing,competed_one_bid,1,408895.71,Department of Veterans Affairs,"MINBURN TECHNOLOGY GROUP, LLC",DA10,2025-10-01,2027-09-30 00:00:00,FULL AND OPEN COMPETITION AFTER EXCLUSION OF SOURCES,,DOCUMENT STORAGE SYSTEM (DSS) VISTA CHEMOTHERAPY MANAGER,https://www.usaspending.gov/award/CONT_AWD_36C10B26F0008_3600_NNG15SD34B_8000
other,competed_one_bid,1,408853.83,Department of Veterans Affairs,ALVAREZ LLC,DE01,2025-10-01,2030-09-30 00:00:00,FULL AND OPEN COMPETITION AFTER EXCLUSION OF SOURCES,,VOCERA AND ENGAGE,https://www.usaspending.gov/award/CONT_AWD_36C24826F0009_3600_NNG15SD19B_8000
other,competed_one_bid,1,408064.46,Office of the Assistant Secretary for Financial Resources,CARAHSOFT TECHNOLOGY CORP,DA10,2026-05-04,2027-05-03 00:00:00,FULL AND OPEN COMPETITION,,THIS PROJECT AIMS TO UTILIZE THE COTS INSTALLER FOR SAFE CLASSIC LATEST VERSION IN THE HHS UAT AND PRODUCTION ENVIRONMENTS. BASE,https://www.usaspending.gov/award/CONT_AWD_7571MN26F80031_7571_NNG15SC03B_8000
infrastructure_ops,competed_one_bid,1,407639.0,Department of Veterans Affairs,EPOCH CONCEPTS LLC,DA10,2025-09-02,2026-07-31 00:00:00,FULL AND OPEN COMPETITION AFTER EXCLUSION OF SOURCES,,NUTANIX VIRTUAL SERVER,https://www.usaspending.gov/award/CONT_AWD_36C26225F0544_3600_NNG15SD30B_8000
other,competed_one_bid,1,407560.0,Department of Veterans Affairs,"CRESTPOINT SOLUTIONS, INC.",DA01,2025-07-30,2028-03-30 00:00:00,COMPETED UNDER SAP,,EMERGENCY MANAGEMENT SOFTWARE LICENSE WITH MAINTENANCE,https://www.usaspending.gov/award/CONT_AWD_36C10B25C0028_3600_-NONE-_-NONE-
other,competed_one_bid,1,407527.04,Indian Health Service,"CHENEGA GOVERNMENT MISSION SOLUTIONS, LLC",DA01,2026-09-23,2031-09-30 00:00:00,FULL AND OPEN COMPETITION,,OIT CLINICAL DATA MART OPERATIONS AND MAINTENANCE (CDM),https://www.usaspending.gov/award/CONT_AWD_75H70426F80017_7527_47QRAA25D00E5_4732
other,competed_one_bid,1,403800.32,Department of Veterans Affairs,"FOUR POINTS TECHNOLOGY, L.L.C.",DD01,2023-08-21,2024-06-07 00:00:00,FULL AND OPEN COMPETITION,,BD PYXIS AUTOMATED MEDICATION MANAGEMENT SYSTEM,https://www.usaspending.gov/award/CONT_AWD_36C25923F0422_3600_HHSN316201500034W_7529
other,competed_one_bid,1,402607.69,Centers for Disease Control and Prevention,"CHICKASAW STRATEGIC POINTE, LLC",DA01,2024-07-31,2027-03-27 00:00:00,FULL AND OPEN COMPETITION AFTER EXCLUSION OF SOURCES,,NCEZID AR ISOLATE BANK SUPPORT,https://www.usaspending.gov/award/CONT_AWD_75D30124F19372_7523_47QTCB21D0026_4732
other,competed_one_bid,1,399961.26,Department of Veterans Affairs,"FOUR POINTS TECHNOLOGY, L.L.C.",DA10,2025-02-27,2030-02-28 00:00:00,FULL AND OPEN COMPETITION AFTER EXCLUSION OF SOURCES,,DATA INNOVATIONS LICENSES,https://www.usaspending.gov/award/CONT_AWD_36C10B25F0069_3600_NNG15SD22B_8000
scheduling_referral_community_care,competed_one_bid,1,399160.0,Department of Veterans Affairs,ACUSTAF DEVELOPMENT CORP,DA10,2021-02-25,2026-04-30 00:00:00,FULL AND OPEN COMPETITION,,NURSE STAFF SCHEDULING SYSTEM & IMPLEMENTATION SOFTWARE SERVICE 100% VOSB SET-ASIDE,https://www.usaspending.gov/award/CONT_AWD_36C24521F0249_3600_GS35F0408X_4732
other,competed_one_bid,1,398449.93,Defense Health Agency,FEDSTORE CORPORATION,DA01,2023-07-29,2028-08-31 00:00:00,FULL AND OPEN COMPETITION AFTER EXCLUSION OF SOURCES,,PRINTERS PURCHASE AND ANNUAL SUPPORT FOR USAF ACADEMY.,https://www.usaspending.gov/award/CONT_AWD_HT001123F0044_9700_NNG15SD21B_8000
other,competed_one_bid,1,395817.7,Department of Veterans Affairs,PEGASUS RADIO CORP,DE11,2023-04-27,2028-04-30 00:00:00,FULL AND OPEN COMPETITION,,WAVE 2 WAY RADIO SUBSCRIPTION SERVICE,https://www.usaspending.gov/award/CONT_AWD_36C24523C0090_3600_-NONE-_-NONE-
other,competed_one_bid,1,393062.91,Department of Veterans Affairs,FEDSTORE CORPORATION,DA10,2021-04-09,2024-04-10 00:00:00,FULL AND OPEN COMPETITION AFTER EXCLUSION OF SOURCES,,WEB TEXT SERVICES,https://www.usaspending.gov/award/CONT_AWD_36C10B21F0107_3600_NNG15SD21B_8000
other,competed_one_bid,1,391279.32,Defense Health Agency,FEDSTORE CORPORATION,DA01,2023-07-29,2029-02-28 00:00:00,FULL AND OPEN COMPETITION AFTER EXCLUSION OF SOURCES,,PRINTERS AND SUPPORT FOR REYNOLDS ARMY COMMUNITY HOSPITAL (RACH).,https://www.usaspending.gov/award/CONT_AWD_HT001123F0049_9700_NNG15SD21B_8000
other,competed_one_bid,1,383687.66,Department of Veterans Affairs,"VLOGIC SYSTEMS, INC",DA10,2022-09-30,2024-02-29 00:00:00,COMPETED UNDER SAP,,ELECTRONIC DRAWINGS - PHILADELPHIA VAMC,https://www.usaspending.gov/award/CONT_AWD_36C24422N1129_3600_36C24422A0044_3600
other,competed_one_bid,1,380188.93,Centers for Disease Control and Prevention,"CASK TECHNOLOGIES, LLC",DF01,2021-04-30,2021-11-29 00:00:00,FULL AND OPEN COMPETITION AFTER EXCLUSION OF SOURCES,,OCIO SERVICENOW SUPPORT SERVICES,https://www.usaspending.gov/award/CONT_AWD_75D30121F10942_7523_GS06F1015Z_4732
other,competed_one_bid,1,377750.0,Defense Health Agency,INFO-TECH RESEARCH GROUP INC,DA01,2025-09-23,2030-09-29 00:00:00,COMPETED UNDER SAP,,INFOTECH COUNSELOR AND EXECUTIVE COUNSELOR MEMBERSHIPS.,https://www.usaspending.gov/award/CONT_AWD_HT001425FE021_9700_N6600123A0053_9700
other,competed_one_bid,1,375688.29,Department of Veterans Affairs,"FOUR POINTS TECHNOLOGY, L.L.C.",DA10,2026-09-18,2027-09-20 00:00:00,FULL AND OPEN COMPETITION,,BD PYXIS IV PREP EO 14398,https://www.usaspending.gov/award/CONT_AWD_36C25626F0203_3600_HHSN316201500034W_7529
other,competed_one_bid,1,372474.43,Office of the Assistant Secretary for Financial Resources,"NEW TECH SOLUTIONS, INC.",DA10,2026-02-27,2027-02-27 00:00:00,FULL AND OPEN COMPETITION,,JIRA PLUGINS CONFLUENCE DATACENTER,https://www.usaspending.gov/award/CONT_AWD_7571TE26F80014_7571_HHSN316201500040W_7529
other,competed_one_bid,1,371698.15,Department of Veterans Affairs,"STANECKI, INC",D399,2020-04-21,2025-06-30 00:00:00,FULL AND OPEN COMPETITION AFTER EXCLUSION OF SOURCES,,SERVICE CONTRACT FOR DISHNET SERVICES,https://www.usaspending.gov/award/CONT_AWD_36C25720C0076_3600_-NONE-_-NONE-
other,competed_one_bid,1,370183.49,Department of Veterans Affairs,ALLBRIDGE LLC,D399,2020-03-31,2024-09-30 00:00:00,FULL AND OPEN COMPETITION,,DIRECTV SERVICES,https://www.usaspending.gov/award/CONT_AWD_36C24720F0315_3600_GS35F0449X_4732
other,competed_one_bid,1,369600.38,Department of Veterans Affairs,ALVAREZ LLC,DA01,2026-02-06,2029-01-16 00:00:00,FULL AND OPEN COMPETITION AFTER EXCLUSION OF SOURCES,,VOCERA MAINTENANCE AND PREMIUM SUPPORT,https://www.usaspending.gov/award/CONT_AWD_36C10B26F0076_3600_NNG15SD19B_8000
infrastructure_ops,competed_one_bid,1,369527.32,National Institutes of Health,"GOVPLACE, LLC",7050,2019-09-06,2024-04-29 00:00:00,FULL AND OPEN COMPETITION,,AMAZON WEB SERVICES INFRASTRUCTURE X1 1 YEAR ALL UPFRONT RESERVED,https://www.usaspending.gov/award/CONT_AWD_75N98019F00848_7529_HHSN316201500056W_7529
other,competed_one_bid,1,367466.4,National Institutes of Health,CROWN CASTLE FIBER LLC,DK01,2023-03-02,2026-02-28 00:00:00,FULL AND OPEN COMPETITION,,DARK FIBER SUPPORT,https://www.usaspending.gov/award/CONT_AWD_75N97023F00032_7529_GS35F465DA_4732
other,competed_one_bid,1,365784.0,Defense Health Agency,"ABBOTT RAPID DIAGNOSTICS INFORMATICS, INC",DA10,2024-01-22,2029-01-21 00:00:00,COMPETED UNDER SAP,,POINT OF CARE SOFTWARE SYSTEM AND MAINTENANCE IN SUPPORT OF NAVAL MEDICAL CENTER PORTSMOUTH AND LANGLEY AIR FORCE BASE,https://www.usaspending.gov/award/CONT_AWD_HT940624P0030_9700_-NONE-_-NONE-
other,competed_one_bid,1,362401.57,National Institutes of Health,"INFORMATION MANAGEMENT SERVICES, INC.",D308,2019-09-11,2022-09-15 00:00:00,COMPETED UNDER SAP,,TRANSFORMATION OF XML STRUCTURED CLINICAL DATA INTO JSON FORMAT,https://www.usaspending.gov/award/CONT_AWD_75N91019F00133_7529_HHSN261201500002B_7529
document_processing,competed_one_bid,1,359884.33,Substance Abuse and Mental Health Services Administration,SOLE SOLUTIONS INC.,DA10,2024-09-19,2027-09-22 00:00:00,FULL AND OPEN COMPETITION,,THIS REQUIREMENT IS FOR THE STRATEGIC WORK INFORMATION AND FOLDER TRANSFER (SWIFT) SUPPORT & MAINTENANCE OF THE FREEDOM OF INFORMATION ACT (FOIA). SWIFT FOIA.,https://www.usaspending.gov/award/CONT_AWD_75S20324F80010_7522_GS35F0117W_4730
scheduling_referral_community_care,competed_one_bid,1,359174.84,Department of Veterans Affairs,"GOVERNMENT MARKETING AND PROCUREMENT, LLC",DA10,2026-05-26,2031-06-30 00:00:00,FULL AND OPEN COMPETITION,,QGENDA CLINICIAN SCHEDULING SYSTEM (FEDRAMP) B+4OYS,https://www.usaspending.gov/award/CONT_AWD_36C26226F0273_3600_GS07F187GA_4732
other,competed_one_bid,1,354835.8,Department of Veterans Affairs,"FOUR POINTS TECHNOLOGY, L.L.C.",DA10,2021-09-12,2026-09-12 00:00:00,FULL AND OPEN COMPETITION,,BD PXIS IV PREP,https://www.usaspending.gov/award/CONT_AWD_36C24821F0402_3600_HHSN316201500034W_7529
other,competed_one_bid,1,353839.53,Department of Veterans Affairs,ALVAREZ LLC,DA01,2024-06-18,2028-06-19 00:00:00,FULL AND OPEN COMPETITION AFTER EXCLUSION OF SOURCES,,PENTAHO DATA INTEGRATION PREMIUM ENTERPRISE EDITION FOR INBOUND ERX,https://www.usaspending.gov/award/CONT_AWD_36C10B24F0183_3600_NNG15SD19B_8000
other,competed_one_bid,1,353754.12,Department of Veterans Affairs,ALVAREZ LLC,DA10,2025-01-29,2030-02-06 00:00:00,FULL AND OPEN COMPETITION AFTER EXCLUSION OF SOURCES,,HYLAND ACUO TEMPORAL GATEWAY LICENSES AND MAINTENANCE,https://www.usaspending.gov/award/CONT_AWD_36C10B25F0062_3600_NNG15SD19B_8000
other,competed_one_bid,1,352711.23,Department of Veterans Affairs,"FOUR POINTS TECHNOLOGY, L.L.C.",DA10,2023-09-20,2027-09-30 00:00:00,FULL AND OPEN COMPETITION AFTER EXCLUSION OF SOURCES,,SES SUPPORT,https://www.usaspending.gov/award/CONT_AWD_36C25623F0310_3600_NNG15SD22B_8000
other,competed_one_bid,1,351665.01,Office of the Assistant Secretary for Administration,COLOSSAL CONTRACTING LLC,D399,2020-03-31,2021-04-05 00:00:00,FULL AND OPEN COMPETITION AFTER EXCLUSION OF SOURCES,,PALO ALTO GLOBAL PROTECT/WILDFIRE MAINTENANCE,https://www.usaspending.gov/award/CONT_AWD_75P00120F80072_7570_NNG15SD72B_8000
other,competed_one_bid,1,350806.55,Department of Veterans Affairs,"REDHAWK IT SOLUTIONS, LLC",D399,2019-09-06,2024-09-05 00:00:00,FULL AND OPEN COMPETITION AFTER EXCLUSION OF SOURCES,,FFP TO FOR HARDWARE AND SOFTWARE MAINTENANCE SUPPORT FOR IBM PRODUCTS.,https://www.usaspending.gov/award/CONT_AWD_36C10B19F0406_3600_NNG15SD38B_8000
scheduling_referral_community_care,competed_one_bid,1,350496.06,Department of Veterans Affairs,ACUSTAF DEVELOPMENT CORP,DA10,2024-01-11,2027-04-27 00:00:00,FULL AND OPEN COMPETITION,,STAFF SCHEDULING/LABOR MANAGEMENT SYSTEM,https://www.usaspending.gov/award/CONT_AWD_36C25724F0056_3600_GS35F0408X_4732
other,competed_one_bid,1,350360.1,National Institutes of Health,"WEBFIRST, LLC",D306,2019-07-26,2021-04-30 00:00:00,FULL AND OPEN COMPETITION AFTER EXCLUSION OF SOURCES,,SENIOR DATA MANAGER 8A STARS II,https://www.usaspending.gov/award/CONT_AWD_75N95019F00174_7529_GS06F0801Z_4732
other,competed_one_bid,1,347136.27,Department of Veterans Affairs,ONEVUE CONSULTING LLC,DG11,2021-09-20,2026-09-20 00:00:00,COMPETED UNDER SAP,,REQUIREMENT IS FOR NEW ANTENNAS AND DOCKING STATIONS FOR FIVE LOCATIONS ACROSS THE US.,https://www.usaspending.gov/award/CONT_AWD_36C10X21P0139_3600_-NONE-_-NONE-
other,competed_one_bid,1,344201.21,Office of the Assistant Secretary for Administration,"ECS FEDERAL, LLC",D304,2019-05-02,2022-05-07 00:00:00,FULL AND OPEN COMPETITION,,THE PURPOSE OF THIS AWARD IS FOR OFFICE 365 INTEGRATION SUPPORT,https://www.usaspending.gov/award/CONT_AWD_75P00119F80072_7570_GS35F0273L_4730
other,competed_one_bid,1,342101.0,Food and Drug Administration,CLARIVATE ANALYTICS (US) LLC,D399,2014-06-05,2016-12-31 00:00:00,COMPETED UNDER SAP,,IGF::OT::IGF ANNUAL SITE LICENSES FOR SCIENTIFIC DATABASES WEB OF SCIENCE AND WEB OF KNOWLEDGE.,https://www.usaspending.gov/award/CONT_AWD_HHSF223201400156A_7524_-NONE-_-NONE-
other,competed_one_bid,1,338491.15,Office of the Assistant Secretary for Financial Resources,"AUGUST SCHELL ENTERPRISES, INC.",DA10,2023-09-30,2028-09-29 00:00:00,FULL AND OPEN COMPETITION AFTER EXCLUSION OF SOURCES,,ZEROFOX SOCIAL MEDIA BRAND INTELLIGENCE SOFTWARE,https://www.usaspending.gov/award/CONT_AWD_75ACF123F80067_7590_NNG15SD80B_8000
other,competed_one_bid,1,336096.0,Department of Veterans Affairs,LIBERTY COMMUNICATIONS OF PUERTO RICO LLC,DG11,2024-07-01,2029-06-30 00:00:00,COMPETED UNDER SAP,,CALE TV AND INTERNET SERVICES AT VACHS,https://www.usaspending.gov/award/CONT_AWD_36C24824P1679_3600_-NONE-_-NONE-
other,competed_one_bid,1,333879.85,Department of Veterans Affairs,"FEITH SYSTEMS & SOFTWARE, INC",DA10,2022-11-17,2024-11-16 00:00:00,FULL AND OPEN COMPETITION AFTER EXCLUSION OF SOURCES,,SOFTWARE MAINTENANCE FOR THE FOLLOWING FEITH SOFTWARE PRODUCTS,https://www.usaspending.gov/award/CONT_AWD_36C10B23C0003_3600_-NONE-_-NONE-
other,competed_one_bid,1,331505.15,National Institutes of Health,"DSFEDERAL, INC",DA01,2022-09-19,2026-09-18 00:00:00,FULL AND OPEN COMPETITION AFTER EXCLUSION OF SOURCES,,NIH WIDE BID BOARD,https://www.usaspending.gov/award/CONT_AWD_75N98022F00001_7529_75N98120D00140_7529
other,competed_one_bid,1,329960.77,Centers for Disease Control and Prevention,IQVIA GOVERNMENT SOLUTIONS INC,DA01,2022-09-09,2025-09-06 00:00:00,FULL AND OPEN COMPETITION,,SMARTSOLVE MAINTENANCE SUPPORT FOR OLSS,https://www.usaspending.gov/award/CONT_AWD_75D30122F15271_7523_HHSN316201500008W_7529
grants_contracts_admin,competed_one_bid,1,328027.44,National Institutes of Health,"NETCOMM, INC.",DA10,2024-04-08,2027-03-15 00:00:00,FULL AND OPEN COMPETITION,,TO RENEW THE BEACON CLOUD FEDRAMP SOFTWARE LICENSES FOR THE NIGMS HR/TRAVEL AND FINANCE MANAGEMENT SOFTWARE MODULES THAT ARE USED BY THE NIGMS ADMIN AND BUDGET TO MANAGE TRAVEL AND THE RMS BUDGET. BASE YEAR P.O.P: 3/16/24 - 3/15/25.,https://www.usaspending.gov/award/CONT_AWD_75N98024F00123_7529_GS35F0564P_4730
other,competed_one_bid,1,327358.76,National Institutes of Health,WOODBOURNE SOLUTIONS INCORPORATED,DA01,2023-09-27,2024-09-28 00:00:00,FULL AND OPEN COMPETITION,,NICHD SERVICES: FIC APPLICATION DEVELOPMENT,https://www.usaspending.gov/award/CONT_AWD_75N94023F00172_7529_GS35F0482U_4730
other,competed_one_bid,1,326396.96,Department of Veterans Affairs,ACUSTAF DEVELOPMENT CORP,DA10,2023-04-26,2028-04-30 00:00:00,FULL AND OPEN COMPETITION,,LABOR MANAGEMENT SOFTWARE,https://www.usaspending.gov/award/CONT_AWD_36C25723F0074_3600_GS35F0408X_4732
document_processing,competed_one_bid,1,325457.09,Department of Veterans Affairs,"MINBURN TECHNOLOGY GROUP, LLC",DA10,2026-08-17,2028-08-16 00:00:00,FULL AND OPEN COMPETITION AFTER EXCLUSION OF SOURCES,,DOCUMENT STORAGE SYSTEM PERIOPERATIVE MANAGER SUITE,https://www.usaspending.gov/award/CONT_AWD_36C10B26F0307_3600_NNG15SD34B_8000
other,competed_one_bid,1,324555.44,Office of the Assistant Secretary for Administration,"OPEN TEXT PUBLIC SECTOR SOLUTIONS, INC",D302,2019-02-28,2019-06-30 00:00:00,FULL AND OPEN COMPETITION,,PIMS - BPA TASK ORDER  8 (HHSP233201500046B),https://www.usaspending.gov/award/CONT_AWD_75P00119F37008_7570_HHSP233201500046B_7555
grants_contracts_admin,competed_one_bid,1,323750.0,Department of Veterans Affairs,"PLAN 4 HEALTHCARE, LLC",DA10,2024-10-01,2026-08-31 00:00:00,COMPETED UNDER SAP,,4CAST BUDGETING SOFTWARE,https://www.usaspending.gov/award/CONT_AWD_36C24525N0054_3600_36C24521A0054_3600
other,competed_one_bid,1,322744.8,Department of Veterans Affairs,DATA INNOVATIONS LLC,DH01,2025-03-28,2026-03-31 00:00:00,COMPETED UNDER SAP,,VISN 22 TASK ORDER FOR INSTRUMENT MANAGER M&S,https://www.usaspending.gov/award/CONT_AWD_36C26225N0532_3600_36C26225A0027_3600
other,competed_one_bid,1,321796.4,Office of the Assistant Secretary for Administration,COMMUNICATEHEALTH INC,D309,2015-08-18,2016-09-03 00:00:00,FULL AND OPEN COMPETITION,,IGF::OT::IGF CALL 8 - WEB AND COMMUNICATION SUPPORT FOR ODPHP,https://www.usaspending.gov/award/CONT_AWD_HHSP23337009_7555_HHSP233201300056B_7555
other,competed_one_bid,1,321342.12,Department of Veterans Affairs,CHARTER COMMUNICATIONS OPERATING LLC,DA10,2024-08-07,2029-09-29 00:00:00,FULL AND OPEN COMPETITION,,CHARTER SPECTRUM IPTV OR EQUAL SERVICE,https://www.usaspending.gov/award/CONT_AWD_36C26224P1437_3600_-NONE-_-NONE-
other,competed_one_bid,1,321188.42,Department of Veterans Affairs,"MINBURN TECHNOLOGY GROUP, LLC",DA10,2025-10-31,2025-12-31 00:00:00,FULL AND OPEN COMPETITION AFTER EXCLUSION OF SOURCES,,THERADOC,https://www.usaspending.gov/award/CONT_AWD_36C10B26F0026_3600_NNG15SD34B_8000
other,competed_one_bid,1,320441.37,Department of Veterans Affairs,FEDSTORE CORPORATION,DA10,2026-03-16,2029-03-15 00:00:00,FULL AND OPEN COMPETITION AFTER EXCLUSION OF SOURCES,,REQUIREMENT FOR MAINTENANCE SUPPORT OF THE IN-HOUSE RCOMM SYSTEMS PT2020 RADIO PAGING TERMINALS THAT INCLUDE CODE BLUE AND OTHER CRITICAL CARE AREAS.  THE CONTRACTOR SHALL PROVIDE MAINTENANCE SUPPORT FOR VISN 23 VA FACILITIES.,https://www.usaspending.gov/award/CONT_AWD_36C10B26F0099_3600_NNG15SD21B_8000
infrastructure_ops,competed_one_bid,1,320143.68,Administration for Children and Families,RV GLOBAL SOLUTIONS INC.,DA10,2022-09-28,2023-09-29 00:00:00,COMPETED UNDER SAP,,"THE OCIO NEXTGEN SECURE CLOUD (NGSC) INITIATIVE BUILDS A NEW, ROBUST AND SECURE AWS BASED GSS ENVIRONMENT, TO SUPPORT CURRENT AND FUTURE ACF NEEDS. NGSC HAS BEEN BUILT USING MODERN CLOUD ARCHITECTURE PRACTICES AND WILL LEVERAGE STATE OF THE ART M",https://www.usaspending.gov/award/CONT_AWD_75ACF122P00023_7590_-NONE-_-NONE-
infrastructure_ops,competed_one_bid,1,319820.33,Department of Veterans Affairs,"MINBURN TECHNOLOGY GROUP, LLC",DB02,2024-08-29,2025-09-19 00:00:00,FULL AND OPEN COMPETITION AFTER EXCLUSION OF SOURCES,,DATA SYNDICATION- HPE SERVER MAINTENANCE FOR AITC,https://www.usaspending.gov/award/CONT_AWD_36C10B24F0315_3600_NNG15SD34B_8000
other,competed_one_bid,1,319010.55,Department of Veterans Affairs,"AT&T ENTERPRISES, LLC",DD01,2022-02-28,2027-01-31 00:00:00,FULL AND OPEN COMPETITION,,NLEC-NG BASIC CONTRACT FOR AT&T,https://www.usaspending.gov/award/CONT_AWD_36C10A22N0009_3600_36C10B20D0029_3600
other,competed_one_bid,1,317328.3,Department of Veterans Affairs,DATA INNOVATIONS LLC,DH01,2026-02-04,2027-03-31 00:00:00,COMPETED UNDER SAP,,INSTRUMENT MANAGER LICENSE MAINTENANCE AND SUPPORT,https://www.usaspending.gov/award/CONT_AWD_36C26226N0314_3600_36C26225A0027_3600
other,competed_one_bid,1,316789.24,Food and Drug Administration,HP INC.,D399,2007-05-25,2009-03-31 00:00:00,COMPETITIVE DELIVERY ORDER,,PEREGRINE SERVICE CENTER SUPPORT,https://www.usaspending.gov/award/CONT_AWD_HHSF223200750575G_7524_GS35F4663G_4730
other,competed_one_bid,1,314417.99,Department of Veterans Affairs,"VLOGIC SYSTEMS, INC",DA10,2022-09-30,2023-09-29 00:00:00,COMPETED UNDER SAP,,ELECTRONIC DRAWINGS - WILKES-BARRE VAMC,https://www.usaspending.gov/award/CONT_AWD_36C24422N1131_3600_36C24422A0044_3600
other,competed_one_bid,1,314372.1,National Institutes of Health,"NEW TECH SOLUTIONS, INC.",DA10,2024-03-29,2025-03-31 00:00:00,FULL AND OPEN COMPETITION,,SYBASE ANNUAL SUPPORT RENEWAL,https://www.usaspending.gov/award/CONT_AWD_75N97024F00015_7529_HHSN316201500040W_7529
grants_contracts_admin,competed_one_bid,1,314300.0,Department of Veterans Affairs,"PLAN 4 HEALTHCARE, LLC",DA10,2023-10-01,2024-09-30 00:00:00,COMPETED UNDER SAP,,4CAST BUDGETING SOFTWARE,https://www.usaspending.gov/award/CONT_AWD_36C24524N0037_3600_36C24521A0054_3600
grants_contracts_admin,competed_one_bid,1,314299.84,Department of Veterans Affairs,"PLAN 4 HEALTHCARE, LLC",DA10,2022-10-01,2023-09-30 00:00:00,COMPETED UNDER SAP,,4CAST BUDGETING SOFTWARE,https://www.usaspending.gov/award/CONT_AWD_36C24523N0047_3600_36C24521A0054_3600
other,competed_one_bid,1,312897.0,Department of Veterans Affairs,MASTERGRAPHICS INCORPORATED,DK10,2023-01-31,2028-01-31 00:00:00,COMPETED UNDER SAP,,OPCENTER FILE SHARING SUBSCRIPTION AND TECHNICAL SUPPORT FOR MILWAUKEE VAMC,https://www.usaspending.gov/award/CONT_AWD_36C25223P0263_3600_-NONE-_-NONE-
other,competed_one_bid,1,312433.24,National Institutes of Health,"AFFIGENT, LLC",DE01,2023-03-10,2024-06-11 00:00:00,FULL AND OPEN COMPETITION,,ORACLE SUPPORT RENEWAL RECOMPETE,https://www.usaspending.gov/award/CONT_AWD_75N97023F00003_7529_HHSN316201500050W_7529
other,competed_one_bid,1,310782.5,Department of Veterans Affairs,ARCHITECHTURE SOLUTIONS LLC,DA10,2021-12-29,2026-12-31 00:00:00,FULL AND OPEN COMPETITION AFTER EXCLUSION OF SOURCES,,EO14042 REQUIREMENT IS FOR ACTION SOFTWARE AND SOFTWARE MAINTENANCE.,https://www.usaspending.gov/award/CONT_AWD_36C10B22F0048_3600_NNG15SD42B_8000
portal_web,competed_one_bid,1,310706.0,Centers for Medicare and Medicaid Services,"CHAGS HEALTH INFORMATION TECHNOLOGY, LLC",DA01,2023-08-31,2028-08-31 00:00:00,FULL AND OPEN COMPETITION AFTER EXCLUSION OF SOURCES,,CMS REQUIRES WEBSITE SCAN AND ANALYSIS SERVICES TO SCAN MEDICARE ADMINISTRATIVE CONTRACTOR (MAC) PROVIDER EDUCATION WEBSITES AND REPORT DATA ABOUT THE MAC WEBSITES TO CMS AND THE MACS.,https://www.usaspending.gov/award/CONT_AWD_75FCMC23F0121_7530_47QTCB21D0273_4732
other,competed_one_bid,1,310043.62,Office of the Assistant Secretary for Financial Resources,"NETCOMM, INC.",DA10,2024-09-13,2029-09-15 00:00:00,FULL AND OPEN COMPETITION,,NIBIB BEACON APPLICATION LICENSES,https://www.usaspending.gov/award/CONT_AWD_75N92024F00214_7529_47QTCA24D0058_4732
credentialing_provider_data,competed_one_bid,1,308596.75,Office of the Assistant Secretary for Administration,BLUE TECH INC.,7035,2017-09-24,2021-09-27 00:00:00,FULL AND OPEN COMPETITION AFTER EXCLUSION OF SOURCES,,IGF::CT::IGF DERIVED PERSONAL IDENTITY VERIFICATION CREDENTIALS SERVICES,https://www.usaspending.gov/award/CONT_AWD_HHSP233201700285W_7570_NNG15SD00B_8000
other,competed_one_bid,1,308215.0,Department of Veterans Affairs,METGREEN SOLUTIONS INC,DH10,2025-07-01,2028-06-30 00:00:00,FULL AND OPEN COMPETITION AFTER EXCLUSION OF SOURCES,,PRECISELY SYNCSORT LICENSE AND MAINTENANCE,https://www.usaspending.gov/award/CONT_AWD_36C10B25F0163_3600_NNG15SD87B_8000
other,competed_one_bid,1,306868.94,Department of Veterans Affairs,BLUE TECH INC.,DA10,2023-10-26,2026-10-31 00:00:00,FULL AND OPEN COMPETITION AFTER EXCLUSION OF SOURCES,,TELEPHONE TRIAGE SERVICES - VISN 4,https://www.usaspending.gov/award/CONT_AWD_36C24424F0028_3600_NNG15SD00B_8000
other,competed_one_bid,1,304585.67,Office of the Assistant Secretary for Financial Resources,LEVEL ACCESS INC,DA01,2023-01-10,2028-04-30 00:00:00,FULL AND OPEN COMPETITION,,"SECTION 508 ACCESSIBILITY TESTING TOOL, TRAINING, AND SUPPORT - ACCESSIBILITY MANAGEMENT PLATFORM (AMP)",https://www.usaspending.gov/award/CONT_AWD_75F40123F80004_7524_GS35F0611V_4730
credentialing_provider_data,competed_one_bid,1,304420.0,Department of Veterans Affairs,METGREEN SOLUTIONS INC,DJ10,2025-08-19,2027-01-29 00:00:00,FULL AND OPEN COMPETITION AFTER EXCLUSION OF SOURCES,,CYBERARK CORE PRIVILEGE ACCOUNT SECURITY SOFTWARE MAINTENANCE AND TECHNICAL SUPPORT.,https://www.usaspending.gov/award/CONT_AWD_36C10B25F0197_3600_NNG15SD87B_8000
other,competed_one_bid,1,302254.92,Department of Veterans Affairs,"THUNDERCAT TECHNOLOGY, LLC",DA10,2026-09-02,2031-09-01 00:00:00,FULL AND OPEN COMPETITION AFTER EXCLUSION OF SOURCES,,CVCVAMC PATIENT WAYFINDING SOLUTION - PHILADELPHIA VAMC,https://www.usaspending.gov/award/CONT_AWD_36C10B26F0331_3600_NNG15SD26B_8000
portal_web,competed_one_bid,1,299997.3,Centers for Medicare and Medicaid Services,ARGYLE SYSTEMS INC,DA01,2026-09-11,2027-09-10 00:00:00,FULL AND OPEN COMPETITION,,"THE PURPOSE OF THIS REQUIREMENT IS TO PROCURE AUTHORITATIVE PAYROLL AND EMPLOYMENT VERIFICATION DATA SERVICES TO SUPPORT THE EMMY PLATFORM, CMS'S CENTRALIZED, API-BASED DATA EXCHANGE INFRASTRUCTURE ENABLING PARTICIPATING STATE MEDICAID AGENCIES TO VE",https://www.usaspending.gov/award/CONT_AWD_75FCMC26F0150_7530_47QTCA26D002N_4732
other,competed_one_bid,1,297535.68,Food and Drug Administration,NIRA INC,DA10,2026-06-15,2029-06-07 00:00:00,FULL AND OPEN COMPETITION,,"PLATFORM TRANSFORMATION, SYSTEM INTEGRATION, AND PROGRAM SUPPORT",https://www.usaspending.gov/award/CONT_AWD_75F40126F80061_7524_47QTCA24D006H_4732
other,competed_one_bid,1,295609.86,Department of Veterans Affairs,"THUNDERCAT TECHNOLOGY, LLC",DA10,2022-08-16,2023-08-15 00:00:00,FULL AND OPEN COMPETITION AFTER EXCLUSION OF SOURCES,,SOFTWARE EQUIPMENT AND LICENSE - ERIE VAMC,https://www.usaspending.gov/award/CONT_AWD_36C24422F0523_3600_NNG15SD26B_8000
infrastructure_ops,competed_one_bid,1,295178.31,Department of Veterans Affairs,FEDSTORE CORPORATION,DG11,2024-10-16,2025-07-31 00:00:00,FULL AND OPEN COMPETITION AFTER EXCLUSION OF SOURCES,,GETWELL NETWORK INTERACTIVE PATIENT CARE SYSTEM,https://www.usaspending.gov/award/CONT_AWD_36C10A25F0002_3600_NNG15SD21B_8000
other,competed_one_bid,1,295100.12,Department of Veterans Affairs,"VLOGIC SYSTEMS, INC",DA10,2022-09-28,2024-02-01 00:00:00,COMPETED UNDER SAP,,ELECTRONIC DRAWINGS,https://www.usaspending.gov/award/CONT_AWD_36C24422N1121_3600_36C24422A0044_3600
other,competed_one_bid,1,294621.36,Office of the Assistant Secretary for Financial Resources,"DLT SOLUTIONS, LLC",DA10,2023-09-27,2027-09-29 00:00:00,FULL AND OPEN COMPETITION,,DYNATRACE SOFTWARE LICENSE,https://www.usaspending.gov/award/CONT_AWD_75A50223F80022_7505_GS35F267DA_4732
clinical_it_ehr,competed_one_bid,1,294549.03,Food and Drug Administration,"PRECISE SOFTWARE SOLUTIONS, INC.",DF01,2023-07-12,2025-02-06 00:00:00,FULL AND OPEN COMPETITION,,LABORATORY INFORMATION MANAGEMENT SYSTEM (LIMS) INTEGRATION CONTINUATION,https://www.usaspending.gov/award/CONT_AWD_75F40123F19010_7524_HHSF223201610013B_7524
other,competed_one_bid,1,294318.52,Food and Drug Administration,IQVIA GOVERNMENT SOLUTIONS INC,DA01,2023-08-11,2024-09-27 00:00:00,FULL AND OPEN COMPETITION,,FDA LINGUAMATICS I2E NATURAL LANGUAGE PROCESSING (NLP) SOFTWARE LICENSES,https://www.usaspending.gov/award/CONT_AWD_75F40123F80277_7524_HHSN316201500008W_7529
claims_payment_integrity,competed_one_bid,1,291887.5,Department of Veterans Affairs,PRUDENTIA CONSULTING GROUP LLC,DA10,2021-01-07,2026-01-10 00:00:00,FULL AND OPEN COMPETITION AFTER EXCLUSION OF SOURCES,,MEDICAL CODING APPLICATION,https://www.usaspending.gov/award/CONT_AWD_36C10B21C0002_3600_-NONE-_-NONE-
other,competed_one_bid,1,290272.42,Department of Veterans Affairs,ARCHITECHTURE SOLUTIONS LLC,DA10,2024-01-05,2025-02-28 00:00:00,FULL AND OPEN COMPETITION AFTER EXCLUSION OF SOURCES,,"HCM - LINKEDIN RECRUITER CORPORATE, JOB SLOTS, AND TALENT INSIGHTS LICENSES",https://www.usaspending.gov/award/CONT_AWD_36C10B24F0046_3600_NNG15SD42B_8000
infrastructure_ops,competed_one_bid,1,290107.04,National Institutes of Health,REGENCY CONSULTING INC,DA01,2021-08-16,2026-08-15 00:00:00,FULL AND OPEN COMPETITION,,IDM DATA MIGRATION FOR DELL STORAGE.   POP 8/16/2021 - 8/15/2022 (LEASE-TO-OWN FOR BASE YEAR),https://www.usaspending.gov/award/CONT_AWD_75N97021F00002_7529_HHSN316201500024W_7529
other,competed_one_bid,1,290000.0,Department of Veterans Affairs,"THUNDERCAT TECHNOLOGY, LLC",DA10,2025-03-18,2030-05-11 00:00:00,FULL AND OPEN COMPETITION AFTER EXCLUSION OF SOURCES,,PUP SMARTSOCKS FOR FALL PREVENTION,https://www.usaspending.gov/award/CONT_AWD_36C24725F0143_3600_NNG15SD26B_8000
other,competed_one_bid,1,288030.92,Defense Health Agency,FEDSTORE CORPORATION,DA01,2023-08-24,2029-05-31 00:00:00,FULL AND OPEN COMPETITION AFTER EXCLUSION OF SOURCES,,PRINTERS AND SUPPORT FOR US NAVAL HOSPITAL SIGONELLA (USNHSIG).,https://www.usaspending.gov/award/CONT_AWD_HT001123F0048_9700_NNG15SD21B_8000
other,competed_one_bid,1,287458.46,Department of Veterans Affairs,"MINBURN TECHNOLOGY GROUP, LLC",DD01,2021-05-04,2027-03-30 00:00:00,COMPETED UNDER SAP,,BIOPOINT WRISTBAND SOLUTIONS 6.X,https://www.usaspending.gov/award/CONT_AWD_36C25621P0829_3600_-NONE-_-NONE-
other,competed_one_bid,1,287412.0,Department of Veterans Affairs,"HRWORX, LLC",DA10,2024-06-13,2030-06-13 00:00:00,FULL AND OPEN COMPETITION AFTER EXCLUSION OF SOURCES,,INTELLIWORX SOFTWARE AS A SERVICE (SAAS) APPLICATION MANAGEMENT SYSTEM (AMS),https://www.usaspending.gov/award/CONT_AWD_36C10B24C0022_3600_-NONE-_-NONE-
other,competed_one_bid,1,287194.05,National Institutes of Health,ATT MOBILITY LLC,D399,2015-09-16,2020-09-21 00:00:00,FULL AND OPEN COMPETITION,,IGF::OT::IGF - AT&T,https://www.usaspending.gov/award/CONT_AWD_HHSN276201500315U_7529_GS35F0297K_4730
grants_contracts_admin,competed_one_bid,1,285900.0,Department of Veterans Affairs,"PLAN 4 HEALTHCARE, LLC",DA10,2024-08-28,2026-08-31 00:00:00,COMPETED UNDER SAP,,4CAST BUDGETING SOFTWARE,https://www.usaspending.gov/award/CONT_AWD_36C24524N0849_3600_36C24521A0054_3600
other,competed_one_bid,1,284613.46,Department of Veterans Affairs,ALVAREZ LLC,DH01,2023-11-13,2024-11-01 00:00:00,FULL AND OPEN COMPETITION AFTER EXCLUSION OF SOURCES,,ANESTHESIA SMART BADGE SYSTEM,https://www.usaspending.gov/award/CONT_AWD_36C25724F0037_3600_NNG15SD19B_8000
other,competed_one_bid,1,284119.04,Food and Drug Administration,TERATHINK CORPORATION,D399,2016-05-26,2017-11-27 00:00:00,FULL AND OPEN COMPETITION AFTER EXCLUSION OF SOURCES,,IGF::OT::IGF:: OFM FIN SYSTEM GL SUPPORT CONTRACT,https://www.usaspending.gov/award/CONT_AWD_HHSF223201610169G_7524_GS06F1216Z_4732
other,competed_one_bid,1,283761.33,Department of Veterans Affairs,"ARXIUM, INC.",7050,2020-09-29,2021-09-29 00:00:00,COMPETED UNDER SAP,,OPTIFILL/WINDOWS SOFTWARE AND HARDWARE UPGRADES,https://www.usaspending.gov/award/CONT_AWD_36C24820P2101_3600_-NONE-_-NONE-
other,competed_one_bid,1,283231.46,Department of Veterans Affairs,BEACON POINT ASSOCIATES LLC,DA10,2026-04-07,2026-09-30 00:00:00,COMPETED UNDER SAP,,SIMULATION MANIKINS AND ACCESSORIES,https://www.usaspending.gov/award/CONT_AWD_36C24926P0286_3600_-NONE-_-NONE-
other,competed_one_bid,1,283223.58,Department of Veterans Affairs,"MINBURN TECHNOLOGY GROUP, LLC",DH10,2024-08-20,2029-09-08 00:00:00,FULL AND OPEN COMPETITION AFTER EXCLUSION OF SOURCES,,DATA STORAGE MANAGER SOFTWARE PROGRAM,https://www.usaspending.gov/award/CONT_AWD_36C26024F0552_3600_NNG15SD34B_8000
infrastructure_ops,competed_one_bid,1,283183.63,National Institutes of Health,"INFORMATION MANAGEMENT SERVICES, INC.",D308,2020-06-15,2022-03-16 00:00:00,COMPETED UNDER SAP,,CLINICAL DATA CENTER (CDC) SERVICES TO CANCER MODELS DEVELOPMENT CENTERS (CMDC),https://www.usaspending.gov/award/CONT_AWD_75N91020F00003_7529_HHSN261201500002B_7529
other,competed_one_bid,1,282985.89,Department of Veterans Affairs,"V3GATE, LLC",DA01,2026-07-27,2027-09-29 00:00:00,FULL AND OPEN COMPETITION AFTER EXCLUSION OF SOURCES,,POWERSCRIBE LICENSES,https://www.usaspending.gov/award/CONT_AWD_36C26026F0361_3600_NNG15SD27B_8000
other,competed_one_bid,1,278807.36,National Institutes of Health,IT1 SOURCE LLC,DA10,2024-12-13,2025-12-14 00:00:00,FULL AND OPEN COMPETITION,,ARANGODB SUBSCRIPTION ANNUAL RENEWAL,https://www.usaspending.gov/award/CONT_AWD_75N97025F00009_7529_HHSN316201500059W_7529
other,competed_one_bid,1,278807.36,National Institutes of Health,IT1 SOURCE LLC,DA10,2023-12-15,2024-12-14 00:00:00,FULL AND OPEN COMPETITION,,ARANGODB - ANNUAL RENEWAL,https://www.usaspending.gov/award/CONT_AWD_75N97024F00008_7529_HHSN316201500059W_7529
other,competed_one_bid,1,278075.0,Department of Veterans Affairs,METGREEN SOLUTIONS INC,DA10,2023-10-27,2025-04-30 00:00:00,FULL AND OPEN COMPETITION AFTER EXCLUSION OF SOURCES,,SOFTWARE LICENSE MAINTENANCE RENEWAL,https://www.usaspending.gov/award/CONT_AWD_36C10M24F50004_3600_NNG15SD87B_8000
scheduling_referral_community_care,competed_one_bid,1,277872.6,Department of Veterans Affairs,"GOVERNMENT MARKETING AND PROCUREMENT, LLC",DA10,2024-01-01,2025-12-31 00:00:00,COMPETED UNDER SAP,,QGENDA ON CALL SCHEDULING SERVICES,https://www.usaspending.gov/award/CONT_AWD_36C24624P0468_3600_-NONE-_-NONE-
other,competed_one_bid,1,277237.43,Centers for Disease Control and Prevention,"DLT SOLUTIONS, LLC",DA10,2021-09-21,2023-09-28 00:00:00,FULL AND OPEN COMPETITION,,BUSINESS AUTOMATION MANAGEMENT TOOL LICENSES AND SUPPORT,https://www.usaspending.gov/award/CONT_AWD_75D30121F12809_7523_NNG15SC07B_8000
claims_payment_integrity,competed_one_bid,1,275521.2,Department of Veterans Affairs,"ALPHA II, LLC",DA10,2022-07-28,2024-07-27 00:00:00,FULL AND OPEN COMPETITION AFTER EXCLUSION OF SOURCES,,VA CURRENTLY USES THE FEE BASE CLAIM SYSTEM (FBCS) TO MANAGE AND PROCESS FEE CLAIMS IN AN ELECTRONIC ENVIRONMENT WHICH IMPROVED THE ABILITY TO KEEP TRACK OF CLAIMS IN-PROCESS AND ENABLES IDENTIFICATION OF DUPLICATE AND NON-COMPLIANT CLAIMS. H,https://www.usaspending.gov/award/CONT_AWD_36C10B22C0024_3600_-NONE-_-NONE-
infrastructure_ops,competed_one_bid,1,274326.81,National Institutes of Health,"INFORMATION MANAGEMENT SERVICES, INC.",D308,2020-07-23,2023-07-23 00:00:00,COMPETED UNDER SAP,,CLINICAL DATA CENTER SERVICES FOR THE EARLY ONSET MALIGNANCIES INITIATIVE POP 7/24/2020 - 7/23/2023,https://www.usaspending.gov/award/CONT_AWD_75N91020F00002_7529_HHSN261201500002B_7529
other,competed_one_bid,1,273060.82,Department of Veterans Affairs,"V3GATE, LLC",DA10,2022-06-16,2026-06-30 00:00:00,FULL AND OPEN COMPETITION AFTER EXCLUSION OF SOURCES,,PUPPET ENTERPRISE SOFTWARE,https://www.usaspending.gov/award/CONT_AWD_36C10A22F0127_3600_NNG15SD27B_8000
other,competed_one_bid,1,272169.02,Centers for Disease Control and Prevention,"CARTER CONSULTING, INC.",D399,2015-09-30,2016-12-31 00:00:00,FULL AND OPEN COMPETITION,,CIMS MC - HHS SECTION 508 - IGF::OT::IGF,https://www.usaspending.gov/award/CONT_AWD_HHSD2002010372030010_7523_HHSD200201037203I_7523
grants_contracts_admin,competed_one_bid,1,269399.96,Department of Veterans Affairs,"PLAN 4 HEALTHCARE, LLC",DA10,2022-09-15,2023-09-09 00:00:00,COMPETED UNDER SAP,,4CAST BUDGETING SOFTWARE,https://www.usaspending.gov/award/CONT_AWD_36C24522N0706_3600_36C24521A0054_3600
infrastructure_ops,competed_one_bid,1,268131.51,Department of Veterans Affairs,"THUNDERCAT TECHNOLOGY, LLC",DA01,2023-09-21,2026-03-20 00:00:00,FULL AND OPEN COMPETITION AFTER EXCLUSION OF SOURCES,,CLIENT SUCCESS MANAGER FOR THE GETWELL NETWORK SERVICES,https://www.usaspending.gov/award/CONT_AWD_36C26123F0617_3600_NNG15SD26B_8000
infrastructure_ops,competed_one_bid,1,267226.66,Office of the Assistant Secretary for Administration,GOVCONNECTION INC,7035,2014-08-14,2014-10-13 00:00:00,FULL AND OPEN COMPETITION,,"IGF::OT::IGF SERVER EQUIPMENT IN SUPPORT OF THE DEPARTMENT OF HEALTH AND HUMAN SERVICES, OFFICE OF THE CHIEF INFORMATION OFFICER.",https://www.usaspending.gov/award/CONT_AWD_HHSP233201400113W_7555_NNG07DA32B_8000
other,competed_one_bid,1,266758.04,National Institutes of Health,"IMPRES TECHNOLOGY SOLUTIONS, INC",DB02,2024-04-15,2025-04-14 00:00:00,FULL AND OPEN COMPETITION,,SERVICES TO SUPPORT AND MAINTAIN DELL EMC ISILON HARDWARE AND SOFTWARE,https://www.usaspending.gov/award/CONT_AWD_75N91024F00003_7529_HHSN316201500029W_7529
infrastructure_ops,competed_one_bid,1,266216.0,Food and Drug Administration,COMPETITIVE MEDIA REPORTING LLC,D305,2020-03-09,2025-03-15 00:00:00,FULL AND OPEN COMPETITION,,NUMERATOR SUBSCRIPTION&TRAINING,https://www.usaspending.gov/award/CONT_AWD_75F40120C00018_7524_-NONE-_-NONE-
other,competed_one_bid,1,265913.08,Department of Veterans Affairs,"GOVERNMENT MARKETING AND PROCUREMENT, LLC",DA10,2025-10-29,2026-10-31 00:00:00,FULL AND OPEN COMPETITION,,VOCERA PREMIER SUPPORT AND MAINTENANCE SERVICES,https://www.usaspending.gov/award/CONT_AWD_36C24826F0035_3600_GS07F187GA_4732
other,competed_one_bid,1,265479.02,Department of Veterans Affairs,"VLOGIC SYSTEMS, INC",DA10,2022-09-30,2023-09-29 00:00:00,COMPETED UNDER SAP,,ELECTRONIC DRAWINGS - BUTLER VAMC,https://www.usaspending.gov/award/CONT_AWD_36C24422N1125_3600_36C24422A0044_3600
other,competed_one_bid,1,260800.34,Department of Veterans Affairs,"FOUR POINTS TECHNOLOGY, L.L.C.",DA10,2022-08-18,2027-08-31 00:00:00,FULL AND OPEN COMPETITION,,HEALTHSIGHT INFECTION ADVISOR SOFTWARE,https://www.usaspending.gov/award/CONT_AWD_36C26222F0545_3600_HHSN316201500034W_7529
other,competed_one_bid,1,260293.8,National Institutes of Health,AT-IMPACT LLC,DA01,2025-06-24,2026-03-31 00:00:00,FULL AND OPEN COMPETITION AFTER EXCLUSION OF SOURCES,,AT-IMPACT LLC:1325113 [25-001382],https://www.usaspending.gov/award/CONT_AWD_75N98025F00001_7529_75N98119D00089_7529
other,competed_one_bid,1,259384.23,Department of Veterans Affairs,"GRANITE TELECOMMUNICATIONS, LLC",DG11,2022-03-25,2027-03-31 00:00:00,FULL AND OPEN COMPETITION,,NLEC-NG BASIC CONTRACT FOR GRANITE SERVICE ORDER 10,https://www.usaspending.gov/award/CONT_AWD_36C10A22N0026_3600_36C10B20D0031_3600
scheduling_referral_community_care,competed_one_bid,1,258491.57,Department of Veterans Affairs,"GOVERNMENT MARKETING AND PROCUREMENT, LLC",DA10,2022-08-12,2027-08-31 00:00:00,FULL AND OPEN COMPETITION,,QGENDA PHYSICIAN SCHEDULING SOFTWARE,https://www.usaspending.gov/award/CONT_AWD_36C26222F0526_3600_GS35F0858N_4730
other,competed_one_bid,1,256800.0,Department of Veterans Affairs,ACUSTAF DEVELOPMENT CORP,DA10,2025-10-01,2030-09-30 00:00:00,FULL AND OPEN COMPETITION,,SOFTWARE LICENSES,https://www.usaspending.gov/award/CONT_AWD_36C25226F0003_3600_GS35F0408X_4732
other,competed_one_bid,1,256081.06,Department of Veterans Affairs,"MINBURN TECHNOLOGY GROUP, LLC",DA10,2025-02-26,2030-08-27 00:00:00,FULL AND OPEN COMPETITION AFTER EXCLUSION OF SOURCES,,DSS INFUSION THERAPY ANNUAL LICENSES FOR THE PUGET SOUND VAHCS,https://www.usaspending.gov/award/CONT_AWD_36C26025F0154_3600_NNG15SD34B_8000
other,competed_one_bid,1,254440.34,Office of the Assistant Secretary for Administration,"LEVEL 3 TELECOM HOLDINGS, LLC",D309,2018-07-09,2023-05-31 00:00:00,FULL AND OPEN COMPETITION,,ETHERNET SERVICE FOR ATLANTA LOCATIONS,https://www.usaspending.gov/award/CONT_AWD_75P00118F00180_7570_GS35F0426R_4730
other,competed_one_bid,1,252074.0,Department of Veterans Affairs,"EVIDEON, LLC",DA10,2024-10-01,2029-09-30 00:00:00,COMPETED UNDER SAP,,EVIDEON SERVICE SUPPORT AND LICENSING,https://www.usaspending.gov/award/CONT_AWD_36C25225P0011_3600_-NONE-_-NONE-
other,competed_one_bid,1,250347.35,Food and Drug Administration,"GOVERNMENT MARKETING AND PROCUREMENT, LLC",DA10,2023-04-18,2026-04-17 00:00:00,FULL AND OPEN COMPETITION,,CENTER FOR TOBACCO PRODUCTS (CTP) ESUBMISSIONS OM MODERNIZATION ? FORM.IO,https://www.usaspending.gov/award/CONT_AWD_75F40123F80096_7524_GS07F187GA_4732
other,competed_one_bid,1,249996.5,National Institutes of Health,IQVIA GOVERNMENT SOLUTIONS INC,DA10,2024-04-29,2025-04-30 00:00:00,FULL AND OPEN COMPETITION,,BESPOKE GENE THERAPY CONSORTIUM COORDINATION CENTER (BGTC CC) ELECTRONIC DATA CAPTURE (EDC) PLATFORM SUPPORT,https://www.usaspending.gov/award/CONT_AWD_75N95C24F30001_7529_HHSN316201500008W_7529
scheduling_referral_community_care,competed_one_bid,1,249849.61,Department of Veterans Affairs,ACUSTAF DEVELOPMENT CORP,DH01,2023-07-25,2028-08-17 00:00:00,FULL AND OPEN COMPETITION,,ACUSTAF NURSE SCHEDULING SOFTWARE FOR THE MEMPHIS VA MEDICAL CENTER.,https://www.usaspending.gov/award/CONT_AWD_36C24923F0283_3600_GS35F0408X_4732
infrastructure_ops,competed_one_bid,1,249820.63,Department of Veterans Affairs,FEDSTORE CORPORATION,DG11,2026-01-21,2028-01-20 00:00:00,FULL AND OPEN COMPETITION AFTER EXCLUSION OF SOURCES,,GET-WELL NETWORK INTERACTIVE PATIENT CARE,https://www.usaspending.gov/award/CONT_AWD_36C10B26F0064_3600_NNG15SD21B_8000
other,competed_one_bid,1,249645.0,Department of Veterans Affairs,METGREEN SOLUTIONS INC,DA10,2025-04-16,2026-03-31 00:00:00,FULL AND OPEN COMPETITION AFTER EXCLUSION OF SOURCES,,SOFTWARE LICENSE MAINTENANCE RENEWAL,https://www.usaspending.gov/award/CONT_AWD_36C10M25F50040_3600_NNG15SD87B_8000
other,competed_one_bid,1,249278.87,Department of Veterans Affairs,"FOUR POINTS TECHNOLOGY, L.L.C.",DF01,2022-06-24,2026-09-30 00:00:00,FULL AND OPEN COMPETITION AFTER EXCLUSION OF SOURCES,,TRACKCORE LICENSE AND MAINTENANCE,https://www.usaspending.gov/award/CONT_AWD_36C24622F0252_3600_NNG15SD22B_8000
other,competed_one_bid,1,247854.3,National Institutes of Health,"GOVSMART, INC.",DA10,2025-07-08,2026-07-07 00:00:00,FULL AND OPEN COMPETITION,,SOFTWARE LICENSE -STARFISH ENTERPRISE BUNDLE LICENSE,https://www.usaspending.gov/award/CONT_AWD_75N95D25F40002_7529_HHSN316201500027W_7529
other,competed_one_bid,1,247468.8,Defense Health Agency,"BESTICA, INC.",DA01,2021-09-23,2024-10-28 00:00:00,FULL AND OPEN COMPETITION,,SPECTACLE REQUEST AND TRANSMISSION SYSTEM WEB SUPPORT SERVICES,https://www.usaspending.gov/award/CONT_AWD_HT001121F0095_9700_GS35F227AA_4732
other,competed_one_bid,1,246265.74,Department of Veterans Affairs,"DOCUMENT STORAGE SYSTEMS, INC.",DA10,2022-10-01,2023-09-30 00:00:00,COMPETED UNDER SAP,,TELECARE RECORD MANAGER PLUS,https://www.usaspending.gov/award/CONT_AWD_36C26023P0027_3600_-NONE-_-NONE-
other,competed_one_bid,1,245824.76,Centers for Disease Control and Prevention,"RIGHTDIRECTION TECHNOLOGY SOLUTIONS, LLC",DA01,2022-08-24,2024-02-14 00:00:00,FULL AND OPEN COMPETITION AFTER EXCLUSION OF SOURCES,,SEDRIC ENHANCEMENTS,https://www.usaspending.gov/award/CONT_AWD_75D30122F14998_7523_47QTCB21D0030_4732
other,competed_one_bid,1,245712.92,Office of the Assistant Secretary for Financial Resources,"MPF FEDERAL, LLC",DF10,2022-07-06,2027-08-15 00:00:00,FULL AND OPEN COMPETITION AFTER EXCLUSION OF SOURCES,,CONVERSION OF MATERIALS TO MEET SECTION 508 REQUIREMENTS,https://www.usaspending.gov/award/CONT_AWD_75F40122F80225_7524_47QTCB21D0106_4732
infrastructure_ops,competed_one_bid,1,244773.1,Department of Veterans Affairs,"AT&T ENTERPRISES, LLC",DG11,2022-04-06,2025-12-30 00:00:00,FULL AND OPEN COMPETITION,,NLEC-NG TELECOMMUNICATIONS SERVICES,https://www.usaspending.gov/award/CONT_AWD_36C10A22N0030_3600_36C10B20D0029_3600
other,competed_one_bid,1,243593.01,National Institutes of Health,TURNINGPOINT-DSFEDERAL JV LLC,D302,2020-04-08,2020-09-30 00:00:00,FULL AND OPEN COMPETITION AFTER EXCLUSION OF SOURCES,,OALM/SBO FOR DATABASE TOOLS OAMP HBCU PHASE III-QUARTER I,https://www.usaspending.gov/award/CONT_AWD_75N98020F00326_7529_GS00Q17GWD2370_4732
other,competed_one_bid,1,243281.53,Office of the Assistant Secretary for Financial Resources,AT-IMPACT LLC,DA01,2026-08-31,2027-05-31 00:00:00,FULL AND OPEN COMPETITION AFTER EXCLUSION OF SOURCES,,SUPPORT SERVICES FOR THE NUVOLO SPACE MANAGEMENT APPLICATION OPERATING ON THE SERVICENOW (SNOW) PLATFORM,https://www.usaspending.gov/award/CONT_AWD_7571TE26F80238_7571_75N98119D00089_7529
other,competed_one_bid,1,242978.47,Office of the Assistant Secretary for Financial Resources,"A-TEK, INC.",DG10,2024-09-19,2027-03-28 00:00:00,COMPETED UNDER SAP,,PRIMO SOFTWARE LICENSE,https://www.usaspending.gov/award/CONT_AWD_75F40124P00506_7524_-NONE-_-NONE-
other,competed_one_bid,1,242708.2,Department of Veterans Affairs,METGREEN SOLUTIONS INC,DA10,2026-04-10,2027-03-31 00:00:00,FULL AND OPEN COMPETITION AFTER EXCLUSION OF SOURCES,,KITEWORKS SW LICENSE MAINTENANCE RENEWAL,https://www.usaspending.gov/award/CONT_AWD_36C10M26F50028_3600_NNG15SD37B_8000
other,competed_one_bid,1,242423.69,Department of Veterans Affairs,"THUNDERCAT TECHNOLOGY, LLC",DA10,2024-12-23,2025-06-30 00:00:00,COMPETED UNDER SAP,,THIS IS A 6 MONTH GETWELL  CONTRACT,https://www.usaspending.gov/award/CONT_AWD_36C24525P0214_3600_-NONE-_-NONE-
other,competed_one_bid,1,241272.0,Department of Veterans Affairs,EPOCH CONCEPTS LLC,DB10,2025-07-25,2028-07-25 00:00:00,FULL AND OPEN COMPETITION AFTER EXCLUSION OF SOURCES,,GENISIS HIGH PERFORMANCE COMPUTING (HPC) MAINT SUPPORT,https://www.usaspending.gov/award/CONT_AWD_36C10B25F0189_3600_NNG15SD30B_8000
other,competed_one_bid,1,240445.18,Department of Veterans Affairs,"MINBURN TECHNOLOGY GROUP, LLC",DE01,2024-07-01,2025-06-30 00:00:00,FULL AND OPEN COMPETITION AFTER EXCLUSION OF SOURCES,,HP MAINTENANCE (VINCI-CDW),https://www.usaspending.gov/award/CONT_AWD_36C10B24F0206_3600_NNG15SD34B_8000
other,competed_one_bid,1,239400.0,Indian Health Service,"TOGIAK MANAGEMENT SERVICES, LLC",DG11,2025-09-26,2027-01-21 00:00:00,COMPETED UNDER SAP,,SATELLITE INTERNET FOR 19 LOCATIONS,https://www.usaspending.gov/award/CONT_AWD_75H71225P00221_7527_-NONE-_-NONE-
other,competed_one_bid,1,238503.34,Department of Veterans Affairs,ALVAREZ LLC,DA10,2024-10-01,2029-09-30 00:00:00,FULL AND OPEN COMPETITION AFTER EXCLUSION OF SOURCES,,VOCERA PREMIER LICENSES AND MAINTENANCE SUPPORT.,https://www.usaspending.gov/award/CONT_AWD_36C10B25F0004_3600_NNG15SD19B_8000
other,competed_one_bid,1,236576.71,Department of Veterans Affairs,"GOVERNMENT MARKETING AND PROCUREMENT, LLC",DA10,2023-11-29,2028-09-30 00:00:00,FULL AND OPEN COMPETITION,,VOCERA,https://www.usaspending.gov/award/CONT_AWD_36C24824F0066_3600_GS07F187GA_4732
other,competed_one_bid,1,235978.52,Department of Veterans Affairs,"V3GATE, LLC",DA10,2026-05-20,2028-07-31 00:00:00,FULL AND OPEN COMPETITION AFTER EXCLUSION OF SOURCES,,HASHICORP TERRAFORM AND VAULT INTEGRATED SOLUTION,https://www.usaspending.gov/award/CONT_AWD_36C10B26F0150_3600_NNG15SD27B_8000
scheduling_referral_community_care,competed_one_bid,1,235811.77,Department of Veterans Affairs,"THUNDERCAT TECHNOLOGY, LLC",DH10,2026-02-13,2030-02-13 00:00:00,FULL AND OPEN COMPETITION AFTER EXCLUSION OF SOURCES,,GETWELL LICENSE AND IPC CLINICAL CONSULTING,https://www.usaspending.gov/award/CONT_AWD_36C25926F0110_3600_NNG15SD26B_8000
other,competed_one_bid,1,235687.72,Department of Veterans Affairs,ALVAREZ LLC,DA01,2024-07-22,2026-08-02 00:00:00,FULL AND OPEN COMPETITION AFTER EXCLUSION OF SOURCES,,CDI NUANCE LICENSE,https://www.usaspending.gov/award/CONT_AWD_36C24724F0507_3600_NNG15SD19B_8000
other,competed_one_bid,1,234999.96,Defense Health Agency,MISSION FIRST SOLUTIONS LLC,DA01,2023-09-22,2024-09-24 00:00:00,FULL AND OPEN COMPETITION,,HEMORRHAGIC SHOCK SUPPORT SERVICES,https://www.usaspending.gov/award/CONT_AWD_HT942523F0349_9700_47QTCA19D00L6_4732
infrastructure_ops,competed_one_bid,1,234976.15,National Institutes of Health,"NETCOMM, INC.",DA01,2026-08-17,2027-08-31 00:00:00,FULL AND OPEN COMPETITION,,"THIS FIRM FIXED PRICE DELIVERY ORDER IS AWARDED IN ACCORDANCE WITH FAR 8.405 FOR BEACON CLOUD-FINANCE AND HR MODULES AND RELATED SERVICES TO NETCOMM INC:1108018 IN THE AMOUNT OF $234,976.15",https://www.usaspending.gov/award/CONT_AWD_75N98026F00299_7529_47QTCA24D0058_4732
other,competed_one_bid,1,234652.48,Department of Veterans Affairs,"REDHAWK IT SOLUTIONS, LLC",DA10,2026-06-26,2029-06-30 00:00:00,FULL AND OPEN COMPETITION AFTER EXCLUSION OF SOURCES,,EO 14398 - INFORMATICA SOFTWARE MAINTENANCE AND SUPPORT,https://www.usaspending.gov/award/CONT_AWD_36C10B26F0180_3600_NNG15SD38B_8000
other,competed_one_bid,1,234407.68,Defense Health Agency,FEDSTORE CORPORATION,DA01,2023-07-29,2029-07-02 00:00:00,FULL AND OPEN COMPETITION AFTER EXCLUSION OF SOURCES,,PRINTERS AND ANNUAL SUPPORT FOR RAMSTEIN.,https://www.usaspending.gov/award/CONT_AWD_HT001123F0045_9700_NNG15SD21B_8000
other,competed_one_bid,1,234324.47,Department of Veterans Affairs,COLOSSAL CONTRACTING LLC,DE01,2021-08-11,2025-02-19 00:00:00,FULL AND OPEN COMPETITION AFTER EXCLUSION OF SOURCES,,OFFICE OF RESOLUTION MANAGEMENT DIVERSITY AND INCLUSION MULTIFUNCTIONAL PRINTER AND COPIER MAINTENANCE,https://www.usaspending.gov/award/CONT_AWD_36C10A21F0273_3600_NNG15SD72B_8000
clinical_it_ehr,competed_one_bid,1,231630.0,Department of Veterans Affairs,"ALTAMONT SOFTWARE, INC.",DA10,2024-08-14,2027-09-29 00:00:00,COMPETED UNDER SAP,,RADIOLOGY CD CREATION,https://www.usaspending.gov/award/CONT_AWD_36C26024P0957_3600_-NONE-_-NONE-
other,competed_one_bid,1,230498.84,Department of Veterans Affairs,FEDSTORE CORPORATION,DA10,2023-09-06,2024-09-13 00:00:00,FULL AND OPEN COMPETITION AFTER EXCLUSION OF SOURCES,,PRGA SOFTWARE,https://www.usaspending.gov/award/CONT_AWD_36C10A23F0106_3600_NNG15SD21B_8000
other,competed_one_bid,1,227464.2,Defense Health Agency,"LUMEN TECHNOLOGIES GOVERNMENT SOLUTIONS, INC",DA10,2023-11-07,2025-05-14 00:00:00,FULL AND OPEN COMPETITION,,"1,200 CONCURRENT CALL PATHS AND 2,000 TELEPHONE NUMBERS FOR TECHNICAL SUPPORT",https://www.usaspending.gov/award/CONT_AWD_HT001524F0002_9700_47QTCA20D0077_4732
infrastructure_ops,competed_one_bid,1,225610.75,Food and Drug Administration,PARAGON MICRO INC,DD01,2024-02-23,2025-09-19 00:00:00,FULL AND OPEN COMPETITION AFTER EXCLUSION OF SOURCES,,"THE DIVISION OF INFRASTRUCTURE OPERATIONS (DIO) WILL BE CONDUCTING MAINTENANCE ON DELL CHASSIS SOFTWARE IN VARIOUS FDA OFFICES THROUGHOUT THE CONTINENTAL US.  AS PART OF THIS INITIATIVE, DELL TECHNICAL SUPPORT IS NEEDED FOR SEVERAL OFFICES.",https://www.usaspending.gov/award/CONT_AWD_75F40124F80054_7524_NNG15SD91B_8000
other,competed_one_bid,1,225503.12,Department of Veterans Affairs,"FOUR POINTS TECHNOLOGY, L.L.C.",DA10,2023-05-11,2027-03-31 00:00:00,FULL AND OPEN COMPETITION AFTER EXCLUSION OF SOURCES,,NETAPP SUPPORT,https://www.usaspending.gov/award/CONT_AWD_36C24123P0672_3600_-NONE-_-NONE-
other,competed_one_bid,1,224047.29,Food and Drug Administration,UNISON VIRTUAL ACQUISITION OFFICE LLC,D317,2020-04-30,2025-08-18 00:00:00,FULL AND OPEN COMPETITION,,VAO SUBSCRIPTION FOR 25 ACCOUNTS,https://www.usaspending.gov/award/CONT_AWD_75F40120F80169_7524_GS35F131GA_4732
other,competed_one_bid,1,223281.56,Defense Health Agency,FEDSTORE CORPORATION,DA01,2024-08-21,2029-11-21 00:00:00,FULL AND OPEN COMPETITION AFTER EXCLUSION OF SOURCES,,NEW DEVICES AND SETUP,https://www.usaspending.gov/award/CONT_AWD_HT001124F0042_9700_NNG15SD21B_8000
other,competed_one_bid,1,223234.0,Department of Veterans Affairs,"CHAMPION MEDICAL TECHNOLOGIES, INC",DA10,2025-03-31,2030-03-31 00:00:00,FULL AND OPEN COMPETITION,,RFDI SOFTWARE FOR MEDICAL CABINETS,https://www.usaspending.gov/award/CONT_AWD_36C26225P1015_3600_-NONE-_-NONE-
other,competed_one_bid,1,222992.88,Office of the Assistant Secretary for Financial Resources,"NETCOMM, INC.",DA01,2025-06-02,2026-08-31 00:00:00,FULL AND OPEN COMPETITION,,RENEWAL OF BEACON PRODUCT SUITE,https://www.usaspending.gov/award/CONT_AWD_75N98025F00216_7529_47QTCA24D0058_4732
other,competed_one_bid,1,222642.7,Office of the Assistant Secretary for Administration,CISION US INC,DC10,2021-04-01,2026-12-30 00:00:00,COMPETED UNDER SAP,,ELECTRONIC WEB-BASED MEDIA RELATION TOOL.,https://www.usaspending.gov/award/CONT_AWD_75P00121P00048_7570_-NONE-_-NONE-
other,competed_one_bid,1,222329.4,Department of Veterans Affairs,HORIZON TELCOM INC,D317,2020-02-28,2025-02-28 00:00:00,COMPETED UNDER SAP,,BASE YEAR | PATIENT CABLE TELEVISION SUBSCRIPTION SERVICE FOR CHILLICOTHE VAMC,https://www.usaspending.gov/award/CONT_AWD_36C25020P0677_3600_-NONE-_-NONE-
other,competed_one_bid,1,221347.89,Department of Veterans Affairs,"FOUR POINTS TECHNOLOGY, L.L.C.",D322,2017-12-20,2023-07-22 00:00:00,FULL AND OPEN COMPETITION AFTER EXCLUSION OF SOURCES,,IGF::OT::IGF PUBLIC INTERNET ACCESS WI-FI MAINTENANCE SERVICE AND INTERNET SERVICE PROVIDER (ISP) FOR BOISE VA MEDICAL CENTER,https://www.usaspending.gov/award/CONT_AWD_36C26018F0871_3600_NNG15SD22B_8000
other,competed_one_bid,1,221138.0,Office of the Assistant Secretary for Financial Resources,"COPPER RIVER CYBER SOLUTIONS, LLC",DA10,2023-09-29,2026-09-29 00:00:00,COMPETED UNDER SAP,,PANJIVA SUBSCRIPTION SERVICES,https://www.usaspending.gov/award/CONT_AWD_75A50223C00056_7505_-NONE-_-NONE-
other,competed_one_bid,1,218556.7,Department of Veterans Affairs,"V3GATE, LLC",DA10,2024-03-01,2024-12-31 00:00:00,FULL AND OPEN COMPETITION AFTER EXCLUSION OF SOURCES,,ORACLE SOFTWARE MAINTENANCE,https://www.usaspending.gov/award/CONT_AWD_36C10B24F0058_3600_NNG15SD27B_8000
other,competed_one_bid,1,217694.84,Department of Veterans Affairs,ALVAREZ LLC,DA01,2024-03-08,2029-03-10 00:00:00,FULL AND OPEN COMPETITION AFTER EXCLUSION OF SOURCES,,VOCERA MAINTENANCE AND SUPPORT,https://www.usaspending.gov/award/CONT_AWD_36C10B24F0075_3600_NNG15SD19B_8000
other,competed_one_bid,1,216776.0,Department of Veterans Affairs,PHILIPS NORTH AMERICA LLC,DA10,2024-10-23,2029-10-31 00:00:00,FULL AND OPEN COMPETITION,,PHILIPS CARDIOLOGY SOFTWARE UPGRADES AND MAINTENANCE.,https://www.usaspending.gov/award/CONT_AWD_36C24625F0031_3600_VA797H17D0022_3600
other,competed_one_bid,1,215981.94,Defense Health Agency,"EBSCO INFORMATION SERVICES, LLC",DH10,2023-02-28,2026-02-28 00:00:00,COMPETED UNDER SAP,,"DATABASE SUBSCRIPTION SERVICES FOR THE MEDICAL LIBRARY AT TRIPLER ARMY MEDICAL CENTER, HAWAII",https://www.usaspending.gov/award/CONT_AWD_W81K0223P0044_9700_-NONE-_-NONE-
other,competed_one_bid,1,215946.21,Department of Veterans Affairs,RETIREMENTHOMETV CORPORATION,D317,2019-10-01,2025-03-31 00:00:00,COMPETED UNDER SAP,,SATELLITE TELEVISION SERVICE,https://www.usaspending.gov/award/CONT_AWD_36C25020C0011_3600_-NONE-_-NONE-
document_processing,competed_one_bid,1,215821.62,Defense Health Agency,MEDIALAB SOLUTIONS LLC,DA10,2024-06-14,2027-06-13 00:00:00,COMPETED UNDER SAP,,LABORATORY DOCUMENT CONTROL SOFTWARE SYS,https://www.usaspending.gov/award/CONT_AWD_HT940624P0100_9700_-NONE-_-NONE-
other,competed_one_bid,1,215685.24,Department of Veterans Affairs,"GOVERNMENT MARKETING AND PROCUREMENT, LLC",DA10,2023-09-05,2027-09-30 00:00:00,FULL AND OPEN COMPETITION,,VOCERA SUPPORT,https://www.usaspending.gov/award/CONT_AWD_36C25623F0290_3600_GS07F187GA_4732
other,competed_one_bid,1,215627.05,Office of the Assistant Secretary for Financial Resources,BLUE TECH INC.,DB10,2024-11-15,2026-10-31 00:00:00,FULL AND OPEN COMPETITION AFTER EXCLUSION OF SOURCES,,RED HAT SUBSCRIPTIONS SERVICES,https://www.usaspending.gov/award/CONT_AWD_75P00125F80005_7570_NNG15SD00B_8000
other,competed_one_bid,1,215017.27,National Institutes of Health,"DIGITAL INFUZION, LLC",D399,2015-06-09,2023-08-24 00:00:00,FULL AND OPEN COMPETITION AFTER EXCLUSION OF SOURCES,,IGF::CT::IGF  DIGITAL INFUZION INC:1108522 [15-007550],https://www.usaspending.gov/award/CONT_AWD_HHSN26900001_7529_HHSN316201200128W_7529
infrastructure_ops,competed_one_bid,1,214796.63,Office of the Assistant Secretary for Financial Resources,"NEW TECH SOLUTIONS, INC.",DA10,2026-09-09,2031-09-26 00:00:00,FULL AND OPEN COMPETITION AFTER EXCLUSION OF SOURCES,,"STARS AUTOMATION SYSTEM THE PROCUREMENT OF APPLICATION LICENSES, CLOUD STORAGE (INCLUDING MAINTENANCE AND SUPPORT), AND CLOUD INSTANCE UPGRADES TO 2XL FOR THE STARS AUTOMATION SYSTEM IS ESSENTIAL TO SUSTAIN MISSION-CRITICAL ACQUISITION OPERATIONS AT",https://www.usaspending.gov/award/CONT_AWD_7571TE26F80216_7571_NNG15SC82B_8000
other,competed_one_bid,1,212853.47,Department of Veterans Affairs,"BRISTON CONSTRUCTION, LLC",DA01,2022-08-22,2026-03-31 00:00:00,COMPETED UNDER SAP,,N/A,https://www.usaspending.gov/award/CONT_AWD_36C25622C0080_3600_-NONE-_-NONE-
other,competed_one_bid,1,210393.53,Department of Veterans Affairs,RETIREMENTHOMETV CORPORATION,DG10,2023-07-30,2025-07-31 00:00:00,FULL AND OPEN COMPETITION,,VAHCS WPB FL TV CONTRACT,https://www.usaspending.gov/award/CONT_AWD_36C24823P2009_3600_-NONE-_-NONE-
other,competed_one_bid,1,208053.78,Department of Veterans Affairs,"EXECUTIVE BROADBAND COMMUNICATIONS, LLC",DE10,2022-04-10,2026-12-31 00:00:00,COMPETED UNDER SAP,,DIRECTV SERVICES ROUDEBUSH VAMC,https://www.usaspending.gov/award/CONT_AWD_36C10A22P0008_3600_-NONE-_-NONE-
other,competed_one_bid,1,207522.28,Department of Veterans Affairs,"MILVETS SYSTEMS TECHNOLOGY, INC.",DC01,2026-06-18,2026-09-04 00:00:00,COMPETED UNDER SAP,,RELOCATION OF SENSITIVE EQUIPMENT (ROSE)TASK ORDER 18,https://www.usaspending.gov/award/CONT_AWD_36C10X26N0126_3600_36C10X23A0002_3600
scheduling_referral_community_care,competed_one_bid,1,207218.76,Department of Veterans Affairs,"GOVERNMENT MARKETING AND PROCUREMENT, LLC",DA01,2025-08-06,2030-08-05 00:00:00,FULL AND OPEN COMPETITION,,QGENDA SCHEDULING SOFTWARE,https://www.usaspending.gov/award/CONT_AWD_36C10B25F0209_3600_GS07F187GA_4732
document_processing,competed_one_bid,1,206793.93,Food and Drug Administration,"EC AMERICA, INC",D317,2019-07-22,2024-01-17 00:00:00,FULL AND OPEN COMPETITION,,FOIAXPRESS SUBSCRIPTION AND SUPPORT,https://www.usaspending.gov/award/CONT_AWD_75F40119F80232_7524_GS35F0511T_4730
scheduling_referral_community_care,competed_one_bid,1,206350.63,Department of Veterans Affairs,"MINBURN TECHNOLOGY GROUP, LLC",DA10,2024-07-22,2029-09-08 00:00:00,FULL AND OPEN COMPETITION AFTER EXCLUSION OF SOURCES,,CONSULT TRACKING MANAGER,https://www.usaspending.gov/award/CONT_AWD_36C24724F0509_3600_NNG15SD34B_8000
infrastructure_ops,competed_one_bid,1,205935.11,Defense Health Agency,MISSION FIRST SOLUTIONS LLC,DH01,2023-09-13,2024-09-14 00:00:00,FULL AND OPEN COMPETITION,,CLOUD COMPUTING SUPPORT SERVICES,https://www.usaspending.gov/award/CONT_AWD_HT942523F0331_9700_47QTCA19D00L6_4732
other,competed_one_bid,1,205836.76,Department of Veterans Affairs,PHILIPS NORTH AMERICA LLC,DA10,2023-09-15,2026-02-18 00:00:00,FULL AND OPEN COMPETITION,,INTELLISPACE ESSENTIAL SMA WITH HARDWARE SUPPORT,https://www.usaspending.gov/award/CONT_AWD_36C24423F0492_3600_VA797H17D0022_3600
other,competed_one_bid,1,204757.6,Department of Veterans Affairs,"FOUR POINTS TECHNOLOGY, L.L.C.",7035,2020-10-29,2026-01-10 00:00:00,COMPETED UNDER SAP,,VISN 19 BLANKET PURCHASE AGREEMENT ORDER FOR MAILING SYSTEM REQMTS.,https://www.usaspending.gov/award/CONT_AWD_36C25921N0089_3600_36C25920A0065_3600
other,competed_one_bid,1,204086.0,Defense Health Agency,"E-LOGIC, INC.",DE01,2023-09-18,2024-09-18 00:00:00,COMPETED UNDER SAP,,VTC TECHNICAL SUPPORT AND MAINTENANCE,https://www.usaspending.gov/award/CONT_AWD_HT940823P0015_9700_-NONE-_-NONE-
other,competed_one_bid,1,203675.81,Department of Veterans Affairs,"COGECO US FINANCE, LLC",DG11,2021-10-26,2025-09-30 00:00:00,FULL AND OPEN COMPETITION,,CABLE TELEVISION SIGNAL AND SERVICE,https://www.usaspending.gov/award/CONT_AWD_36C24522C0013_3600_-NONE-_-NONE-
infrastructure_ops,competed_one_bid,1,203505.91,Department of Veterans Affairs,"MINBURN TECHNOLOGY GROUP, LLC",DA10,2026-01-22,2030-01-23 00:00:00,FULL AND OPEN COMPETITION AFTER EXCLUSION OF SOURCES,,GETWELL NETWORK LICENSE- SUPPORT SERVICES,https://www.usaspending.gov/award/CONT_AWD_36C24626F0058_3600_NNG15SD34B_8000
other,competed_one_bid,1,202904.31,Defense Health Agency,ATT MOBILITY LLC,DG11,2024-08-15,2028-09-02 00:00:00,FULL AND OPEN COMPETITION,,WIRELESS CELLULAR SERVICES,https://www.usaspending.gov/award/CONT_AWD_HT942524F0265_9700_N0024424D0005_9700
other,competed_one_bid,1,199925.7,Department of Veterans Affairs,COLOSSAL CONTRACTING LLC,DA10,2023-03-30,2026-03-31 00:00:00,FULL AND OPEN COMPETITION AFTER EXCLUSION OF SOURCES,,"NEW AND RENEWAL VEEAM SOFTWARE LICENSES, MAINTENANCE AND TECHNICAL SUPPORT",https://www.usaspending.gov/award/CONT_AWD_36C10A23F0059_3600_NNG15SD72B_8000
other,competed_one_bid,1,199046.62,National Institutes of Health,"TECHNOLOGY SOLUTIONS PROVIDER, LLC",DA10,2026-08-13,2027-08-13 00:00:00,FULL AND OPEN COMPETITION,,NLM: CHECKMARX SOFTWARE RENEWAL - SEVERABLE,https://www.usaspending.gov/award/CONT_AWD_75N98026F00300_7529_GS35F0128Y_4732
analytics_reporting,competed_one_bid,1,199000.0,Centers for Medicare and Medicaid Services,QUEST ANALYTICS LLC,DA10,2025-08-22,2030-08-23 00:00:00,FULL AND OPEN COMPETITION,,THE PURPOSE OF THIS CONTRACT IS TO PROCURE QUEST ANALYTICS SUITE OF SOFTWARE TOOLS TO MEASURE THE NETWORK ADEQUACY OF MEDICARE ADVANTAGE AND PRESCRIPTION DRUG PLAN ORGANIZATIONS. THE PRODUCT VENDOR SHALL PROVIDE DEFINED SOLUTIONS FOR ALL THE PRESCRIB,https://www.usaspending.gov/award/CONT_AWD_75FCMC25FJ106_7530_GS35F177BA_4732
other,competed_one_bid,1,198096.02,Department of Veterans Affairs,VETERAN TECHNOLOGY PARTNERS LLC,DG11,2024-09-27,2025-03-25 00:00:00,FULL AND OPEN COMPETITION AFTER EXCLUSION OF SOURCES,,JUNIPER MIST VBLE,https://www.usaspending.gov/award/CONT_AWD_36C24824F0356_3600_NNG15SD43B_8000
other,competed_one_bid,1,197113.8,Department of Veterans Affairs,"PERFORMAX 3, INC.",DE01,2021-10-01,2026-09-30 00:00:00,FULL AND OPEN COMPETITION,,PERFORMAX3 SOFTWARE AND MAINTENANCE SERVICE,https://www.usaspending.gov/award/CONT_AWD_36C24822F0018_3600_GS35F0077R_4730
other,competed_one_bid,1,197000.18,Indian Health Service,SCRIPTPRO USA INC,D399,2020-02-26,2025-09-30 00:00:00,FULL AND OPEN COMPETITION,,SCRIPT PRO SUPPORT,https://www.usaspending.gov/award/CONT_AWD_75H71120F80132_7527_36F79719D0135_3600
infrastructure_ops,competed_one_bid,1,196368.86,Office of the Assistant Secretary for Financial Resources,ALVAREZ LLC,DB02,2026-09-25,2027-09-27 00:00:00,FULL AND OPEN COMPETITION,,COHESITY CLOUD BACKUP,https://www.usaspending.gov/award/CONT_AWD_7571TE26F80389_7571_HHSN316201500032W_7529
clinical_it_ehr,competed_one_bid,1,196368.0,Department of Veterans Affairs,MEDICOM TECHNOLOGIES INC,DA10,2026-09-12,2027-09-24 00:00:00,COMPETED UNDER SAP,,OY3 VISN BPA EHR IMAGE SHARING SOFTWARE,https://www.usaspending.gov/award/CONT_AWD_36C26226N0990_3600_36C26223A0074_3600
clinical_it_ehr,competed_one_bid,1,196368.0,Department of Veterans Affairs,MEDICOM TECHNOLOGIES INC,DA10,2025-09-18,2028-09-24 00:00:00,COMPETED UNDER SAP,,OY2 VISN BPA EHR IMAGE SHARING SOFTWARE,https://www.usaspending.gov/award/CONT_AWD_36C26225N1148_3600_36C26223A0074_3600
other,competed_one_bid,1,196341.5,Department of Veterans Affairs,"SIERRA7, INC.",DA10,2023-12-18,2024-12-31 00:00:00,FULL AND OPEN COMPETITION AFTER EXCLUSION OF SOURCES,,ZENHUB ENTERPRISE SOFTWARE LICENSES,https://www.usaspending.gov/award/CONT_AWD_36C10B24F0036_3600_NNG15SD78B_8000
other,competed_one_bid,1,194867.41,Department of Veterans Affairs,"FOUR POINTS TECHNOLOGY, L.L.C.",DA10,2022-09-16,2027-09-20 00:00:00,FULL AND OPEN COMPETITION AFTER EXCLUSION OF SOURCES,,LOGICARE PATIENT INSTRUCTIONS,https://www.usaspending.gov/award/CONT_AWD_36C24422F0586_3600_NNG15SD22B_8000
other,competed_one_bid,1,194394.78,Department of Veterans Affairs,"VLOGIC SYSTEMS, INC",DA10,2024-09-25,2025-09-25 00:00:00,COMPETED UNDER SAP,,ELECTRONIC DRAWINGS,https://www.usaspending.gov/award/CONT_AWD_36C24424N1144_3600_36C24422A0044_3600
other,competed_one_bid,1,193212.88,Department of Veterans Affairs,"LUMEN TECHNOLOGIES GOVERNMENT SOLUTIONS, INC",DG11,2022-03-24,2027-03-31 00:00:00,FULL AND OPEN COMPETITION,,NLEC-NG SERVICE ORDER 13,https://www.usaspending.gov/award/CONT_AWD_36C10A22N0024_3600_36C10B20D0030_3600
other,competed_one_bid,1,192958.34,Department of Veterans Affairs,"MINBURN TECHNOLOGY GROUP, LLC",DA10,2024-09-20,2030-07-27 00:00:00,COMPETED UNDER SAP,,DSS INFUSION THERAPY MANAGER (ITM APPLICATION) HAMPTON VAMC,https://www.usaspending.gov/award/CONT_AWD_36C10A24P0014_3600_-NONE-_-NONE-
other,competed_one_bid,1,192224.41,Centers for Disease Control and Prevention,SOFTWARE INFORMATION RESOURCE CORP.,DA10,2022-06-24,2026-09-16 00:00:00,FULL AND OPEN COMPETITION AFTER EXCLUSION OF SOURCES,,EFAX,https://www.usaspending.gov/award/CONT_AWD_75D30122F14002_7523_NNG15SD74B_8000
other,competed_one_bid,1,191399.3,Department of Veterans Affairs,"ATLANTIC BROADBAND MANAGEMENT, LLC",D309,2016-10-01,2024-06-20 00:00:00,COMPETED UNDER SAP,,IGF::CL::IGF PROVIDE CABLE TELEVISION SIGNAL - PERRY POINT,https://www.usaspending.gov/award/CONT_AWD_VA24517C0009_3600_-NONE-_-NONE-
other,competed_one_bid,1,191299.82,Department of Veterans Affairs,"COMPUTRITION, INC.",D303,2020-04-02,2025-03-03 00:00:00,FULL AND OPEN COMPETITION,,"LICENSED PRODUCTS, SOFTWARE AND SOFTWARE UPDATES",https://www.usaspending.gov/award/CONT_AWD_36C24720F0276_3600_GS35F0037M_4730
other,competed_one_bid,1,190610.0,Department of Veterans Affairs,"SIEMENS MEDICAL SOLUTIONS USA, INC.",DA10,2026-06-08,2027-07-04 00:00:00,FULL AND OPEN COMPETITION,,"SIEMENS MEDICAL SOLUTIONS USA, INC.",https://www.usaspending.gov/award/CONT_AWD_36C25726F0094_3600_SPE2D117D0023_9700
infrastructure_ops,competed_one_bid,1,189967.44,National Institutes of Health,"NETCOMM, INC.",DA10,2025-12-03,2026-12-02 00:00:00,FULL AND OPEN COMPETITION,,NIAAA: SERVICE: BEACON CLOUD FEDRAMP- FINANCE AND HR MODULES -SEVERABLE,https://www.usaspending.gov/award/CONT_AWD_75N94026F00007_7529_47QTCA24D0058_4732
other,competed_one_bid,1,189428.0,Department of Veterans Affairs,INVISTICS CORPORATION,DA10,2022-12-14,2025-12-14 00:00:00,COMPETED UNDER SAP,,SOFTWARE SERVICES - LEBANON VAMC,https://www.usaspending.gov/award/CONT_AWD_36C24423P0144_3600_-NONE-_-NONE-
other,competed_one_bid,1,189077.25,Centers for Disease Control and Prevention,AVI-SPL LLC,DE01,2021-03-03,2026-03-07 00:00:00,FULL AND OPEN COMPETITION,,AVBPA EOC VIDEO WALL MAINTENANCE,https://www.usaspending.gov/award/CONT_AWD_75D30121F10560_7523_HHSD2002018F00097B_7523
infrastructure_ops,competed_one_bid,1,188746.95,Office of the Assistant Secretary for Financial Resources,"TECHNOLOGY SOLUTIONS PROVIDER, LLC",DA10,2025-09-26,2026-08-13 00:00:00,FULL AND OPEN COMPETITION AFTER EXCLUSION OF SOURCES,,DELIVER SECURE HIGH-QUALITY APPLICATIONS THAT MEET REGULATORY STANDARDS AND PROTECT SENSITIVE BIOMEDICAL DATA,https://www.usaspending.gov/award/CONT_AWD_75N98025F00287_7529_NNG15SD92B_8000
other,competed_one_bid,1,188608.5,Department of Veterans Affairs,ARCHITECHTURE SOLUTIONS LLC,DA10,2025-08-05,2028-08-05 00:00:00,FULL AND OPEN COMPETITION AFTER EXCLUSION OF SOURCES,,KNOWWARE QI MACROS EXCEL ADD-IN SOFTWARE LICENSE UPGRADE,https://www.usaspending.gov/award/CONT_AWD_36C10A25F0031_3600_NNG15SD42B_8000
scheduling_referral_community_care,competed_one_bid,1,187006.16,Department of Veterans Affairs,"MINBURN TECHNOLOGY GROUP, LLC",DA10,2025-05-08,2026-05-31 00:00:00,FULL AND OPEN COMPETITION AFTER EXCLUSION OF SOURCES,,DSS CONSULT TRACKING MANAGER SAAS FOR BOISE VAMC ONE YEAR ONLY,https://www.usaspending.gov/award/CONT_AWD_36C26025F0255_3600_NNG15SD34B_8000
other,competed_one_bid,1,186253.68,National Institutes of Health,"NETCOMM, INC.",DF01,2023-10-19,2024-11-10 00:00:00,FULL AND OPEN COMPETITION,,NETCOMM INC:1108018 [24-000017],https://www.usaspending.gov/award/CONT_AWD_75N98F24F00001_7529_GS35F0564P_4730
analytics_reporting,competed_one_bid,1,184625.95,Food and Drug Administration,PARAGON MICRO INC,DD01,2024-03-06,2026-03-06 00:00:00,FULL AND OPEN COMPETITION AFTER EXCLUSION OF SOURCES,,THIS SOFTWARE DEVELOPMENT PLATFORM IS NEEDED FOR THE DEVELOPMENT OF DASHBOARDS AND USER INTERFACES FOR OFFICE OF FOOD ADDITIVE SAFETY (OFAS) ARTIFICIAL INTELLIGENCE TOOL. THIS TOOL IS DESIGNED FOR ADVANCED DATA ANALYSIS AND RISK-BASED DECISION MAKING,https://www.usaspending.gov/award/CONT_AWD_75F40124F80063_7524_NNG15SD91B_8000
other,competed_one_bid,1,184624.68,National Institutes of Health,"MATHWORKS, INC THE",DA01,2024-12-02,2025-11-30 00:00:00,COMPETED UNDER SAP,,RENEW MATLAB MAINTENANCE LICENSE,https://www.usaspending.gov/award/CONT_AWD_75N97025P00016_7529_-NONE-_-NONE-
infrastructure_ops,competed_one_bid,1,184611.31,National Institutes of Health,DYNAMIC SYSTEMS INC,7050,2020-05-27,2020-07-01 00:00:00,FULL AND OPEN COMPETITION,,DYNAMIC SYSTEMS:1110311 [20-008762] THE PURPOSE OF THIS ORDER IS TO PURCHASE THE BELOW ORACLE SERVER(S) FOR THE CLINICAL CENTER DATA CENTER (CCDC). THESE SERVERS WILL REPLACE EXISTING SUN SPARC SERVERS THAT HAVE REACHED END OF USEFUL LIFE. THE SERVE,https://www.usaspending.gov/award/CONT_AWD_75N90020F00002_7529_HHSN316201500045W_7529
infrastructure_ops,competed_one_bid,1,184432.2,National Institutes of Health,"NETCOMM, INC.",DA10,2024-10-31,2025-10-31 00:00:00,FULL AND OPEN COMPETITION,,BEACON CLOUD FEDRAMP- FINANCE AND HR MODULES,https://www.usaspending.gov/award/CONT_AWD_75N94025F00010_7529_47QTCA24D0058_4732
other,competed_one_bid,1,183810.0,Department of Veterans Affairs,"TWO WAY RADIO GEAR, INC",DE11,2023-03-31,2028-04-06 00:00:00,FULL AND OPEN COMPETITION,,CELLULAR MOTOROLA RADIO SERVICE,https://www.usaspending.gov/award/CONT_AWD_36C24823P1128_3600_-NONE-_-NONE-
other,competed_one_bid,1,183285.54,Department of Veterans Affairs,WOLTERS KLUWER HEALTH,D399,2019-12-31,2024-12-05 00:00:00,COMPETED UNDER SAP,,PBM PHARMACY DATABASE SUBSCRIPTION,https://www.usaspending.gov/award/CONT_AWD_36C77620C0004_3600_-NONE-_-NONE-
other,competed_one_bid,1,182508.0,Department of Veterans Affairs,"EMERGENT, LLC",DH01,2024-05-28,2025-05-30 00:00:00,FULL AND OPEN COMPETITION,,SLP-100 ORACLE PRIMAVERA UNIFIER PM SAAS,https://www.usaspending.gov/award/CONT_AWD_36C26224F0365_3600_NNG15SC33B_8000
other,competed_one_bid,1,182127.19,Department of Veterans Affairs,"FOUR POINTS TECHNOLOGY, L.L.C.",D399,2020-05-06,2025-05-31 00:00:00,FULL AND OPEN COMPETITION AFTER EXCLUSION OF SOURCES,,PM DATA INNOVATION,https://www.usaspending.gov/award/CONT_AWD_36C24720F0407_3600_NNG15SD22B_8000
other,competed_one_bid,1,181809.28,National Institutes of Health,"NEW TECH SOLUTIONS, INC.",DD01,2025-07-23,2026-09-14 00:00:00,FULL AND OPEN COMPETITION,,CROWDSTRIKE TIER FOUR - INCIDENT RESPONSE & FORENSIC PROFESSIONAL SERVICES RETAINER,https://www.usaspending.gov/award/CONT_AWD_75N98125F00003_7529_HHSN316201500040W_7529
infrastructure_ops,competed_one_bid,1,181000.0,Department of Veterans Affairs,"SCHNEIDER ELECTRIC USA, INC.",DA10,2024-09-27,2026-01-29 00:00:00,COMPETED UNDER SAP,,SCHNEIDER ELECTRIC METERING SOFTWARE AND DATA HOSTING SERVICES,https://www.usaspending.gov/award/CONT_AWD_36C77624P0099_3600_-NONE-_-NONE-
other,competed_one_bid,1,180873.97,Department of Veterans Affairs,"FOUR POINTS TECHNOLOGY, L.L.C.",DA10,2024-03-29,2027-03-31 00:00:00,FULL AND OPEN COMPETITION AFTER EXCLUSION OF SOURCES,,VINCI PPRL,https://www.usaspending.gov/award/CONT_AWD_36C10B24F0093_3600_NNG15SD22B_8000
other,competed_one_bid,1,180192.6,Department of Veterans Affairs,ALVAREZ LLC,DA10,2026-01-07,2027-03-31 00:00:00,COMPETED UNDER SAP,,ENTERPRISE CLINICAL COMMUNICATION SYSTEM (VOCERA).,https://www.usaspending.gov/award/CONT_AWD_36C25226N0181_3600_36C25221A0026_3600
other,competed_one_bid,1,180192.6,Department of Veterans Affairs,ALVAREZ LLC,DA01,2024-01-18,2025-03-31 00:00:00,COMPETED UNDER SAP,,ENTERPRISE CLINICAL COMMUNICATION SYSTEM (VOCERA). ORDER 5 HARDWARE AND WARRANTIES.,https://www.usaspending.gov/award/CONT_AWD_36C25224N0241_3600_36C25221A0026_3600
other,competed_one_bid,1,180036.68,National Institutes of Health,ATT MOBILITY LLC,D304,2019-01-10,2022-12-23 00:00:00,FULL AND OPEN COMPETITION,,"MOBILE VOICE AND DATA EQUIPMENT, SERVICES, AND ACCESSORIES",https://www.usaspending.gov/award/CONT_AWD_75N96019F00018_7529_GS00Q13NSA3000_4732
other,competed_one_bid,1,180000.0,Office of the Assistant Secretary for Administration,"FOUR POINTS TECHNOLOGY, L.L.C.",DC10,2023-11-06,2024-10-29 00:00:00,FULL AND OPEN COMPETITION,,AWS SERVICES 2023-2024,https://www.usaspending.gov/award/CONT_AWD_75P00224F80001_7570_HHSN316201500034W_7529
other,competed_one_bid,1,179999.25,National Institutes of Health,ZAYO GROUP LLC,DD01,2021-03-04,2022-10-20 00:00:00,FULL AND OPEN COMPETITION,,12 MONTH RENEWAL FOR 10 GBPS WAVE SERVICE LEASE FOR OPTICAL TRANSPORT CIRCUITS FROM RML TO BETHESDA,https://www.usaspending.gov/award/CONT_AWD_75N93021F00129_7529_GS35F070CA_4732
scheduling_referral_community_care,competed_one_bid,1,179232.21,Department of Veterans Affairs,"MINBURN TECHNOLOGY GROUP, LLC",DA10,2025-03-07,2030-02-28 00:00:00,FULL AND OPEN COMPETITION AFTER EXCLUSION OF SOURCES,,DSS CONSULT TRACKING MANAGER BASE PLUS 4 OY'S - PUGET SOUND HCS,https://www.usaspending.gov/award/CONT_AWD_36C26025F0168_3600_NNG15SD34B_8000
infrastructure_ops,competed_one_bid,1,179119.73,Office of the Assistant Secretary for Financial Resources,PARAGON MICRO INC,DA10,2025-10-31,2026-08-31 00:00:00,COMPETED UNDER SAP,,CIT: SERVICE: RENEW HPC/BIOWULF'S MAINTENANCE FOR DATADIRECT NETWORKS,https://www.usaspending.gov/award/CONT_AWD_75N94026P00002_7529_-NONE-_-NONE-
scheduling_referral_community_care,competed_one_bid,1,179069.52,National Institutes of Health,"NETCOMM, INC.",DA10,2023-10-30,2024-10-31 00:00:00,FULL AND OPEN COMPETITION,,"THIS FIRM FIXED PRICE TASK /DELIVERY/ PURCHASE ORDER IS AWARDED IN ACCORDANCE WITH FAR 8.405 ORDERING AND, PURSUANT TO GSA SCHEDULE # GS-35F-0564P FOR BEACON CLOUD FEDRAMP- FINANCE AND HR MODULES TO NETCOMM INC:1108018 IN THE AMOUNT OF $179,069.52.",https://www.usaspending.gov/award/CONT_AWD_75N94024F00008_7529_GS35F0564P_4730
other,competed_one_bid,1,177757.0,Department of Veterans Affairs,"REDHAWK IT SOLUTIONS, LLC",DD01,2023-08-08,2024-03-01 00:00:00,FULL AND OPEN COMPETITION AFTER EXCLUSION OF SOURCES,,AVID MAMS EXPANSION,https://www.usaspending.gov/award/CONT_AWD_36C77623F0022_3600_NNG15SD38B_8000
other,competed_one_bid,1,177736.4,Department of Veterans Affairs,ALVAREZ LLC,DA10,2026-09-16,2027-09-16 00:00:00,FULL AND OPEN COMPETITION AFTER EXCLUSION OF SOURCES,,SPACE MANAGEMENT SOFTWARE,https://www.usaspending.gov/award/CONT_AWD_36C25926F0346_3600_NNG15SD19B_8000
other,competed_one_bid,1,176851.13,Department of Veterans Affairs,ALVAREZ LLC,DA10,2026-01-21,2027-02-22 00:00:00,COMPETED UNDER SAP,,ENTERPRISE CLINICAL COMMUNICATION SYSTEM (VOCERA).,https://www.usaspending.gov/award/CONT_AWD_36C25226N0188_3600_36C25221A0026_3600
portal_web,competed_one_bid,1,176570.52,Centers for Medicare and Medicaid Services,"GLOBAL SOLUTIONS GROUP, INC.",DA10,2021-12-07,2024-12-06 00:00:00,COMPETED UNDER SAP,,THE PURPOSE OF THIS PURCHASE ORDER IS FOR CONTINUED MAINTENANCE OF THE LASERFICHE SOFTWARE THAT ALL 10 CMS REGIONS AND BALTIMORE HEADQUARTERS USE.  IT ALSO WILL FULFILL THE LEGAL REQUIREMENT TO MAINTAIN ACCESS TO CMS RECORDS IN THE IMAGED FORM.,https://www.usaspending.gov/award/CONT_AWD_75FCMC22P0003_7530_-NONE-_-NONE-
other,competed_one_bid,1,175474.21,Department of Veterans Affairs,OEG INC,DA10,2024-04-04,2029-04-03 00:00:00,COMPETED UNDER SAP,,RAULAND RESPONDER 5 SOFTWARE MAINTENANCE SERVICES PORTLAND/VANCOUVER VA,https://www.usaspending.gov/award/CONT_AWD_36C26024P0445_3600_-NONE-_-NONE-
other,competed_one_bid,1,174016.31,Department of Veterans Affairs,"V3GATE, LLC",DA10,2025-01-03,2026-08-14 00:00:00,FULL AND OPEN COMPETITION AFTER EXCLUSION OF SOURCES,,POWERSCRIBE 360 SERVICE CONTRACT,https://www.usaspending.gov/award/CONT_AWD_36C25725F0037_3600_NNG15SD27B_8000
other,competed_one_bid,1,173895.94,Department of Veterans Affairs,"EXECUTIVE BROADBAND COMMUNICATIONS, LLC",DD01,2021-02-01,2025-12-31 00:00:00,COMPETED UNDER SAP,,DIRECT TV SATELLITE SERVICE,https://www.usaspending.gov/award/CONT_AWD_36C24221P0402_3600_-NONE-_-NONE-
other,competed_one_bid,1,173752.0,National Institutes of Health,"THE MATHWORKS, INC.",DA01,2023-11-30,2024-11-30 00:00:00,COMPETED UNDER SAP,,TO RENEW MATLAB MAINTENANCE LICENSE.,https://www.usaspending.gov/award/CONT_AWD_75N97024P00018_7529_-NONE-_-NONE-
other,competed_one_bid,1,170781.37,Department of Veterans Affairs,ACUSTAF DEVELOPMENT CORP,DA01,2022-06-30,2027-06-30 00:00:00,FULL AND OPEN COMPETITION,,STAFFING SOFTWARE - COATESVILLE VAMC,https://www.usaspending.gov/award/CONT_AWD_36C24422F0442_3600_GS35F0408X_4732
infrastructure_ops,competed_one_bid,1,170006.68,Indian Health Service,"KAIVA SERVICES, LLC",DG01,2024-09-20,2025-09-19 00:00:00,COMPETED UNDER SAP,,"FIRM FIXED-PRICE, NON-PERSONAL SERVICE TYPE, COMMERCIAL ITEM, PURCHASE ORDER TO PROVIDE, INSTALL, AND CONFIGURE SOFTWARE AND EQUIPMENT TO REFRESH AND UPDATE THE CURRENT NETWORK INFRASTRUCTURE FOR THE VARIOUS OEH&E FIELD OFFICES WITHIN THE GREAT P",https://www.usaspending.gov/award/CONT_AWD_75H70624P00854_7527_-NONE-_-NONE-
analytics_reporting,competed_one_bid,1,168750.32,Defense Health Agency,"EXECUTIVE INFORMATION SYSTEMS, L.L.C.",DA10,2023-12-21,2029-01-31 00:00:00,FULL AND OPEN COMPETITION,,"MAINTENANCE SUPPORT FOR CURRENT GOVERNMENT OWNED, SAS OFFICE ANALYTICS.",https://www.usaspending.gov/award/CONT_AWD_HT942524F0037_9700_47QTCA18D0081_4732
other,competed_one_bid,1,168517.5,National Institutes of Health,MICROMAIN CORPORATION,7035,2015-03-11,2020-02-18 00:00:00,COMPETED UNDER SAP,,IGF::OT::IGF  MS CONSTRUCTION - MATTHEW HARTY,https://www.usaspending.gov/award/CONT_AWD_HHSN292201500067P_7529_-NONE-_-NONE-
clinical_it_ehr,competed_one_bid,1,167858.56,Department of Veterans Affairs,"SUPRAVISTA MEDICAL DSS, LLC",DH10,2023-05-30,2028-09-29 00:00:00,COMPETED UNDER SAP,,SUPER VISTA,https://www.usaspending.gov/award/CONT_AWD_36C24723P0865_3600_-NONE-_-NONE-
other,competed_one_bid,1,166013.23,Department of Veterans Affairs,"GOVERNMENT MARKETING AND PROCUREMENT, LLC",DA10,2022-01-19,2026-02-11 00:00:00,FULL AND OPEN COMPETITION,,SOFTWARE LICENSE,https://www.usaspending.gov/award/CONT_AWD_36C26222F0156_3600_GS35F0858N_4730
other,competed_one_bid,1,165900.0,Department of Veterans Affairs,911INET LLC,DE11,2022-10-03,2027-09-30 00:00:00,FULL AND OPEN COMPETITION,,RADIO MAINTENANCE SERVICE,https://www.usaspending.gov/award/CONT_AWD_36C24523C0008_3600_-NONE-_-NONE-
other,competed_one_bid,1,165663.0,Department of Veterans Affairs,"REDHAWK IT SOLUTIONS, LLC",DA10,2026-08-26,2031-08-30 00:00:00,FULL AND OPEN COMPETITION AFTER EXCLUSION OF SOURCES,,KAHUA,https://www.usaspending.gov/award/CONT_AWD_36C24426F0381_3600_NNG15SD38B_8000
other,competed_one_bid,1,165559.32,Department of Veterans Affairs,"KAIVA SERVICES, LLC",DG10,2021-10-26,2026-10-31 00:00:00,COMPETED UNDER SAP,,CABLE SERVICE,https://www.usaspending.gov/award/CONT_AWD_36C25522P0030_3600_-NONE-_-NONE-
other,competed_one_bid,1,165088.29,Defense Health Agency,"S&K MISSION SUPPORT, LLC",DE01,2024-03-19,2026-11-30 00:00:00,FULL AND OPEN COMPETITION AFTER EXCLUSION OF SOURCES,,MALMSTROM INFORMATION ASSURANCE TECHNICIAN LEVEL I,https://www.usaspending.gov/award/CONT_AWD_HT940724F0029_9700_47QTCB21D0278_4732
other,competed_one_bid,1,164585.3,Office of Assistant Secretary for Preparedness and Response,DYNAMIC SYSTEMS INC,DA10,2022-07-09,2026-08-17 00:00:00,FULL AND OPEN COMPETITION AFTER EXCLUSION OF SOURCES,,ORACLE SOFTWARE RENEWAL,https://www.usaspending.gov/award/CONT_AWD_75A50322F80017_7505_NNG15SC69B_8000
other,competed_one_bid,1,164504.88,Department of Veterans Affairs,"EVCO SOUND & ELECTRONICS, INC",DA10,2024-07-31,2029-08-31 00:00:00,COMPETED UNDER SAP,,RAULAND RESPONDER 5 SERVICES,https://www.usaspending.gov/award/CONT_AWD_36C26024P0889_3600_-NONE-_-NONE-
other,competed_one_bid,1,164147.35,National Institutes of Health,ATT MOBILITY LLC,D399,2019-05-29,2020-12-27 00:00:00,FULL AND OPEN COMPETITION,,AT&T CORP.:1256854 [19-003717],https://www.usaspending.gov/award/CONT_AWD_75N92B19F00047_7529_GS35F0297K_4730
other,competed_one_bid,1,163924.82,Department of Veterans Affairs,"WELCH ALLYN, INC.",DF10,2022-09-28,2025-09-25 00:00:00,FULL AND OPEN COMPETITION,,VITAL SIGNS MONITOR SOFTWARE B+2OY,https://www.usaspending.gov/award/CONT_AWD_36C26222C0228_3600_-NONE-_-NONE-
scheduling_referral_community_care,competed_one_bid,1,162960.36,Department of Veterans Affairs,"GOVERNMENT MARKETING AND PROCUREMENT, LLC",DA10,2023-03-31,2028-04-15 00:00:00,FULL AND OPEN COMPETITION,,ONLINE WORKFORCE SCHEDULING APPLICATION FOR ANESTHESIA DEPT. BASE + (4) OPTION YEARS,https://www.usaspending.gov/award/CONT_AWD_36C26123F0254_3600_GS07F187GA_4732
portal_web,competed_one_bid,1,162869.49,Department of Veterans Affairs,"FOUR POINTS TECHNOLOGY, L.L.C.",D317,2020-08-12,2025-08-16 00:00:00,FULL AND OPEN COMPETITION AFTER EXCLUSION OF SOURCES,,ONLINE SUBSCRIPTION,https://www.usaspending.gov/award/CONT_AWD_36C24820F0271_3600_NNG15SD22B_8000
document_processing,competed_one_bid,1,160921.08,Food and Drug Administration,CARAHSOFT TECHNOLOGY CORP,DA10,2023-07-11,2026-07-12 00:00:00,FULL AND OPEN COMPETITION,,THE SCOPE OF THIS ORDER IS TO PROCURE EZ PROTECT VIRUS SCANNING TOOL.,https://www.usaspending.gov/award/CONT_AWD_75F40123F80200_7524_NNG15SC27B_8000
other,competed_one_bid,1,160800.42,Department of Veterans Affairs,"V3GATE, LLC",DK10,2025-09-16,2031-09-16 00:00:00,FULL AND OPEN COMPETITION AFTER EXCLUSION OF SOURCES,,"EQUIPMENT LICENSES AND INSTALLATION FOR CCTV CAMERAS AT DETROIT VAMC, POLICE",https://www.usaspending.gov/award/CONT_AWD_36C10B25F0259_3600_NNG15SD27B_8000
infrastructure_ops,competed_one_bid,1,159935.0,Department of Veterans Affairs,"LRP PUBLICATIONS, INC.",DA10,2024-10-25,2029-10-31 00:00:00,FULL AND OPEN COMPETITION,,CYBERFED SUBSCRIPTION,https://www.usaspending.gov/award/CONT_AWD_36C24725F0029_3600_47QTCA20D002P_4732
other,competed_one_bid,1,158451.15,Department of Veterans Affairs,"CAREFUSION SOLUTIONS, LLC",DA10,2026-09-08,2032-09-24 00:00:00,COMPETED UNDER SAP,,ALARIS SYSTEM MAINTENANCE SOFTWARE FOR ALARIS SUPPORT PROGRAM (ALARIS INFUSION SYSTEM),https://www.usaspending.gov/award/CONT_AWD_36C25626P1070_3600_-NONE-_-NONE-
other,competed_one_bid,1,156675.0,Department of Veterans Affairs,GE PRECISION HEALTHCARE LLC,DA10,2026-09-22,2031-09-24 00:00:00,COMPETED UNDER SAP,,MIM SOFTWARE & MONITORING SERVICE,https://www.usaspending.gov/award/CONT_AWD_36C26326P0754_3600_-NONE-_-NONE-
other,competed_one_bid,1,156345.0,National Institutes of Health,ZAYO GROUP LLC,DD01,2023-08-18,2025-11-30 00:00:00,FULL AND OPEN COMPETITION,,BASE + OPTIONS FOR DARK FIBER LINES FROM RML HAMILTON TO CHICAGO,https://www.usaspending.gov/award/CONT_AWD_75N93023F00353_7529_GS35F070CA_4732
clinical_it_ehr,competed_one_bid,1,155196.0,Department of Veterans Affairs,"ABBOTT RAPID DIAGNOSTICS INFORMATICS, INC",DH10,2026-03-26,2027-03-31 00:00:00,COMPETED UNDER SAP,,EHR UPGRADE TO ORACLE,https://www.usaspending.gov/award/CONT_AWD_36C25226P0281_3600_-NONE-_-NONE-
other,competed_one_bid,1,153896.76,National Institutes of Health,PARAGON MICRO INC,DD01,2024-12-16,2025-12-19 00:00:00,FULL AND OPEN COMPETITION,,4X 10G ELINE CIRCUITS TO AWS (RDCF),https://www.usaspending.gov/award/CONT_AWD_75N93025F00005_7529_HHSN316201500061W_7529
other,competed_one_bid,1,152983.8,Department of Veterans Affairs,"COMCAST CABLE COMMUNICATIONS, LLC",DD01,2024-01-24,2025-01-27 00:00:00,COMPETED UNDER SAP,,COMCAST CABLE SERVICE,https://www.usaspending.gov/award/CONT_AWD_36C24124P0226_3600_-NONE-_-NONE-
clinical_it_ehr,competed_one_bid,1,152564.02,Department of Veterans Affairs,TRILLAMED LLC,DB10,2026-02-11,2026-03-31 00:00:00,FULL AND OPEN COMPETITION,,THIS REQUIREMENT IS FOR A SERVER UPGRADE WHICH IS REQUIRED FOR THE INTEGRATION OF THE EXISTING OMNICELL SYSTEMS WITH CERNER/ ORACLE HEALTH.,https://www.usaspending.gov/award/CONT_AWD_36C10B26F0072_3600_36F79720D0041_3600
infrastructure_ops,competed_one_bid,1,152031.04,Department of Veterans Affairs,MICROTECHNOLOGIES LLC,DA10,2024-03-28,2025-03-31 00:00:00,FULL AND OPEN COMPETITION,,RIGHTFAX SERVER SOFTWARE MAINTENANCE SUPPORT,https://www.usaspending.gov/award/CONT_AWD_36C10A24F0030_3600_NNG15SC42B_8000
other,competed_one_bid,1,151149.22,National Institutes of Health,COMPASS FEDERAL CONSULTING LIMITED LIABILITY COMPANY,DJ01,2023-09-27,2024-04-27 00:00:00,FULL AND OPEN COMPETITION,,OCIO RMF FIC - FOGARTY INTERNATIONAL CENTER (FIC) RISK MANAGEMENT FRAMEWORK (RMF),https://www.usaspending.gov/award/CONT_AWD_75N92023F00003_7529_75N92021A00003_7529
other,competed_one_bid,1,150533.59,Department of Veterans Affairs,"MINBURN TECHNOLOGY GROUP, LLC",DA10,2025-03-20,2030-03-25 00:00:00,FULL AND OPEN COMPETITION AFTER EXCLUSION OF SOURCES,,CLINICAL NOTES TEMPLATES - ANNUAL LICENSE,https://www.usaspending.gov/award/CONT_AWD_36C24825F0138_3600_NNG15SD34B_8000
other,sole_source,1,9995877.0,Office of the Assistant Secretary for Administration,I3 FEDERAL LLC,D399,2020-07-17,2021-04-20 00:00:00,FULL AND OPEN COMPETITION AFTER EXCLUSION OF SOURCES,,TITLE: CARES DATA INTEGRATION PLATFORM,https://www.usaspending.gov/award/CONT_AWD_75P00120F80162_7570_NNG15SD31B_8000
analytics_reporting,sole_source,1,9949999.62,Office of the Assistant Secretary for Administration,"THUNDERCAT TECHNOLOGY, LLC",DF01,2021-02-18,2021-08-16 00:00:00,FULL AND OPEN COMPETITION AFTER EXCLUSION OF SOURCES,,THE DEVELOPMENT OF A DIAGNOSTIC DATA REPORTING PLATFORM TO STREAMLINE THE COLLECTION OF SUCH INFORMATION BY THE FEDERAL GOVERNMENT AND THE STATES.,https://www.usaspending.gov/award/CONT_AWD_75P00121F80042_7570_NNG15SD26B_8000
other,sole_source,1,9948253.3,Department of Veterans Affairs,"AT&T ENTERPRISES, LLC",DG11,2021-04-14,2025-09-30 00:00:00,FULL AND OPEN COMPETITION,,NLEC NG TASK ORDER 18,https://www.usaspending.gov/award/CONT_AWD_36C10B21N0002ATT_3600_36C10B20D0029_3600
analytics_reporting,sole_source,,9913785.05,Food and Drug Administration,"CHICKASAW STRATEGIC POINTE, LLC",DF01,2024-03-21,2025-03-22 00:00:00,NOT AVAILABLE FOR COMPETITION,,FDA ADVERSE EVENT REPORTING SYSTEM (FAERS) CDER INFORMATICS PROGRAM,https://www.usaspending.gov/award/CONT_AWD_75F40124F19002_7524_75F40123D00026_7524
other,sole_source,1,9873752.66,Office of the Assistant Secretary for Financial Resources,"LEVEL 3 TELECOM HOLDINGS, LLC",DE11,2023-02-16,2028-02-28 00:00:00,FULL AND OPEN COMPETITION,,INTERNET CONNECTION,https://www.usaspending.gov/award/CONT_AWD_75N97023F00026_7529_GS35F0426R_4730
other,sole_source,1,9824886.42,Department of Veterans Affairs,CAPITAL SOLUTION DESIGN LLC,DA10,2025-09-26,2027-03-25 00:00:00,NOT COMPETED,,BEHAVIORAL HEALTH LAB (BHL) SOFTWARE MAINTENANCE AND TECHNICAL SUPPORT,https://www.usaspending.gov/award/CONT_AWD_36C10B25C0063_3600_-NONE-_-NONE-
other,sole_source,1,9790644.48,Defense Health Agency,ALASKA NORTHSTAR RESOURCES LLC,DE01,2025-02-14,2027-02-14 00:00:00,NOT AVAILABLE FOR COMPETITION,,INFORMATION TECHNOLOGY AND MANAGEMENT SUPPORT SERVICES.,https://www.usaspending.gov/award/CONT_AWD_HT942525C0018_9700_-NONE-_-NONE-
other,sole_source,,9769978.55,Food and Drug Administration,VERSATECH/IMPYRIAN TECHNOLOGY NETWORK LLC,DA01,2023-09-19,2028-09-26 00:00:00,NOT AVAILABLE FOR COMPETITION,,WHITE OAK - OFEMS AV SUPPORT SERVICES,https://www.usaspending.gov/award/CONT_AWD_75F40123F19006_7524_75F40122D00024_7524
other,sole_source,1,9736260.18,Department of Veterans Affairs,BOOZ ALLEN HAMILTON INC,DA10,2024-08-15,2026-08-14 00:00:00,FULL AND OPEN COMPETITION,,TRANSFORMATION TWENTY-ONE TOTAL TECHNOLOGY NEXT GENERATION (T4NG) TO - SUPPLY CHAIN MANAGEMENT CATALOG OPERATIONS AND MAINTENANCE,https://www.usaspending.gov/award/CONT_AWD_36C10B24N10070025_3600_VA11816D1007_3600
other,sole_source,1,9662903.43,Office of the Assistant Secretary for Financial Resources,SUVI GLOBAL SERVICES LLC,DG01,2023-09-26,2027-09-29 00:00:00,FULL AND OPEN COMPETITION AFTER EXCLUSION OF SOURCES,,ASPA SUPPORT,https://www.usaspending.gov/award/CONT_AWD_75P00123F80221_7570_47QTCB22D0275_4732
infrastructure_ops,sole_source,1,9478128.12,Defense Health Agency,"CHEROKEE NATION INTEGRATED HEALTH, L.L.C.",DF01,2024-09-12,2026-09-15 00:00:00,NOT COMPETED UNDER SAP,,CLOUD STORAGE SUPPORT SERVICES,https://www.usaspending.gov/award/CONT_AWD_HT942524C0106_9700_-NONE-_-NONE-
other,sole_source,,9475145.5,Centers for Disease Control and Prevention,"SAGE PURSUITS, INC",DA01,2024-08-01,2026-07-22 00:00:00,NOT COMPETED,,IMMUNIZATION INFORMATION SERVICES IDIQ,https://www.usaspending.gov/award/CONT_AWD_75D30124F00001_7523_75D30124D19332_7523
other,sole_source,,9473425.17,Defense Health Agency,"VISTA DEFENSE TECHNOLOGIES, LLC",D306,2020-03-24,2025-03-31 00:00:00,NOT AVAILABLE FOR COMPETITION,,PROGRAM MANAGER OFFICE TECHNICAL AND PROFESSIONAL SUPPORT SERVICES,https://www.usaspending.gov/award/CONT_AWD_HT001520F0030_9700_HT001520D0001_9700
other,sole_source,,9418227.11,Food and Drug Administration,"CHICKASAW STRATEGIC POINTE, LLC",DF01,2022-04-12,2023-06-23 00:00:00,NOT AVAILABLE FOR COMPETITION,,FAERS II PROGRAM,https://www.usaspending.gov/award/CONT_AWD_75F40122F19004_7524_75F40120D00009_7524
other,sole_source,1,9353400.57,National Institutes of Health,LASSO INFORMATICS US INC,DC10,2024-04-19,2028-04-18 00:00:00,NOT COMPETED,,NIH BRAIN DEVELOPMENT COHORTS DATA SHARING PLATFORM. PERIOD OF PERFORMANCE 4/19/2024 - 4/18/2025,https://www.usaspending.gov/award/CONT_AWD_75N95024C00011_7529_-NONE-_-NONE-
infrastructure_ops,sole_source,1,9335633.71,Centers for Medicare and Medicaid Services,ASSYST INC.,DJ01,2023-02-14,2024-02-13 00:00:00,FULL AND OPEN COMPETITION,,ENTERPRISE CYBERSECURITY PROGRAM SUPPORT LOGICAL FOLLOW-ON,https://www.usaspending.gov/award/CONT_AWD_75FCMC23F0001_7530_HHSM500201600031I_7530
claims_payment_integrity,sole_source,1,9328060.0,Centers for Medicare and Medicaid Services,ARLLUK TECHNOLOGY SOLUTIONS LLC,DA01,2024-06-27,2025-03-01 00:00:00,NOT AVAILABLE FOR COMPETITION,,"THE CMS, CENTER FOR PROGRAM INTEGRITY (CPI), PROGRAM COMPLIANCE GROUP (PCG), DIVISION OF RECOVERY AUDIT OPERATION (DRAO) USES A WEB-BASED SYSTEM TO SUPPORT THE MEDICARE FEE-FOR-SERVICE (FFS)RECOVERY AUDITOR CONTRACTORS (RACS) UNDER THE AUTHORITY OF S",https://www.usaspending.gov/award/CONT_AWD_75FCMC24C0020_7530_-NONE-_-NONE-
call_center_contact,sole_source,1,9182535.72,Food and Drug Administration,"ASRC FEDERAL CYBER, LLC",DA01,2023-03-06,2028-02-28 00:00:00,NOT COMPETED UNDER SAP,,ORA IT APPLICATION HELP DESK SUPPORT,https://www.usaspending.gov/award/CONT_AWD_75F40123C00038_7524_-NONE-_-NONE-
infrastructure_ops,sole_source,1,9169270.14,Food and Drug Administration,"UNICOM GOVERNMENT, INC.",D399,2007-09-22,2012-07-30 00:00:00,COMPETITIVE DELIVERY ORDER,,FIELD SERVER REPLACEMENTS,https://www.usaspending.gov/award/CONT_AWD_HHSF223200750424W_7524_NNG07DA49B_8000
other,sole_source,1,9021929.98,Office of the Assistant Secretary for Administration,TRANS MANAGEMENT SYSTEMS CORP,D309,2019-09-13,2020-09-12 00:00:00,NOT COMPETED,,HEAD START INFORMATION AND COMMUNICATION CENTER (HSICC) BRIDGE CONTRACT FOR ACF-OHS,https://www.usaspending.gov/award/CONT_AWD_75P00119C00075_7570_-NONE-_-NONE-
analytics_reporting,sole_source,,8871104.35,Food and Drug Administration,"CHICKASAW STRATEGIC POINTE, LLC",DF01,2025-03-21,2026-03-22 00:00:00,NOT AVAILABLE FOR COMPETITION,,"IT (O&M AND DME) AND MANAGEMENT SUPPORT SERVICES FOR FDA'S ADVERSE EVENT REPORTING SYSTEM (FAERS) II DEVELOPMENT, ENHANCEMENT AND OPERATIONS (DME) & MAINTENANCE (O&M) SUPPORT.",https://www.usaspending.gov/award/CONT_AWD_75F40125F19003_7524_75F40123D00026_7524
survey_measurement,sole_source,1,8846154.0,Centers for Medicare and Medicaid Services,"ALPINE TECHNOLOGY GROUP,LLC",DA01,2024-12-11,2029-12-15 00:00:00,FULL AND OPEN COMPETITION,,"CONTRACT # / TASK ORDER #: TBD  CONTRACT DESCRIPTION/TITLE: AUTOMATED SURVEY PROCESSING ENVIRONMENT (ASPEN) IV  REQUESTED CHANGES TO CONTRACT AND REASON FOR CHANGES:   THE PURPOSE OF THIS IS TO FUND THE BASE PERIOD OF THE ASPEN IV CONTRACT, CLIN 0001",https://www.usaspending.gov/award/CONT_AWD_75FCMC25FJ007_7530_GS35F0633S_4730
other,sole_source,1,8823416.64,Department of Veterans Affairs,ACENTRA HEALTH LLC,DA01,2026-03-18,2030-03-18 00:00:00,NOT COMPETED,,ECAMS MAINTAINANCE SERVICES.,https://www.usaspending.gov/award/CONT_AWD_36C10B26C0032_3600_-NONE-_-NONE-
other,sole_source,1,8806630.62,Defense Health Agency,THE KENIFIC GROUP LLC,DA01,2022-07-08,2026-09-24 00:00:00,NOT AVAILABLE FOR COMPETITION,,OPERATING COMPANY MODEL 5.0 ENTERPRISE MANAGEMENT AND OPERATIONAL EFFICIENCIES SUPPORT.,https://www.usaspending.gov/award/CONT_AWD_HT001122C0025_9700_-NONE-_-NONE-
other,sole_source,,8676967.0,National Institutes of Health,PALANTIR TECHNOLOGIES INC.,DH10,2023-09-21,2024-10-27 00:00:00,NOT COMPETED,,PALANTIR PEPFAR SUPPORT,https://www.usaspending.gov/award/CONT_AWD_75N95023F00011_7529_75N95022D00025_7529
other,sole_source,1,8668917.73,Food and Drug Administration,"CHICKASAW AEROSPACE, LLC",DA10,2025-12-12,2027-06-11 00:00:00,NOT AVAILABLE FOR COMPETITION,,IT SERVICES: FDA ADVERSE EVENT MONITORING SYSTEM CAPABILITIES MODERNIZATION,https://www.usaspending.gov/award/CONT_AWD_75F40126C00008_7524_-NONE-_-NONE-
other,sole_source,1,8657621.89,Department of Veterans Affairs,"GOVCIO, LLC",DA01,2026-02-12,2029-02-15 00:00:00,FULL AND OPEN COMPETITION,,THIS REQUIREMENT IS FOR THE SERVICES AND SUPPORT OF THE VETERANS LEGACY MEMORIAL (VLM).,https://www.usaspending.gov/award/CONT_AWD_36C10B26N10030037_3600_VA11816D1003_3600
call_center_contact,sole_source,1,8655929.26,Administration for Children and Families,UNISSANT INC.,DA01,2022-06-30,2023-05-31 00:00:00,NOT COMPETED,,"THIS CONTRACT DELIVERS MISSION ESSENTIAL FUNCTIONS SUPPORTING ACF?S HOSTING  INFRASTRUCTURE, SERVICE DESK OPERATIONS, AUDIO VISUAL SUPPORT, AND SOFTWARE DEVELOPMENT REQUIREMENTS.",https://www.usaspending.gov/award/CONT_AWD_75ACF122C00019_7590_-NONE-_-NONE-
infrastructure_ops,sole_source,1,8655000.0,Department of Veterans Affairs,"CLINISYS, INC.",DC10,2024-02-22,2027-02-22 00:00:00,NOT COMPETED,,VA ENTERPRISE WIDE LABORATORY AND RADIOLIGY RESULT LETTERS SOFTWARE SUBSCRIPTIONS AND IMPLEMENTATION,https://www.usaspending.gov/award/CONT_AWD_36C10A24C0001_3600_-NONE-_-NONE-
other,sole_source,1,8608674.01,Department of Veterans Affairs,"THUNDERCAT TECHNOLOGY, LLC",DA01,2023-08-21,2027-02-20 00:00:00,FULL AND OPEN COMPETITION AFTER EXCLUSION OF SOURCES,,VISN 7 PATIENT ENGAGEMENT & MOBILE APPLICATION SUSTAINMENT SERVICES,https://www.usaspending.gov/award/CONT_AWD_36C10B23F0229_3600_NNG15SD26B_8000
other,sole_source,1,8538981.41,National Institutes of Health,"VISTRONIX, LLC",DA01,2021-06-10,2022-09-20 00:00:00,FULL AND OPEN COMPETITION,,FOLLOW-ON VISTRONIX TASK ORDER FOR CONTINUATION OF NTP TOXICOLOGICAL DATA SUPPORT,https://www.usaspending.gov/award/CONT_AWD_75N96021F00001_7529_HHSN316201200054W_7529
analytics_reporting,sole_source,,8507091.08,Health Resources and Services Administration,"SAPIENT GOVERNMENT SERVICES, INC.",DA01,2026-06-24,2027-07-22 00:00:00,FULL AND OPEN COMPETITION,,"OIT SERVICES34 C 7240 HRSAS ENTERPRISE DATA SCIENCE AND ANALYTIC PLATFORM (HEDSAP) OPERATIONS AND MAINTENANCE, SECURITY MANAGEMENT AND ADHOC DATA AND SME SYSTEM SUPPORT",https://www.usaspending.gov/award/CONT_AWD_75R60226F34002_7526_75R60226A00001_7526
call_center_contact,sole_source,1,8435244.82,Defense Health Agency,"ALEKNAGIK TECHNOLOGY, LLC",DE01,2024-09-20,2028-09-30 00:00:00,NOT AVAILABLE FOR COMPETITION,,INFORMATION TECHNOLOGY (IT) HELP DESK AND ADMINISTRATIVE SUPPORT SERVICES,https://www.usaspending.gov/award/CONT_AWD_HT940624C0003_9700_-NONE-_-NONE-
survey_measurement,sole_source,1,8418350.06,Centers for Medicare and Medicaid Services,FLEXION INC,DA01,2025-03-12,2026-09-19 00:00:00,FULL AND OPEN COMPETITION,,"THE INFORMATION SYSTEMS GROUP (ISG) MANAGES MULTIPLE IT SYSTEMS WITHIN EACH OF ITS LOB. THESE IT  SYSTEMS FACILITATE THE COLLECTION AND MANAGEMENT OF PROVIDER INFORMATION, PATIENT DEMOGRAPHIC DATA,  CLINICAL DATA ELEMENTS, SURVEY INFORMATION, AND PRO",https://www.usaspending.gov/award/CONT_AWD_75FCMC25FJ036_7530_GS35F523BA_4732
other,sole_source,1,8389495.0,Centers for Disease Control and Prevention,"ICF INCORPORATED, L.L.C.",DF01,2026-03-12,2028-03-14 00:00:00,FULL AND OPEN COMPETITION,,BIOSENSE/NSSP SUPPORT,https://www.usaspending.gov/award/CONT_AWD_75D30126F20882_7523_GS00F010CA_4732
infrastructure_ops,sole_source,,8295872.84,National Institutes of Health,"TAHKOX E2 SERVICES, LLC",DF01,2026-08-14,2027-04-30 00:00:00,NOT COMPETED UNDER SAP,,"DCRI OPERATIONS, MAINTENANCES AND CYBER SECURITY",https://www.usaspending.gov/award/CONT_AWD_75N98026F00007_7529_75N98026D00023_7529
other,sole_source,1,8279424.0,Department of Veterans Affairs,PAYTON MERGER SUB II LLC,DA10,2024-12-31,2026-12-31 00:00:00,FULL AND OPEN COMPETITION,,AUDIOCARE SOFTWARE AND MAINTENANCE,https://www.usaspending.gov/award/CONT_AWD_36C10B25F0055_3600_47QTCA22D00CM_4732
call_center_contact,sole_source,1,8177610.7,Defense Health Agency,"ALEKNAGIK TECHNOLOGY, LLC",DE01,2022-09-29,2025-03-30 00:00:00,NOT AVAILABLE FOR COMPETITION,,INFORMATION TECHNOLOGY (IT) HELP DESK SUPPORT AND ADMINISTRATIVE SUPPORT SERVICES,https://www.usaspending.gov/award/CONT_AWD_HT940622C4005_9700_-NONE-_-NONE-
other,sole_source,1,8107300.8,Defense Health Agency,UMYUAQ TECHNOLOGY LLC,DC01,2020-12-22,2026-03-31 00:00:00,NOT AVAILABLE FOR COMPETITION,,IM/IT SERVICES,https://www.usaspending.gov/award/CONT_AWD_W81K0421C0003_9700_-NONE-_-NONE-
other,sole_source,1,8013562.18,Defense Health Agency,KATMAI MANAGEMENT SERVICES LLC,DF01,2022-09-28,2024-05-29 00:00:00,NOT AVAILABLE FOR COMPETITION,,IM/IT+D SUPPORT SERVICES,https://www.usaspending.gov/award/CONT_AWD_W81XWH22C0159_9700_-NONE-_-NONE-
analytics_reporting,sole_source,,7978174.77,Health Resources and Services Administration,"SAPIENT GOVERNMENT SERVICES, INC.",DA01,2026-07-29,2027-08-02 00:00:00,FULL AND OPEN COMPETITION,,"HRSA ENTERPRISE DATA SCIENCE AND ANALYTIC PLATFORM (HEDSAP) - ENTERPRISE DATA AI FRAMEWORK, DATA LAKEHOUSE ENGINEERING, DATAQUALITY AND CATALOG IMPLEMENT - OIT- SERVICES34 C 72",https://www.usaspending.gov/award/CONT_AWD_75R60226F34005_7526_75R60226A00001_7526
other,sole_source,1,7951749.73,Centers for Medicare and Medicaid Services,CONNSCI LLC,DJ01,2024-08-01,2026-09-30 00:00:00,FULL AND OPEN COMPETITION,,THE PURPOSE AND GOAL OF THIS ACQUISITION IS TO PROVIDE POLICY AND PRIVACY SUBJECT MATTER EXPERTISE SERVICE AND TO INNOVATE DELIVERY OF TASKS IN SUPPORT OF THE AGENCY'S CHIEF INFORMATION SECURITY OFFICE (CISO). AN ADDITIONAL AREA OF SUPPORT AS PART OF,https://www.usaspending.gov/award/CONT_AWD_75FCMC24FJ001_7530_47QTCA20D00CE_4732
other,sole_source,1,7913726.59,Centers for Disease Control and Prevention,"TANAQ SUPPORT SERVICES, LLC",DF01,2021-08-31,2026-03-23 00:00:00,NOT AVAILABLE FOR COMPETITION,,SHAREPOINT DEVELOPMENT AND MANAGEMENT SERVICES,https://www.usaspending.gov/award/CONT_AWD_75D30121C12292_7523_-NONE-_-NONE-
other,sole_source,1,7884203.07,Administration for Children and Families,UNISSANT INC.,DA01,2023-05-31,2024-03-31 00:00:00,NOT COMPETED,,OCIO OPERATIONS AND MAINTENANCE SUPPORT SERVICE (O&M),https://www.usaspending.gov/award/CONT_AWD_75ACF123C00005_7590_-NONE-_-NONE-
other,sole_source,1,7836634.78,National Institutes of Health,"ICF INCORPORATED, L.L.C.",D399,2016-08-31,2019-08-31 00:00:00,FULL AND OPEN COMPETITION,,"IGF::OT::IGF ICF INCORPORATED, L.L.C.:1129699 [16-004126]",https://www.usaspending.gov/award/CONT_AWD_HHSN27600003_7529_HHSN316201200028W_7529
document_processing,sole_source,,7824126.0,Centers for Medicare and Medicaid Services,THE MITRE CORPORATION,DA01,2025-08-25,2028-08-25 00:00:00,NOT COMPETED,,"CM NEEDS ON-DEMAND SUPPORT FOR CRITICAL PROGRAM ACTIVITIES REQUIRING SPECIALIZED TECHNICAL EXPERTISE ACCESS TO HIGHLY SENSITIVE, PRE-DECISIONAL DOCUMENTS AND ABILITY TO PERFORM AND DELIVER WITHIN VERY SHORT TURNAROUND TIMES. PROGRAM POLICY REVIEW A",https://www.usaspending.gov/award/CONT_AWD_75FCMC25FJ099_7530_75FCMC23D0004_7530
infrastructure_ops,sole_source,1,7767771.97,National Institutes of Health,UNISON SOFTWARE INC,D399,2016-09-30,2021-09-29 00:00:00,FULL AND OPEN COMPETITION,,"IGF::OT::IGF - COMPUSEARCH SOFTWARE SYSTEMS, LLC., PRISM SUBSCRIPTION, HOSTING, AND MAINTENANCE, FY16, $",https://www.usaspending.gov/award/CONT_AWD_HHSN268201600301U_7529_GS35F0585J_4730
other,sole_source,1,7728913.95,Defense Health Agency,"MEDICOMP SYSTEMS, INC.",DA01,2023-09-26,2028-09-30 00:00:00,NOT COMPETED,,MEDCIN SOFTWARE SUBSCRIPTION.,https://www.usaspending.gov/award/CONT_AWD_HT001123C0097_9700_-NONE-_-NONE-
infrastructure_ops,sole_source,1,7727054.8,Centers for Disease Control and Prevention,TANAQ MANAGEMENT SERVICES LLC,DA01,2024-08-28,2029-03-31 00:00:00,NOT AVAILABLE FOR COMPETITION,,PUBLIC HEALTH INFRASTRUCTURE CENTER INFORMATION RESOUCES UNIT SUPPORT SERVICES,https://www.usaspending.gov/award/CONT_AWD_75D30124C19905_7523_-NONE-_-NONE-
other,sole_source,,7700000.0,National Institutes of Health,PALANTIR TECHNOLOGIES INC.,DH10,2024-09-26,2025-09-27 00:00:00,NOT COMPETED,,IDIQ FOR SUPPORT FOR NCATS SECURE SCIENTIFIC PLATFORMS ENVIRONMENT -  NIDAP NCI,https://www.usaspending.gov/award/CONT_AWD_75N95024F00003_7529_75N95022D00025_7529
other,sole_source,,7672729.0,Defense Health Agency,MICROSOFT CORPORATION,DA01,2022-09-15,2024-09-28 00:00:00,NOT COMPETED,,ANNUAL MICROSOFT ENTERPRISE SERVICES UNIFIED SUPPORT.,https://www.usaspending.gov/award/CONT_AWD_HT001122F0126_9700_N6600119D0019_9700
infrastructure_ops,sole_source,,7609900.0,National Institutes of Health,"TAHKOX E2 SERVICES, LLC",DF01,2026-08-20,2027-09-01 00:00:00,NOT COMPETED UNDER SAP,,"DCRI OPERATIONS, MAINTENANCES AND CYBER SECURITY",https://www.usaspending.gov/award/CONT_AWD_75N98026F00009_7529_75N98026D00023_7529
other,sole_source,1,7450985.29,Defense Health Agency,"CACI NSS, LLC",DA01,2023-09-20,2024-02-29 00:00:00,FULL AND OPEN COMPETITION,,DEFENSE MEDICAL LOGISTICS - ENTERPRISE SOLUTION SUSTAINMENT SERVICES,https://www.usaspending.gov/award/CONT_AWD_HT942523F0342_9700_GS35F349CA_4732
analytics_reporting,sole_source,1,7250972.0,National Institutes of Health,"DIGITAL INFUZION, LLC",DA01,2025-04-23,2027-04-27 00:00:00,FULL AND OPEN COMPETITION AFTER EXCLUSION OF SOURCES,,"THE CONTRACTOR SHALL PROVIDE ADDITIONAL SCIENTIFIC, TECHNICAL, AND ADMINISTRATIVE SERVICES IN SUPPORT OF THE CIVICS STATISTICAL, DATA MANAGEMENT AND COORDINATION CENTER (SDMCC). SPECIFIC TASKS INCLUDE:-DATA MANAGEMENT AND ANALYSIS-STATISTICAL DESIGN",https://www.usaspending.gov/award/CONT_AWD_75N93025F00001_7529_HHSN316201200128W_7529
infrastructure_ops,sole_source,1,7216943.91,Office of the Assistant Secretary for Financial Resources,KONIAG DATA SOLUTIONS LLC,DJ10,2026-07-14,2028-07-13 00:00:00,FULL AND OPEN COMPETITION,,"THE SUBJECT TASK ORDER IS FOR SEVERABLE SERVICES; CONTRACT TYPE IS A HYBRID FIRM-FIXED PRICE (FFP) AND TIME AND MATERIALS (T&M). THIS AWARD RESULTS FROM THE TRANSFER OF TASK ORDER NO. 47QTCA23D005D/140D0425F0619, HIGHLY ADAPTIVE CYBERSECURITY SER",https://www.usaspending.gov/award/CONT_AWD_7571TE26F80101_7571_47QTCA23D005D_4732
other,sole_source,1,7209753.29,Defense Health Agency,"FUTURE TECHNOLOGIES, INC.",DF01,2025-03-27,2030-03-29 00:00:00,FULL AND OPEN COMPETITION,,INFORMATION TECHNOLOGY SUPPORT SERVICES,https://www.usaspending.gov/award/CONT_AWD_HT942525F0144_9700_47QRAA18D0040_4732
other,sole_source,1,7164677.59,National Institutes of Health,GUIDEHOUSE DIGITAL LLC,D399,2018-06-01,2023-11-05 00:00:00,FULL AND OPEN COMPETITION AFTER EXCLUSION OF SOURCES,,"NIGMS SOFTWARE AND DATABASE DEVELOPMENT, APPLICATIONS VERIFICATION AND VALIDATION, AND MAINTENANCE SUPPORT - BASE YEAR W/ 2 OPTION YEARS. BASE YEAR PERIOD OF PERFORMANCE: JUNE 15, 2018 TO JUNE 14, 2019; MEDICAL SCIENCE&COMPUTING INC:1174",https://www.usaspending.gov/award/CONT_AWD_75N98018F00004_7529_HHSN316201300006W_7529
other,sole_source,,7146582.52,Food and Drug Administration,"CHICKASAW STRATEGIC POINTE, LLC",DC10,2021-04-05,2022-04-11 00:00:00,NOT AVAILABLE FOR COMPETITION,,FAERS II PROGRAM,https://www.usaspending.gov/award/CONT_AWD_75F40121F19003_7524_75F40120D00009_7524
claims_payment_integrity,sole_source,1,7096392.36,Centers for Medicare and Medicaid Services,"COTIVITI GOV SERVICES, LLC",DA10,2023-09-26,2028-09-29 00:00:00,NOT COMPETED,,"THE CENTER FOR PROGRAM INTEGRITY (CPI) IS TASKED WITH PRESERVING AND PROTECTING THE INTEGRITY OF THE MEDICARE AND MEDICAID PROGRAMS BY DEVELOPING STRATEGIES TO IDENTIFY, DETER, AND PREVENT FRAUD, WASTE, AND ABUSE (FWA) THROUGH EFFECTIVE PUBLIC AND PR",https://www.usaspending.gov/award/CONT_AWD_75FCMC23C0051_7530_-NONE-_-NONE-
other,sole_source,1,7094116.32,Department of Veterans Affairs,INTERNATIONAL BUSINESS MACHINES CORPORATION,DA10,2021-09-10,2023-12-31 00:00:00,NOT COMPETED,,SOFTWARE AS A SERVICE FOR INNOVATIVE MOBILE APPLICATION TO IMPROVE THE MILITARY TO CIVILIAN TRANSITION AND POST TRANSITION/VETERAN STATUS,https://www.usaspending.gov/award/CONT_AWD_36C10B21C0034_3600_-NONE-_-NONE-
other,sole_source,1,7076274.22,Defense Health Agency,"VIINETWORK, INC.",DA01,2023-09-29,2024-03-31 00:00:00,NOT COMPETED UNDER SAP,,OPERATIONAL MEDICINE HEALTHCARE DELIVERY SUPPORT,https://www.usaspending.gov/award/CONT_AWD_HT003823F0013_9700_HT003822G0003_9700
analytics_reporting,sole_source,1,7048387.7,Office of the Assistant Secretary for Administration,"AMENTUM TECHNOLOGY, INC.",DA10,2022-07-13,2025-08-12 00:00:00,FULL AND OPEN COMPETITION,,THIS REQUIREMENT IS FOR THE CONTRACTOR TO SERVE AS THE OFFICE OF ACQUISITION MANAGEMENT SERVICES (OAMS) APPLICATION DEVELOPMENT CONTRACTOR FOR ACQUISITION REPORTING SYSTEM (ARS) AND WILL WORK WITH THE PSC OPERATIONS & MAINTENANCE CONTRACTOR WHEN,https://www.usaspending.gov/award/CONT_AWD_75P00122F80140_7570_HHSN316201200031W_7529
other,sole_source,1,7023342.5,Defense Health Agency,KATMAI MANAGEMENT SERVICES LLC,DA01,2021-05-12,2026-11-23 00:00:00,NOT AVAILABLE FOR COMPETITION,,INFORMATION TECHNOLOGY SUPPORT SERVICES,https://www.usaspending.gov/award/CONT_AWD_W81XWH21C0074_9700_-NONE-_-NONE-
other,sole_source,1,6974453.44,Centers for Disease Control and Prevention,"TANAQ SUPPORT SERVICES, LLC",DA01,2021-07-07,2026-11-30 00:00:00,NOT AVAILABLE FOR COMPETITION,,DIGITAL COMMUNICATION SERVICES - WEB DESIGN & DEVELOPMENT (CGH),https://www.usaspending.gov/award/CONT_AWD_75D30121C11011_7523_-NONE-_-NONE-
other,sole_source,1,6950751.92,Centers for Medicare and Medicaid Services,SKYLIGHT INC.,DA01,2026-01-28,2028-01-31 00:00:00,FULL AND OPEN COMPETITION,,THE PURPOSE OF THIS EFFORT IS TO OBTAIN PROFESSIONAL IT SERVICES FOR MEDICAID COMMUNITY ENGAGEMENT REQUIREMENTS STATE TECHNICAL ASSISTANCE SUPPORT. SEE TERMS AND CONDITIONS PAGES.,https://www.usaspending.gov/award/CONT_AWD_75FCMC26F0036_7530_47QTCA18D00D0_4732
other,sole_source,1,6939031.64,Department of Veterans Affairs,"GOVCIO, LLC",DA01,2026-03-05,2029-06-30 00:00:00,FULL AND OPEN COMPETITION,,LIPAS PHASE III NEW TASK ORDER,https://www.usaspending.gov/award/CONT_AWD_36C10B26N10030038_3600_VA11816D1003_3600
other,sole_source,1,6938936.66,National Institutes of Health,WIDEPOINT INTEGRATED SOLUTIONS CORP,D304,2014-09-15,2020-03-24 00:00:00,FULL AND OPEN COMPETITION,,IGF::OT::IGF LAW1693643 SERVICE PLANS CELL PHONES,https://www.usaspending.gov/award/CONT_AWD_HHSN272201400357U_7529_GS35F0232N_4730
other,sole_source,1,6806054.56,Defense Health Agency,JLV INTEGRATION TECHNOLOGIES LLC,DA01,2024-08-28,2027-08-31 00:00:00,NOT AVAILABLE FOR COMPETITION,,PROGRAM MANAGEMENT & SUSTAINMENT OF THE JOINT LEGACY VIEWER (JLV.,https://www.usaspending.gov/award/CONT_AWD_HT003824C0006_9700_-NONE-_-NONE-
clinical_it_ehr,sole_source,1,6725951.03,Centers for Disease Control and Prevention,BOOZ ALLEN HAMILTON INC,DA01,2024-08-14,2028-07-31 00:00:00,FULL AND OPEN COMPETITION,,MAINTENANCE OF ELECTRONIC HEALTH RECORD DATA,https://www.usaspending.gov/award/CONT_AWD_75D30124F19541_7523_75D30120A08214_7523
other,sole_source,1,6704503.32,Department of Veterans Affairs,RISE8 INC,DA01,2024-09-19,2027-06-18 00:00:00,NOT COMPETED,,VA.GOV WATCHTOWER SBIR PHASE III,https://www.usaspending.gov/award/CONT_AWD_36C10B24C0058_3600_-NONE-_-NONE-
other,sole_source,1,6668968.87,Centers for Medicare and Medicaid Services,UNISSANT INC.,D399,2019-09-13,2024-09-15 00:00:00,FULL AND OPEN COMPETITION,,PRIVACY PROGRAM SUPPORT,https://www.usaspending.gov/award/CONT_AWD_75FCMC19F0001_7530_HHSM500201600068I_7530
other,sole_source,1,6646362.4,Indian Health Service,"CHICKASAW STRATEGIC POINTE, LLC",DA10,2025-03-27,2030-03-29 00:00:00,NOT AVAILABLE FOR COMPETITION,,CAPITAL PLANNING AND INVESTMENT CONTROL PROGRAM SUPPORT SERVICES,https://www.usaspending.gov/award/CONT_AWD_75H70425C00001_7527_-NONE-_-NONE-
other,sole_source,1,6616006.25,Department of Veterans Affairs,CELLCO PARTNERSHIP,D304,2018-10-01,2023-04-30 00:00:00,FULL AND OPEN COMPETITION,,VERIZON BRIDGE,https://www.usaspending.gov/award/CONT_AWD_36C10B19F2964_3600_N0024418D0003_9700
infrastructure_ops,sole_source,1,6518051.22,Office of the Assistant Secretary for Financial Resources,"TRUSSWORKS, INC.",DA10,2025-03-20,2028-03-21 00:00:00,FULL AND OPEN COMPETITION,,GENERAL DIGITAL INFRASTRUCTURE SERVICES (GDIS) LOGICAL FOLLOW-ON NEXT GENERATION SECURE CLOUD (NGSC),https://www.usaspending.gov/award/CONT_AWD_75ACF125F80017_7590_GS35F174GA_4732
other,sole_source,1,6512592.91,Department of Veterans Affairs,"ALAMO CITY ENGINEERING SERVICES, INC.",DF01,2022-09-23,2025-09-28 00:00:00,FULL AND OPEN COMPETITION,,BAM SOFTWARE MAINTENANCE AND SUPPORT,https://www.usaspending.gov/award/CONT_AWD_36C10B22F0342_3600_GS35F0598S_4730
other,sole_source,,6488598.08,Defense Health Agency,"VISTA DEFENSE TECHNOLOGIES, LLC",D306,2020-03-24,2025-03-31 00:00:00,NOT AVAILABLE FOR COMPETITION,,LEGACY DATA CONSOLIDATION SERVICES,https://www.usaspending.gov/award/CONT_AWD_HT001520F0031_9700_HT001520D0001_9700
other,sole_source,1,6455888.65,National Institutes of Health,GUIDEHOUSE DIGITAL LLC,D399,2018-08-09,2022-03-31 00:00:00,FULL AND OPEN COMPETITION AFTER EXCLUSION OF SOURCES,,"18-006220 F.VELA - FUNDING THE ""BASE YEAR"" FOR TASK ORDER C-44233-SB UNDER CIO-SP3. THE PERIOD OF PERFORMANCE FOR THIS TASK ORDER IS 9/30/2018 - 9/29/2019. THE POP FOR THE ENTIRE TASK ORDER IS 9/30/2018 - 9/29/2221.",https://www.usaspending.gov/award/CONT_AWD_75N98018F00005_7529_HHSN316201300006W_7529
other,sole_source,,6451996.81,Defense Health Agency,POHAKU PACIFIC LLC,DA01,2023-05-02,2024-09-01 00:00:00,NOT AVAILABLE FOR COMPETITION,,ENTERPRISE SUSTAINMENT OF THE JOINT LEGACY VIEWER INCLUDING PROGRAM MANAGEMENT AND SOFTWARE MAINTENANCE.,https://www.usaspending.gov/award/CONT_AWD_HT003823F0005_9700_HT003819D0001_9700
other,sole_source,1,6377666.63,Centers for Disease Control and Prevention,"BERRY TECHNOLOGY SOLUTIONS, LLC",DF01,2021-04-05,2022-03-23 00:00:00,NOT COMPETED,,VTRCKS OPERATION AND MAINTENANCE,https://www.usaspending.gov/award/CONT_AWD_75D30121C10288_7523_-NONE-_-NONE-
other,sole_source,1,6320843.93,Defense Health Agency,"GREAT HILL SOLUTIONS, LLC",DA01,2024-02-21,2026-08-31 00:00:00,NOT AVAILABLE FOR COMPETITION,,INFORMATION TECHNOLOGY/INFORMATION MANAGEMENT SUPPORT SERVICES,https://www.usaspending.gov/award/CONT_AWD_HT001524C0004_9700_-NONE-_-NONE-
other,sole_source,1,6304048.04,Office of the Assistant Secretary for Financial Resources,LORENZ INTERNATIONAL LLC,DA10,2023-01-05,2028-01-09 00:00:00,NOT COMPETED,,LORENZ ECTD SOFTWARE,https://www.usaspending.gov/award/CONT_AWD_75F40123P00017_7524_-NONE-_-NONE-
analytics_reporting,sole_source,,6221358.38,Health Resources and Services Administration,"SAPIENT GOVERNMENT SERVICES, INC.",DA01,2026-07-16,2027-07-18 00:00:00,FULL AND OPEN COMPETITION,,"HRSA DATA WAREHOUSE OPERATIONS AND MAINTENANCE, AND SECURITY MANAGEMENT - OIT-SERVICES34 C 7235",https://www.usaspending.gov/award/CONT_AWD_75R60226F34003_7526_75R60226A00001_7526
clinical_it_ehr,sole_source,,6139431.41,Department of Veterans Affairs,"ORACLE HEALTH GOVERNMENT SERVICES, INC.",DA01,2023-01-31,2025-02-28 00:00:00,NOT COMPETED,,THE CONTRACTOR SHALL PROVIDE EHRM TECHNICAL SUPPORT TO CONTINUE DAILY SYNDICATION ACTIVITIES FOR ALL LIVE SITES AND NEW SITES GOING LIVE DURING THE PERIOD OF PERFORMANCE (POP) ESTABLISHED FOR THIS TASK ORDER.,https://www.usaspending.gov/award/CONT_AWD_36C10B23N0053EHRM_3600_36C10B18D5000_3600
other,sole_source,1,6086840.5,National Institutes of Health,SIKICH FEDERAL INC.,DA01,2025-09-17,2026-07-14 00:00:00,FULL AND OPEN COMPETITION AFTER EXCLUSION OF SOURCES,,TO FOR NSITES II EXTENSION,https://www.usaspending.gov/award/CONT_AWD_75N96025F00003_7529_HHSN316201200177W_7529
other,sole_source,1,6065594.73,Defense Health Agency,"DARK WOLF SOLUTIONS, LLC",DA01,2025-03-07,2026-09-09 00:00:00,NOT COMPETED,,THEATER BLOOD MOBILE DEVELOPMENT AND ENHANCEMENT SUPPORT,https://www.usaspending.gov/award/CONT_AWD_HT003825C0006_9700_-NONE-_-NONE-
infrastructure_ops,sole_source,1,6064341.3,Indian Health Service,"VISTRONIX, LLC",D399,2019-09-26,2020-08-31 00:00:00,FULL AND OPEN COMPETITION,,THIS BRIDGE ORDER IS TO ACQUIRE A CONTRACTOR'S SUPPORT SERVICES FOR THE IHS INFRASTRUCTURE OFFICE AUTOMATION AND TELECOMMUNICATION (IOAT),https://www.usaspending.gov/award/CONT_AWD_75H70419F80016_7527_GS35F343DA_4732
grants_contracts_admin,sole_source,1,6059716.05,Defense Health Agency,"STANDARD TECHNOLOGY, INC.",DA10,2023-07-26,2025-01-26 00:00:00,NOT COMPETED,,SOFTWARE DASHBOARD FOR CONTRACT MANAGEMENT AND DATA INTEGRATION.,https://www.usaspending.gov/award/CONT_AWD_HT001423P0183_9700_-NONE-_-NONE-
other,sole_source,1,6057113.66,Department of Veterans Affairs,"TAYLOR COMMUNICATIONS, INC.",DA10,2024-09-24,2025-09-18 00:00:00,NOT COMPETED,,INFORMED CONSENT WEB (ICW) - BRIDGE CONTRACT,https://www.usaspending.gov/award/CONT_AWD_36C10A24C0010_3600_-NONE-_-NONE-
other,sole_source,1,6053137.34,Department of Veterans Affairs,"FOUR POINTS TECHNOLOGY, L.L.C.",DA10,2023-08-04,2026-08-04 00:00:00,FULL AND OPEN COMPETITION AFTER EXCLUSION OF SOURCES,,10-10SH MODERNIZATION SOFTWARE AS A SERVICE,https://www.usaspending.gov/award/CONT_AWD_36C10A23F0091_3600_NNG15SD22B_8000
portal_web,sole_source,1,6035400.96,Office of the Assistant Secretary for Financial Resources,APPLIED INTELLECT LLC,DA10,2024-11-25,2025-11-30 00:00:00,FULL AND OPEN COMPETITION AFTER EXCLUSION OF SOURCES,,"THIS IS A FIRM FIXED PRICE (FFP) GENERAL SERVICES ADMINISTRATION (GSA)STARS III SHORT TERM TASK ORDER AWARD FOR ORR UNACCOMPANIED CHILDREN (UC) PORTAL APPLICATION MANAGEMENT AND SUPPORT. THE CONTRACTOR SHALL PROVIDE ALL PERSONNEL, EQUIPMENT, SUPPLIES",https://www.usaspending.gov/award/CONT_AWD_75ACF125F80005_7590_47QTCB21D0210_4732
registry_surveillance,sole_source,1,5994959.9,Health Resources and Services Administration,"SAPIENT GOVERNMENT SERVICES, INC.",DC01,2025-09-30,2027-03-29 00:00:00,FULL AND OPEN COMPETITION,,HSB115 C 7115 - SCIENTIFIC REGISTRY OF TRANSPLANT RECIPIENTS (SRTR) WEB SYSTEM MIGRATION AND INTEGRATION WITH TRANSPLANT DATA SERVICES (TDS),https://www.usaspending.gov/award/CONT_AWD_75R60225F80133_7526_GS00F312CA_4732
other,sole_source,1,5938389.43,Defense Health Agency,"CHEROKEE FEDERAL SOLUTIONS, L.L.C.",DF01,2021-11-30,2023-05-31 00:00:00,NOT AVAILABLE FOR COMPETITION,,IM/IT SUPPORT SERVICES (LABOR),https://www.usaspending.gov/award/CONT_AWD_W81XWH22C0006_9700_-NONE-_-NONE-
other,sole_source,1,5930585.21,Defense Health Agency,JLV INTEGRATION TECHNOLOGIES LLC,DA01,2023-03-24,2028-03-24 00:00:00,NOT AVAILABLE FOR COMPETITION,,LONGITUDINAL NATURAL LANGUAGE PROCESSING SOFTWARE AND MAINTENANCE,https://www.usaspending.gov/award/CONT_AWD_HT003823C0001_9700_-NONE-_-NONE-
analytics_reporting,sole_source,,5898662.45,Food and Drug Administration,"CHICKASAW STRATEGIC POINTE, LLC",DF01,2026-04-10,2026-12-02 00:00:00,NOT AVAILABLE FOR COMPETITION,,"IT (O&M AND DME) AND MANAGEMENT SUPPORT SERVICES FOR FDA'S ADVERSE EVENT REPORTING SYSTEM (FAERS) II DEVELOPMENT, ENHANCEMENT AND OPERATIONS (DME) & MAINTENANCE (O&M) SUPPORT.",https://www.usaspending.gov/award/CONT_AWD_75F40126F19004_7524_75F40123D00026_7524
other,sole_source,,5862141.55,Defense Health Agency,"VISTA DEFENSE TECHNOLOGIES, LLC",DE01,2024-01-18,2026-01-18 00:00:00,NOT AVAILABLE FOR COMPETITION,,EIDS PMO SUPPORT SERVICES,https://www.usaspending.gov/award/CONT_AWD_HT003824F0001_9700_HT001520D0001_9700
analytics_reporting,sole_source,,5856594.52,Defense Health Agency,"VISTA DEFENSE TECHNOLOGIES, LLC",D306,2020-02-06,2025-02-06 00:00:00,NOT AVAILABLE FOR COMPETITION,,NON-PERSONAL INTERAGENCY FOR ADVANCING PREDICTIVE ANALYTICS (ICAPA)TECHNICAL PROFESSIONAL SERVICES SUPPORTING DEFENSE HEALTH AGENCY ENTERPRISE INTELLIGENCE AND DATA SOLUTIONS PROGRAM MANAGEMENT OFFICE.,https://www.usaspending.gov/award/CONT_AWD_HT001520F0014_9700_HT001520D0001_9700
other,sole_source,1,5832406.82,Department of Veterans Affairs,"PICIS CLINICAL SOLUTIONS, INC.",DF10,2021-10-01,2026-09-30 00:00:00,NOT COMPETED UNDER SAP,,PICIS CIS - ARK SYSTEM MAINTENANCE,https://www.usaspending.gov/award/CONT_AWD_36C26122N0128_3600_36C10G21A0007_3600
other,sole_source,1,5804971.9,Office of the Assistant Secretary for Financial Resources,GUIDEHOUSE DIGITAL LLC,DA01,2025-02-27,2028-03-31 00:00:00,FULL AND OPEN COMPETITION,,"25-001961 - BASE YEAR WITH OPTIONS - LABOR T&M - POP: 4/1/2025 - 3/31/2026. PRE QUOTE #C-119944-SB. USE THE FOLLOWING CANS. 8326638: $528,787.81 - 8330949: $2,115,151.23 - 8050293: $200,000.00 SEND PO TO: CBASSFORD@GUIDEHOUSE.COM",https://www.usaspending.gov/award/CONT_AWD_75N98025F00001_7529_HHSN316201300006W_7529
other,sole_source,1,5803611.69,Office of the Assistant Secretary for Administration,"COPPER RIVER CYBER SOLUTIONS, LLC",D399,2020-09-14,2025-06-17 00:00:00,NOT AVAILABLE FOR COMPETITION,,"THE UNITED STATES (US) DEPARTMENT OF HEALTH AND HUMAN SERVICES (HHS), OFFICE OF THE CHIEF INFORMATION OFFICER (OCIO), OFFICE OF OPERATIONS (OPS), HAS A NEED FOR MANAGED PRINT SERVICES (MPS) ACROSS ALL THE HHS DOMAIN, OPDIV'S AND STAFFDIV'S",https://www.usaspending.gov/award/CONT_AWD_75P00120P00149_7570_-NONE-_-NONE-
analytics_reporting,sole_source,1,5776061.81,Defense Health Agency,T AND T CONSULTING SERVICES INC.,DA01,2023-03-30,2028-03-29 00:00:00,NOT COMPETED,,"INFORMATION TECHNOLOGY SUPPORT, PROGRAM, AND DATA MANAGEMENT.",https://www.usaspending.gov/award/CONT_AWD_HT001423P0073_9700_-NONE-_-NONE-
other,sole_source,,5775314.4,Food and Drug Administration,VERSATECH/IMPYRIAN TECHNOLOGY NETWORK LLC,DA01,2023-09-20,2028-09-26 00:00:00,NOT AVAILABLE FOR COMPETITION,,WHITE OAK - VIRTUAL MEETING SUPPORT SERVICES,https://www.usaspending.gov/award/CONT_AWD_75F40123F19005_7524_75F40122D00024_7524
other,sole_source,1,5765508.2,Defense Health Agency,"CHEROKEE NATION OPERATIONAL SOLUTIONS, L.L.C.",D301,2020-09-25,2026-03-31 00:00:00,NOT AVAILABLE FOR COMPETITION,,DATABASE SUPPORT SERVICES,https://www.usaspending.gov/award/CONT_AWD_W81XWH20C0147_9700_-NONE-_-NONE-
analytics_reporting,sole_source,1,5757275.89,Office of the Assistant Secretary for Administration,I3 FEDERAL LLC,DH10,2021-01-14,2021-10-21 00:00:00,FULL AND OPEN COMPETITION AFTER EXCLUSION OF SOURCES,,HHS SCT / PROJECT GREENLIGHT ANALYTICS SOLUTION - COVID-19,https://www.usaspending.gov/award/CONT_AWD_75P00121F80032_7570_NNG15SD31B_8000
other,sole_source,1,5712695.7,Defense Health Agency,"SOCKEYET SOLUTIONS JV, LLC",DF01,2025-03-18,2030-05-29 00:00:00,NOT AVAILABLE FOR COMPETITION,,INFORMATION MANAGEMENT INFORMATION TECHNOLOGY AND INFORMATION TECHNOLOGY DEVELOPMENT SUPPORT SERVICES,https://www.usaspending.gov/award/CONT_AWD_HT001125C0064_9700_-NONE-_-NONE-
other,sole_source,1,5710999.68,Department of Veterans Affairs,DATIX (USA) INC.,DC10,2021-09-29,2025-09-29 00:00:00,NOT COMPETED,,ELECTRONIC STERILIZATION DATABASE,https://www.usaspending.gov/award/CONT_AWD_36C24521C0186_3600_-NONE-_-NONE-
other,sole_source,1,5677414.95,Department of Veterans Affairs,VETERANS EZ INFO INC.,DA01,2026-03-06,2029-03-14 00:00:00,FULL AND OPEN COMPETITION,,VA PRESCRIPTION DRUG MONITORING PROGRAM (PDMP) SOFTWARE AS A SERVICE (SAAS) SOLUTION SUSTAINMENT SUPPORT,https://www.usaspending.gov/award/CONT_AWD_36C10B26N10280031_3600_VA11816D1028_3600
other,sole_source,1,5653908.0,Department of Veterans Affairs,"MINBURN TECHNOLOGY GROUP, LLC",DA10,2025-02-25,2028-02-29 00:00:00,FULL AND OPEN COMPETITION AFTER EXCLUSION OF SOURCES,,CLEARTRIAGE DECISION SUPPORT TOOL LICENSES AND SUPPORT - ENTERPRISE,https://www.usaspending.gov/award/CONT_AWD_36C10B25F0072_3600_NNG15SD34B_8000
other,sole_source,1,5623504.28,Department of Veterans Affairs,"FOUR POINTS TECHNOLOGY, L.L.C.",DA01,2023-04-10,2028-04-09 00:00:00,FULL AND OPEN COMPETITION AFTER EXCLUSION OF SOURCES,,"DATA INNOVATIONS LICENSING, MAINTENANCE AND AUTO-VERIFICATION SERVICES",https://www.usaspending.gov/award/CONT_AWD_36C10B23F0083_3600_NNG15SD22B_8000
infrastructure_ops,sole_source,1,5622319.75,Defense Health Agency,HIPAA ACCELERATOR INC,DA10,2023-02-03,2027-11-30 00:00:00,NOT COMPETED,,HEALTH PRIVACY ACCELERATOR ENTERPRISE,https://www.usaspending.gov/award/CONT_AWD_HT001523C0003_9700_-NONE-_-NONE-
infrastructure_ops,sole_source,,5603356.7,National Institutes of Health,"TAHKOX E2 SERVICES, LLC",DF01,2026-04-13,2026-09-09 00:00:00,NOT COMPETED UNDER SAP,,"DCRI OPERATIONS, MAINTENANCES AND CYBER SECURITY",https://www.usaspending.gov/award/CONT_AWD_75N98026F00001_7529_75N98026D00023_7529
analytics_reporting,sole_source,1,5587626.24,Centers for Disease Control and Prevention,"GOLDBELT PROFESSIONAL SERVICES, LLC",DA01,2024-12-17,2029-12-18 00:00:00,NOT AVAILABLE FOR COMPETITION,,NCIRD TECHNICAL BUSINESS ANALYTICS SERVICES FOR SAP-BASED SOLUTIONS,https://www.usaspending.gov/award/CONT_AWD_75D30125C20349_7523_-NONE-_-NONE-
analytics_reporting,sole_source,1,5579356.6,Defense Health Agency,BIF TECHNOLOGIES CORPORATION,D308,2018-12-17,2023-12-17 00:00:00,NOT COMPETED,,WORKLOAD MANAGEMENT SYSTEM FOR NURSES INTERNET (WMSNI) - THE CONTRACTOR WILL PROVIDE A BUSINESS INTELLIGENCE INTERFACE WITH THE EXISTING APPLICATION,https://www.usaspending.gov/award/CONT_AWD_HT001519C0002_9700_-NONE-_-NONE-
other,sole_source,1,5571090.6,Health Resources and Services Administration,"TRIPOINT SOLUTIONS, LLC",DF10,2024-09-26,2026-09-29 00:00:00,FULL AND OPEN COMPETITION,,OIT-SERVICE35 C 6805 SHAREPOINT MODERNIZATION (W-ZERO TRUST) SERVICES,https://www.usaspending.gov/award/CONT_AWD_75R60224F80139_7526_47QTCA18D008J_4732
portal_web,sole_source,1,5498063.99,Centers for Medicare and Medicaid Services,INDEX ANALYTICS LLC,DA01,2025-07-11,2026-10-14 00:00:00,FULL AND OPEN COMPETITION AFTER EXCLUSION OF SOURCES,,"THE DEPARTMENT OF HEALTH AND HUMAN SERVICES (HHS), CENTERS FOR MEDICARE & MEDICAID SERVICES (CMS) HAS A REQUIREMENT TO ASSIST THE DATA AND SYSTEMS GROUP (DSG), WITHIN THE CENTER FOR MEDICAID AND CHIP SERVICES (CMCS), WITH THE CONTINUED DESIGN, DEVELO",https://www.usaspending.gov/award/CONT_AWD_75FCMC25FJ074_7530_47QTCB21D0217_4732
other,sole_source,1,5440060.16,National Institutes of Health,"ONPOINT CONSULTING, INC.",D399,2020-09-02,2025-09-29 00:00:00,FULL AND OPEN COMPETITION,,ONSITE SUPPORT FOR THE NIH ENTERPRISE TECHNOLOGYTRANSFER SYSTEM,https://www.usaspending.gov/award/CONT_AWD_75N98020F00001_7529_HHSN316201200038W_7529
other,sole_source,1,5394517.26,Department of Veterans Affairs,CHANGE HEALTHCARE TECHNOLOGIES LLC,DA10,2022-06-28,2027-06-30 00:00:00,NOT COMPETED,,UTILIZATION MANAGEMENT SOFTWARE LICENSES,https://www.usaspending.gov/award/CONT_AWD_36C10B22C0026_3600_-NONE-_-NONE-
other,sole_source,1,5368322.77,Office of the Assistant Secretary for Financial Resources,"CHEROKEE UNITED SERVICES, L.L.C.",DC10,2024-09-29,2027-09-29 00:00:00,NOT COMPETED UNDER SAP,,A ONE-TIME TASK TO MIGRATE APPLICATIONS FROM THE CURRENT AMAZON WEB SERVICES (AWS) LEGACY GENERAL SUPPORT SYSTEM (GSS) ENVIRONMENT INTO THE NGSC ENVIRONMENT.,https://www.usaspending.gov/award/CONT_AWD_75ACF124C00024_7590_-NONE-_-NONE-
infrastructure_ops,sole_source,,5323821.53,Office of the Assistant Secretary for Administration,XATOR LLC,D304,2013-08-13,2014-09-13 00:00:00,FULL AND OPEN COMPETITION,,IGF::OT::IGF    IT CYBER SECURITY TECHNICAL SUPPORT SERVICES AND ADMINISTRATIVE SUPPORT SERVICES,https://www.usaspending.gov/award/CONT_AWD_HHSP23337003_7555_HHSP233201300038B_7555
other,sole_source,,5222008.71,Defense Health Agency,"KAPILI SERVICES, LLC",D314,2018-09-26,2023-09-27 00:00:00,NOT AVAILABLE FOR COMPETITION,,VIRTUAL MEDICAL CENTER TECHNICAL SUPPORT,https://www.usaspending.gov/award/CONT_AWD_HT001518F0125_9700_HT001518D0001_9700
infrastructure_ops,sole_source,1,5202648.06,Office of the Assistant Secretary for Financial Resources,"FOUR POINTS TECHNOLOGY, L.L.C.",DA10,2025-09-08,2026-09-16 00:00:00,FULL AND OPEN COMPETITION,,AMAZON WEB SERVICES (AWS) HOSTING SERVICES,https://www.usaspending.gov/award/CONT_AWD_75P00125F80097_7570_47QTCA19D00MP_4732
infrastructure_ops,sole_source,1,5167423.02,Health Resources and Services Administration,"CYBERDATA TECHNOLOGIES, INC.",DA01,2026-04-30,2027-01-31 00:00:00,FULL AND OPEN COMPETITION AFTER EXCLUSION OF SOURCES,,OIT- SERVICES42 C 7612 INFORMATION SYSTEMS CYBER SECURITY AND PRIVACY SERVICES BRIDGE CONTRACT,https://www.usaspending.gov/award/CONT_AWD_75R60226F80039_7526_HHSN316201200126W_7529
other,sole_source,1,5146395.7,Health Resources and Services Administration,JEFF MURRAYS PROGRAMMING SHOP INC,D308,2018-03-23,2023-03-22 00:00:00,NOT COMPETED UNDER SAP,,IGF::CT::IGF UPGRADING AND MAINTAINING CAREWARE,https://www.usaspending.gov/award/CONT_AWD_HHSH250201800002A_7526_-NONE-_-NONE-
other,sole_source,1,5143337.16,Defense Health Agency,NALU FEDERAL LLC,DA01,2025-10-01,2026-09-30 00:00:00,NOT AVAILABLE FOR COMPETITION,,INFORMATION TECHNOLOGY DEPARTMENT SURGE SUPPORT TO WALTER REED NATIONAL MILITARY MEDICAL CENTER,https://www.usaspending.gov/award/CONT_AWD_HT001426PE009_9700_-NONE-_-NONE-
other,sole_source,,5134121.0,National Institutes of Health,"MEDIDATA SOLUTIONS, INC.",D306,2020-08-26,2025-08-31 00:00:00,NOT COMPETED,,MEDIDATA RAVE EDC APPLICATION AND PROFESSIONAL SERVICES,https://www.usaspending.gov/award/CONT_AWD_75N91020F00002_7529_75N91018D00033_7529
other,sole_source,1,5103327.43,Defense Health Agency,"DARK WOLF SOLUTIONS, LLC",DA01,2024-03-11,2025-03-10 00:00:00,NOT COMPETED UNDER SAP,,THEATER BLOOD MOBILE DEVELOPMENT AND ENHANCEMENT SUPPORT,https://www.usaspending.gov/award/CONT_AWD_HT003824F0009_9700_FA830720G0037_9700
other,sole_source,1,5080471.67,Health Resources and Services Administration,TECHNOGEN INC.,DF10,2024-09-27,2025-09-29 00:00:00,FULL AND OPEN COMPETITION,,OIT-SERVICES36 C 6917 CUSTOM APPLICATIONS (W-OKTA IMPLEMENTATION) AND SERVICENOW SUPPORT SERVICES,https://www.usaspending.gov/award/CONT_AWD_75R60224F80127_7526_GS35F181BA_4732
credentialing_provider_data,sole_source,1,5068567.79,Office of the Assistant Secretary for Financial Resources,"V3GATE, LLC",DE10,2022-03-04,2026-08-31 00:00:00,FULL AND OPEN COMPETITION,,HHS NEXTGEN XMS CREDENTIAL SERVICE PROVIDER (CSP),https://www.usaspending.gov/award/CONT_AWD_75P00122F80035_7570_GS35F0486V_4730
other,sole_source,1,5054875.5,Centers for Medicare and Medicaid Services,"FEARLESS SOLUTIONS, LLC",DA01,2022-02-25,2023-03-08 00:00:00,FULL AND OPEN COMPETITION,,"THERE IS A NEED FOR A TEAM TO PROVIDE RESEARCH, DEVELOPMENT AND ONGOING SUPPORT OF THE BCDA AND DPC APIS. THIS IS A BRIDGE CONTRACT PUT IN PLACE DUE TO AN URGENT, IDENTIFIED NEED STEMMING FROM A STOP WORK ORDER ISSUED POST-PROTEST.",https://www.usaspending.gov/award/CONT_AWD_75FCMC22F0027_7530_GS35F115GA_4732
grants_contracts_admin,sole_source,1,5038211.32,Centers for Medicare and Medicaid Services,IADEPTIVE TECHNOLOGIES LLC,DA01,2024-02-14,2026-06-19 00:00:00,FULL AND OPEN COMPETITION,,"THE OFFICE OF ACQUISITION AND GRANTS MANAGEMENT (OAGM) IS CURRENTLY REPLACING ITS LEGACY CONTRACT REPORTING SYSTEM VIA THE CMS ACQUISITION LIFECYCLE MODERNIZATION (CALM) EFFORT.  OAGM REQUIRES ASSISTANCE WITH DATA MANAGEMENT, REPORTING AND ANALYTICS",https://www.usaspending.gov/award/CONT_AWD_75FCMC24F0038_7530_47QTCA23D004R_4732
analytics_reporting,sole_source,1,5022773.04,Centers for Medicare and Medicaid Services,INDEX ANALYTICS LLC,DA01,2023-03-02,2028-03-01 00:00:00,NOT AVAILABLE FOR COMPETITION,,THE PURPOSE OF THE SOLICITATION IS TO ACQUIRE IT SUPPORT AND MAINTENANCE FOR AND AFTER THE MIGRATION OF THE CONTRACTOR REPORTING OF OPERATIONAL AND WORKLOAD DATA (CROWD) FROM THE LEGACY MODEL 204 (M204) DATABASE MANAGEMENT SYSTEM (DBMS) TO A MODERN G,https://www.usaspending.gov/award/CONT_AWD_75FCMC23C0019_7530_-NONE-_-NONE-
clinical_it_ehr,sole_source,1,5021737.7,Defense Health Agency,CERNER CORPORATION,DA10,2025-02-20,2026-12-07 00:00:00,NOT COMPETED UNDER SAP,,ANATOMIC PATHOLOGY LABORATORY INFORMATION SYSTEM,https://www.usaspending.gov/award/CONT_AWD_HT003825C0004_9700_-NONE-_-NONE-
other,sole_source,1,5017287.6,Defense Health Agency,"NAPAKIAK VENTURES, LLC",DA01,2025-03-12,2030-03-31 00:00:00,NOT AVAILABLE FOR COMPETITION,,ANNUAL VETERINARY SERVICES SYSTEMS MANAGEMENT.,https://www.usaspending.gov/award/CONT_AWD_HT001125C0067_9700_-NONE-_-NONE-
infrastructure_ops,sole_source,1,5010990.23,National Institutes of Health,GUIDEHOUSE INC.,DA01,2025-09-29,2026-10-28 00:00:00,FULL AND OPEN COMPETITION,,CENTER OF INFORMATION TECHNOLOGY (CIT) RISK MANAGEMENT FRAMEWORK (RMF) AND CYBERSECURITY OPERATIONS SUPPORT SERVICES,https://www.usaspending.gov/award/CONT_AWD_75N97A25F10001_7529_HHSN316201200040W_7529
portal_web,sole_source,1,5010284.64,Administration for Children and Families,APPLIED INTELLECT LLC,DA01,2022-10-31,2024-01-30 00:00:00,FULL AND OPEN COMPETITION AFTER EXCLUSION OF SOURCES,,UC PORTAL CORE APPLICATION MANAGEMENT AND SUPPORT,https://www.usaspending.gov/award/CONT_AWD_75ACF123F80001_7590_47QTCB21D0210_4732
other,sole_source,1,5000000.0,Department of Veterans Affairs,"ODDBALL, INC.",DA01,2024-07-02,2025-03-12 00:00:00,NOT AVAILABLE FOR COMPETITION,,LOGIN.GOV MULTIFACTOR AUTHENTICATION SCRUM TEAMS,https://www.usaspending.gov/award/CONT_AWD_36C10B24C0024_3600_-NONE-_-NONE-
other,sole_source,1,4999995.44,Department of Veterans Affairs,"AGILE SIX APPLICATIONS, INC",DA01,2024-09-06,2025-09-08 00:00:00,NOT AVAILABLE FOR COMPETITION,,ABD TOXIC EXPOSURE,https://www.usaspending.gov/award/CONT_AWD_36C10B24C0057_3600_-NONE-_-NONE-
other,sole_source,1,4999967.96,Department of Veterans Affairs,"AGILE SIX APPLICATIONS, INC",DA01,2024-08-13,2025-08-13 00:00:00,NOT AVAILABLE FOR COMPETITION,,HEALTH ENROLLMENT FOLLOW-ON,https://www.usaspending.gov/award/CONT_AWD_36C10B24C0041_3600_-NONE-_-NONE-
other,sole_source,1,4999582.72,Centers for Medicare and Medicaid Services,ARCHESYS INC,DA10,2023-06-26,2026-08-31 00:00:00,NOT AVAILABLE FOR COMPETITION,,AWARD CONTRACT FOR OPERATIONS AND ENGINEERING SERVICES (OES),https://www.usaspending.gov/award/CONT_AWD_75FCMC23C0031_7530_-NONE-_-NONE-
other,sole_source,1,4998352.63,Department of Veterans Affairs,STEERBRIDGE STRATEGIES LLC,DB01,2025-08-04,2026-10-02 00:00:00,NOT COMPETED UNDER SAP,,MEDICAL DISABILITY EXAMS (MDE) ACCEPTABLE CLINICAL EVIDENCE (ACE) ARTIFICIAL INTELLIGENCE (AI) PROOF-OF-CONCEPT PILOT,https://www.usaspending.gov/award/CONT_AWD_36C10X25P0051_3600_-NONE-_-NONE-
document_processing,sole_source,1,4997987.0,Department of Veterans Affairs,"AXON ENTERPRISE, INC.",DA10,2023-09-20,2027-09-19 00:00:00,NOT COMPETED,,VA POLICE CLOUD RECORD MANAGEMENT SYSTEM (RMS) IMPLEMENTATION,https://www.usaspending.gov/award/CONT_AWD_36C10B23C0043_3600_-NONE-_-NONE-
other,sole_source,1,4997823.0,Department of Veterans Affairs,PAYTON MERGER SUB II LLC,DA10,2023-10-01,2024-12-31 00:00:00,FULL AND OPEN COMPETITION,,AUDIOCARE AUTOMATED COMMUNICATION SYSTEM,https://www.usaspending.gov/award/CONT_AWD_36C10B24F0015_3600_47QTCA22D00CM_4732
other,sole_source,1,4996081.22,Department of Veterans Affairs,COFORMA LLC,DA01,2024-08-21,2025-08-31 00:00:00,NOT AVAILABLE FOR COMPETITION,,PENSION AND BURIAL PROGRAM.,https://www.usaspending.gov/award/CONT_AWD_36C10B24C0038_3600_-NONE-_-NONE-
call_center_contact,sole_source,1,4972564.48,Department of Veterans Affairs,ZCORE GROUP LLC,DA01,2026-04-01,2026-10-30 00:00:00,NOT AVAILABLE FOR COMPETITION,,"THE PURPOSE OF THIS CONTRACT IS TO PROVIDE HOSTING MANAGEMENT SERVICE AND HELPDESK SUPPORT FOR THE VA ENTERPRISE RESOURCE PLANNING SYSTEM, A COMMERCIAL-OFF-THE-SHELF SYSTEM BRANDED AS THE VA INTEGRATED FINANCIAL AND ACQUISITION MANAGEMENT SYSTEM.",https://www.usaspending.gov/award/CONT_AWD_36C10B26C0037_3600_-NONE-_-NONE-
other,sole_source,1,4882476.06,Office of the Assistant Secretary for Financial Resources,HERITAGE INTERIORS LLC,DE01,2023-07-14,2027-11-30 00:00:00,NOT COMPETED UNDER SAP,,ROOM MANAGEMENT AUDIO VISUAL/INFORMATION (AV/IT) TECHNOLOGY SUPPORT  DAILY OPERATIONS,https://www.usaspending.gov/award/CONT_AWD_75P00123F37001_7570_75P00123A00010_7570
other,sole_source,1,4833577.43,Department of Veterans Affairs,"PICIS CLINICAL SOLUTIONS, INC.",DA01,2021-10-01,2026-09-30 00:00:00,NOT COMPETED UNDER SAP,,CIS ARK MAINTENANCE,https://www.usaspending.gov/award/CONT_AWD_36C24422N0040_3600_36C10G21A0007_3600
infrastructure_ops,sole_source,1,4818767.44,Defense Health Agency,INTERNATIONAL BUSINESS MACHINES CORPORATION,DF01,2022-12-16,2024-11-07 00:00:00,FULL AND OPEN COMPETITION,,SUSTAINMENT TO MAINTAIN AND ENSURE CONTINUITY OF LIFECYLE MANAGEMENT TOOLS (LMT) HOSTING SUPPORT TO THE PROGRAM EXECUTIVE OFFICE DEFENSE HEALTHCARE MANAGEMENT SYSTEM (PEO DHMS).,https://www.usaspending.gov/award/CONT_AWD_HT003823F0002_9700_47QTCK18D0014_4732
other,sole_source,1,4816366.72,Defense Health Agency,RWD CONSULTING LLC,D301,2018-09-30,2021-03-29 00:00:00,NOT AVAILABLE FOR COMPETITION,,GENESIS INFORMATION MANAGEMENT/INFORMATION TECHNOLOGY PROJECT MANAGEMENT SERVICES,https://www.usaspending.gov/award/CONT_AWD_HT001418P0587_9700_-NONE-_-NONE-
infrastructure_ops,sole_source,1,4815170.2,Department of Veterans Affairs,LIGHTHOUSE FOR THE BLIND OF HOUSTON,D304,2019-02-27,2024-08-31 00:00:00,NOT COMPETED UNDER SAP,,IGF::OF::IGF - SWITCHBOARD OPERATOR SERVICES AT VA LONG BEACH HCS.,https://www.usaspending.gov/award/CONT_AWD_36C26219C0056_3600_-NONE-_-NONE-
scheduling_referral_community_care,sole_source,1,4799845.29,Department of Veterans Affairs,"INTUITIAL SIX, LLC",DA01,2026-05-26,2027-02-16 00:00:00,NOT COMPETED,,UNITED APPOINTMENT EXPERIENCE,https://www.usaspending.gov/award/CONT_AWD_36C10B26C0051_3600_-NONE-_-NONE-
other,sole_source,1,4789836.62,Food and Drug Administration,"YONA-BRIXTEL II, LLC",DA10,2022-09-19,2024-02-19 00:00:00,NOT AVAILABLE FOR COMPETITION,,FOOD AND DRUG ADMINISTRATION - OFFICE OF INFORMATION MANAGEMENT AND TECHNOLOGY CHIEF TECHNOLOGY OFFICER (CTO) SUPPORT 2022-2023,https://www.usaspending.gov/award/CONT_AWD_75F40122C00189_7524_-NONE-_-NONE-
other,sole_source,1,4788888.49,Department of Veterans Affairs,"ODDBALL, INC.",DA01,2024-09-11,2025-11-09 00:00:00,NOT AVAILABLE FOR COMPETITION,,"CONTINUATION OF VA.GOV INNOVATE, ITERATE AND RUN (IIR) REQUIREMENTS.",https://www.usaspending.gov/award/CONT_AWD_36C10B24C0055_3600_-NONE-_-NONE-
scheduling_referral_community_care,sole_source,1,4762322.93,Office of the Assistant Secretary for Financial Resources,AGISOL LLC,DF01,2025-07-01,2027-07-01 00:00:00,FULL AND OPEN COMPETITION AFTER EXCLUSION OF SOURCES,,"THE OBJECTIVE OF THIS ORDER IS TO ACQUIRE EXPERT CONSULTING SUPPORT AND SERVICES TO SUPPORT THE MISSION OF OBI. BY ISSUANCE OF THIS ORDER, THE CONTRACTOR SHALL PROVIDE OPERATIONAL AND RELEASE MANAGEMENT SUPPORT ACROSS THESE CORE FUNCTIONAL AREAS: -",https://www.usaspending.gov/award/CONT_AWD_75F40125F80088_7524_47QTCB22D0589_4732
other,sole_source,1,4750172.73,Centers for Disease Control and Prevention,CARAHSOFT TECHNOLOGY CORP,DE01,2024-01-17,2027-01-12 00:00:00,FULL AND OPEN COMPETITION,,SALESFORCE LICENSES,https://www.usaspending.gov/award/CONT_AWD_75D30124F18406_7523_NNG15SC03B_8000
portal_web,sole_source,1,4750153.0,Centers for Medicare and Medicaid Services,SILOTECH GROUP INC,DA01,2022-04-14,2027-04-14 00:00:00,NOT AVAILABLE FOR COMPETITION,,"PHYSICAL SECURITY SYSTEM CUSTOMIZATION. CMS REQUIRES PERSONNEL AND SERVICES TO DEVELOP, ADMINISTER, MAINTAIN AND MONITOR THE DIVISION OF PHYSICAL SECURITY OPERATIONS (DPSO) PHYSICAL ACCESS MANAGEMENT",https://www.usaspending.gov/award/CONT_AWD_75FCMC22C0020_7530_-NONE-_-NONE-
other,sole_source,1,4731818.77,Defense Health Agency,"MALAMA, LLC",D314,2017-02-28,2022-06-30 00:00:00,NOT AVAILABLE FOR COMPETITION,,IGF::OT::IGF  VSIMS SUPPORT SERVICES,https://www.usaspending.gov/award/CONT_AWD_HT001517C0009_9700_-NONE-_-NONE-
portal_web,sole_source,1,4726400.0,Department of Veterans Affairs,R.S. MEANS COMPANY LLC,DA10,2024-02-02,2027-02-14 00:00:00,NOT COMPETED,,RS MEANS DATA ONLINE COMPLETE PLUS FULL LIBRARY AND SOFTWARE UPDATES,https://www.usaspending.gov/award/CONT_AWD_36C10B24C0006_3600_-NONE-_-NONE-
analytics_reporting,sole_source,,4721144.12,Food and Drug Administration,"CHICKASAW STRATEGIC POINTE, LLC",DF01,2023-08-23,2024-03-22 00:00:00,NOT AVAILABLE FOR COMPETITION,,"IT SERVICES: FDA ADVERSE EVENT REPORTING SYSTEM (FAERS) OPERATIONS AND MAINTENANCE (O&M) DEVELOPMENT, MODERNIZATION & ENHANCEMENTS (DME)",https://www.usaspending.gov/award/CONT_AWD_75F40123F19001_7524_75F40123D00026_7524
analytics_reporting,sole_source,,4671391.31,Health Resources and Services Administration,"SAPIENT GOVERNMENT SERVICES, INC.",DA01,2026-02-26,2027-02-28 00:00:00,FULL AND OPEN COMPETITION,,"OIT- SERVICES34 C 7544 HRSA DATA WAREHOUSE - SYSTEM ENHANCEMENTS, DATA REFRESHES, ARTIFICIAL INTELLIGENCE (AI) CHATBOT IMPLEMENTATION AND DATA ENGINEERING FOR BPHC, MCHB, HAB AND BHW PROGRAMS",https://www.usaspending.gov/award/CONT_AWD_75R60226F34001_7526_75R60226A00001_7526
other,sole_source,1,4661995.75,Department of Veterans Affairs,"MAGNUM OPUS, LLC",DA01,2024-08-27,2025-08-28 00:00:00,NOT AVAILABLE FOR COMPETITION,,LOGIN.GOV SCRUM TEAMS,https://www.usaspending.gov/award/CONT_AWD_36C10B24C0049_3600_-NONE-_-NONE-
other,sole_source,1,4660710.0,Department of Veterans Affairs,"THUNDERCAT TECHNOLOGY, LLC",DB01,2024-07-03,2029-07-02 00:00:00,FULL AND OPEN COMPETITION AFTER EXCLUSION OF SOURCES,,MD CLONE PLATFORM,https://www.usaspending.gov/award/CONT_AWD_36C10B24F0215_3600_NNG15SD26B_8000
infrastructure_ops,sole_source,1,4629171.0,Office of the Assistant Secretary for Financial Resources,"SEV1TECH, LLC",DC01,2026-07-30,2028-01-27 00:00:00,FULL AND OPEN COMPETITION,,NEXT GENERATION IT SERVICES (NGITS) APPLICATION HOSTING,https://www.usaspending.gov/award/CONT_AWD_7571TE26F66016_7571_HHSP233201700023B_7570
other,sole_source,1,4603476.0,Centers for Medicare and Medicaid Services,CARAHSOFT TECHNOLOGY CORP,D399,2020-08-11,2023-08-10 00:00:00,FULL AND OPEN COMPETITION,,SYSTEM FOR QUALITY IMPROVEMENT DATA (SQUID) TASK ORDER,https://www.usaspending.gov/award/CONT_AWD_75FCMC20F0083_7530_GS35F0119Y_4732
other,sole_source,1,4585394.52,National Institutes of Health,"INFORMATION MANAGEMENT SERVICES, INC.",D308,2020-05-07,2022-05-09 00:00:00,FULL AND OPEN COMPETITION,,COMPUTING SERVICES FOR THE DIVISION OF CANCER PREVENTION (DCP),https://www.usaspending.gov/award/CONT_AWD_75N91020F00002_7529_HHSN261201500003B_7529
other,sole_source,1,4580575.63,Defense Health Agency,"4S - SILVERSWORD SOFTWARE AND SERVICES, LLC",D321,2020-09-28,2024-07-25 00:00:00,NOT COMPETED UNDER SAP,,MAINTAIN AND UPDATE THE VISION CENTER OF EXCELLENCE REQUIREMENTS ANALYSIS AND MANAGEMENT PROCESS TO ENSURE COMPLIANCE WITH FEDERAL AND DEPARTMENT OF DEFENSE REGULATIONS BY PROVIDING PROGRAM MANAGEMENT SUPPORT SERVICES.,https://www.usaspending.gov/award/CONT_AWD_HT001120C0027_9700_-NONE-_-NONE-
clinical_it_ehr,sole_source,1,4573521.92,Department of Veterans Affairs,"FOUR POINTS TECHNOLOGY, L.L.C.",DA10,2025-12-29,2026-12-31 00:00:00,FULL AND OPEN COMPETITION AFTER EXCLUSION OF SOURCES,,VISN 1 PACS,https://www.usaspending.gov/award/CONT_AWD_36C24126F0046_3600_NNG15SD22B_8000
other,sole_source,1,4563607.97,Food and Drug Administration,VERSATECH INC,DA01,2022-07-06,2025-10-10 00:00:00,FULL AND OPEN COMPETITION AFTER EXCLUSION OF SOURCES,,FARM DME O&M SUPPORT,https://www.usaspending.gov/award/CONT_AWD_75F40122F80214_7524_75N98119D00077_7529
other,sole_source,1,4556142.4,Office of the Assistant Secretary for Financial Resources,COFORMA LLC,DA10,2025-09-29,2026-09-29 00:00:00,NOT COMPETED UNDER SAP,,PROCESS AND TECHNOLOGY MODERNIZATION (OPTM),https://www.usaspending.gov/award/CONT_AWD_75P00125C00022_7570_-NONE-_-NONE-
other,sole_source,1,4538067.6,Defense Health Agency,MICROHEALTH LLC,DA10,2024-05-09,2026-11-10 00:00:00,NOT AVAILABLE FOR COMPETITION,,CLINICAL SAFETY COMPLIANCE OFFICERS,https://www.usaspending.gov/award/CONT_AWD_HT001424P0144_9700_-NONE-_-NONE-
other,sole_source,1,4522871.42,Office of the Assistant Secretary for Financial Resources,"SILTEK, INC.",DA10,2024-07-23,2029-07-22 00:00:00,NOT COMPETED UNDER SAP,,OGC MATTER TRACKING SERVICES BPA,https://www.usaspending.gov/award/CONT_AWD_75P00124F37001_7570_75P00124A00015_7570
other,sole_source,1,4519313.56,Department of Veterans Affairs,SCRIPTPRO USA INC,DA01,2021-12-23,2025-06-30 00:00:00,NOT COMPETED,,SCRIPTPRO PHARMACY MANAGEMENT SYSTEM UPGRADE,https://www.usaspending.gov/award/CONT_AWD_36C10B22C0013_3600_-NONE-_-NONE-
other,sole_source,1,4515843.84,Department of Veterans Affairs,CAPITAL SOLUTION DESIGN LLC,DA10,2022-09-23,2025-09-25 00:00:00,NOT COMPETED,,BEHAVIORAL HEALTH LAB MAINTENANCE AND SUPPORT,https://www.usaspending.gov/award/CONT_AWD_36C10B22C0040_3600_-NONE-_-NONE-
infrastructure_ops,sole_source,1,4515098.4,Defense Health Agency,"LAWELAWE DEFENSE, INC.",DA01,2024-12-20,2026-12-21 00:00:00,NOT AVAILABLE FOR COMPETITION,,CYBERSECURITY ANALYSIS NONPERSONAL SERVICES,https://www.usaspending.gov/award/CONT_AWD_HT001425P0031_9700_-NONE-_-NONE-
other,sole_source,1,4512539.28,Centers for Medicare and Medicaid Services,"TITANIA SOLUTIONS GROUP, INC.",DA01,2024-05-20,2025-07-31 00:00:00,FULL AND OPEN COMPETITION,,HEIST BRIDGE,https://www.usaspending.gov/award/CONT_AWD_75FCMC24F0091_7530_HHSM500201600070I_7530
portal_web,sole_source,1,4499948.97,Centers for Medicare and Medicaid Services,"TRUSSWORKS, INC.",DA10,2023-10-15,2025-04-16 00:00:00,NOT COMPETED UNDER SAP,,"MANAGED CARE IN THE MEDICAID AND CHIP PROGRAMS PROVIDES ESSENTIAL HEALTH CARE COVERAGE TO MORE THAN 160 MILLION PEOPLE. CMS SEEKS AGILE DESIGN AND SOFTWARE DEVELOPMENT SERVICES T0 DESIGN, DEVELOP AND RELEASE A MINIMUM VIABLE PRODUCT (MVP) CONSISTING",https://www.usaspending.gov/award/CONT_AWD_75FCMC24C0001_7530_-NONE-_-NONE-
grants_contracts_admin,sole_source,1,4499945.21,Office of the Assistant Secretary for Administration,"CLOUD7WORKS, INC.",DK10,2023-09-26,2025-10-26 00:00:00,NOT COMPETED UNDER SAP,,"TO PROVIDE IT ACQUISITION SUPPORT SERVICES AND ADDRESS MS AZURE SYSTEM SUSTAINABILITY TO COMPLY WITH THE FOLLOWING EXECUTIVE ORDERS (EO) AND FEDERAL MANDATE (FM): (A) EO ? IMPROVING THE NATIONS CYBERSECURITY, (B) EO ? STRENGTHENING FEDERAL INFORMATIO",https://www.usaspending.gov/award/CONT_AWD_75P00123C00044_7570_-NONE-_-NONE-
infrastructure_ops,sole_source,1,4499522.05,Centers for Medicare and Medicaid Services,EXPLORE DIGITS INC,DA01,2021-05-11,2023-10-13 00:00:00,NOT COMPETED,,THE CENTER FOR CLINICAL STANDARDS AND QUALITY (CCSQ) IS IN NEED OF A CLOUD-BASED ARTIFICIAL INTELLIGENCE (AI) /MACHINE LEARNING (ML) PLATFORM INCLUDING NATURAL LANGUAGE PROCESSING (NLP) THAT: 1) ESTABLISHES A COMMON INFRASTRUCTURE FOR FUTURE AI/NLP/M,https://www.usaspending.gov/award/CONT_AWD_75FCMC21C0013_7530_-NONE-_-NONE-
portal_web,sole_source,1,4499230.94,Office of the Assistant Secretary for Financial Resources,"PRECISE SOFTWARE SOLUTIONS, INC.",DA10,2024-09-30,2027-09-29 00:00:00,NOT COMPETED UNDER SAP,,"THE REQUIREMENT IS THE CONTRACTOR LABOR, MATERIALS, AND SUPERVISION TO COMPLETE THE MIGRATION OF CONTENT FROM PHE.GOV AND ASPR.HHS.GOV TO ASPR.GOV, WHERE CONTENT WILL BE PORTED TO DRUPAL AND HOSTED IN ACQUIA?S FEDRAMP CLOUD",https://www.usaspending.gov/award/CONT_AWD_75A50224C00014_7505_-NONE-_-NONE-
portal_web,sole_source,1,4497056.65,Centers for Medicare and Medicaid Services,METTLE SOLUTIONS LLC,DA01,2023-08-31,2025-09-14 00:00:00,NOT AVAILABLE FOR COMPETITION,,THE PURPOSE OF THIS STATEMENT OF WORK (SOW) IS TO MAKE A NEW AWARD TO PROCURE SUPPORT AND SERVICES UNDER THE CENTERS FOR MEDICARE AND MEDICAID SERVICES HEALTH INFORMATION HANDLER (CMS HIH) MANAGEMENT AND SUPPORT CONTRACT. THE CONTRACTOR SHALL PROVIDE,https://www.usaspending.gov/award/CONT_AWD_75FCMC23C0050_7530_-NONE-_-NONE-
other,sole_source,1,4496524.0,Office of the Assistant Secretary for Financial Resources,NAVANCIO LLC,DF01,2024-06-10,2026-08-09 00:00:00,NOT AVAILABLE FOR COMPETITION,,8(A) SET-ASIDE SOLE-SOURCE PROCUREMENT FOR IMPLEMENTATION OF ENTERPRISE RESOURCE PLANNING (ERP) SOFTWARE,https://www.usaspending.gov/award/CONT_AWD_75H71124C00263_7527_-NONE-_-NONE-
other,sole_source,1,4496207.0,Centers for Medicare and Medicaid Services,"TRUSSWORKS, INC.",D399,2020-09-23,2022-09-28 00:00:00,NOT AVAILABLE FOR COMPETITION,,MEDICAID&CHIP FOUNDATIONAL DEVSECOPS COMPONENT (MAC-FC),https://www.usaspending.gov/award/CONT_AWD_75FCMC20C0043_7530_-NONE-_-NONE-
analytics_reporting,sole_source,1,4481706.54,Centers for Medicare and Medicaid Services,INDEX ANALYTICS LLC,DA01,2024-09-05,2025-09-10 00:00:00,FULL AND OPEN COMPETITION AFTER EXCLUSION OF SOURCES,,MEDICAID AND CHIP BUSINESS TRACKER AND ANALYTIC TOOLS,https://www.usaspending.gov/award/CONT_AWD_75FCMC24FJ002_7530_47QTCB21D0217_4732
portal_web,sole_source,1,4478937.33,Centers for Medicare and Medicaid Services,"TRUSSWORKS, INC.",DF01,2022-03-16,2023-10-16 00:00:00,NOT COMPETED UNDER SAP,,"CMS SEEKS AGILE DESIGN AND SOFTWARE DEVELOPMENT SERVICES TO DESIGN, DEVELOP AND RELEASE A MINIMUM VIABLE PRODUCT (MVP) CONSISTING OF CRITICAL AUTOMATED TOOLS TO SUPPORT END USERS IN THE CENTER FOR MEDICAID AND CHIP SERVICES (CMCS) WHO REVIEW MEDICAID",https://www.usaspending.gov/award/CONT_AWD_75FCMC22C0015_7530_-NONE-_-NONE-
other,sole_source,1,4474647.37,Administration for Children and Families,COFORMA LLC,DA10,2023-09-29,2024-09-29 00:00:00,NOT COMPETED UNDER SAP,,"ORR PROCESS AND TECHNOLOGY MODERNIZATION (OPTM) - THE ORR UC PROGRAM OVERSEES THE PROCESS OF PLACING AND ADMITTING UCS AT ORR-FUNDED  FACILITIES AND THEN MANAGES THE PROCESSES OF EVALUATING THE NEEDS OF THE CHILDREN, CARING FOR THEM WHILE IN ORR CUS",https://www.usaspending.gov/award/CONT_AWD_75ACF123P00017_7590_-NONE-_-NONE-
other,sole_source,1,4469668.19,Defense Health Agency,"CONCEPT PLUS, LLC",DA01,2025-05-20,2026-05-10 00:00:00,FULL AND OPEN COMPETITION,,INDIVIDUAL LONGITUDINAL EXPOSURE RECORD SUSTAINMENT AND DEVELOPMENT SERVICES,https://www.usaspending.gov/award/CONT_AWD_HT001125F0083_9700_GS35F0264Y_4732
other,sole_source,1,4468270.42,National Institutes of Health,"VISTRONIX, LLC",DA01,2022-09-19,2023-04-23 00:00:00,FULL AND OPEN COMPETITION,,BRIDGE TASK ORDER: DNTP TOXICOLOGICAL DATA SUPPORT,https://www.usaspending.gov/award/CONT_AWD_75N96022F00001_7529_HHSN316201200054W_7529
other,sole_source,1,4466710.8,Office of the Assistant Secretary for Administration,COFORMA LLC,DA10,2024-09-24,2025-09-29 00:00:00,NOT AVAILABLE FOR COMPETITION,,THE SCOPE OF THIS CONTRACT IN DELIVERING THIS VISION IS TO DEVELOP THE BASE ARCHITECTURE FOR THE MODERN UC TECHNOLOGY PLATFORM AND THE CORE CASE MANAGEMENT-RELATED FUNCTIONS IN THROUGH A COMPOSABLE ARCHITECTURE. FURTHER WORK WILL UTILIZE THE STANDARD,https://www.usaspending.gov/award/CONT_AWD_75ACF124P00015_7590_-NONE-_-NONE-
other,sole_source,,4449245.36,National Institutes of Health,THE MITRE CORPORATION,DA01,2024-02-22,2026-08-21 00:00:00,NOT COMPETED,,HEROES PROGRAM STRATEGIC SUPPORT,https://www.usaspending.gov/award/CONT_AWD_75N99224F00001_7529_75FCMC23D0004_7530
infrastructure_ops,sole_source,1,4444682.88,Centers for Medicare and Medicaid Services,AFFIX DIGITAL LLC,DJ01,2024-01-18,2026-03-01 00:00:00,NOT COMPETED,,CYBERGEEK,https://www.usaspending.gov/award/CONT_AWD_75FCMC24C0009_7530_-NONE-_-NONE-
other,sole_source,1,4413021.41,Health Resources and Services Administration,MICROHEALTH LLC,DA01,2022-09-18,2024-09-18 00:00:00,FULL AND OPEN COMPETITION AFTER EXCLUSION OF SOURCES,,340B OPAIS DME,https://www.usaspending.gov/award/CONT_AWD_75R60222F80117_7526_47QTCB22D0207_4732
other,sole_source,1,4397670.18,National Institutes of Health,TRIPLE POINT SECURITY INC,DJ01,2020-12-30,2024-01-03 00:00:00,NOT AVAILABLE FOR COMPETITION,,SUPPORT FOR THE INFORMATION SECURITY PROGRAM,https://www.usaspending.gov/award/CONT_AWD_75N98021P01058_7529_-NONE-_-NONE-
other,sole_source,1,4396568.65,Food and Drug Administration,IMMERSIVE CONCEPTS L.L.C.,DD01,2023-05-09,2025-04-30 00:00:00,NOT AVAILABLE FOR COMPETITION,,CDER WHITE OAK CONFERENCE ROOMS A/V UPGRADES FOR HYBRID MEETINGS,https://www.usaspending.gov/award/CONT_AWD_75F40123C00054_7524_-NONE-_-NONE-
other,sole_source,1,4395966.47,Health Resources and Services Administration,"A P VENTURES, LLC",DA01,2023-07-13,2025-07-12 00:00:00,FULL AND OPEN COMPETITION AFTER EXCLUSION OF SOURCES,,CICP/VICP INJURY COMPENSATION SYSTEM - SALESFORCE IMPLEMENTATION,https://www.usaspending.gov/award/CONT_AWD_75R60223F80104_7526_47QTCB21D0325_4732
analytics_reporting,sole_source,,4389493.28,Health Resources and Services Administration,"SAPIENT GOVERNMENT SERVICES, INC.",DA01,2026-08-06,2027-08-15 00:00:00,FULL AND OPEN COMPETITION,,"OIT- SERVICES34 C 7232 HRSA DATA WAREHOUSE (HDW) DATA ENRICHMENTS, GIS MAP SERVICE MODERNIZATIONS, AI ENABLEMENT AND WEB SYSTEM ENHANCEMENTS",https://www.usaspending.gov/award/CONT_AWD_75R60226F34006_7526_75R60226A00001_7526
other,sole_source,1,4388054.84,Department of Veterans Affairs,"ODDCORE JV, LLC",DA01,2026-05-14,2027-05-13 00:00:00,NOT AVAILABLE FOR COMPETITION,,POLYPHARMACY SOLUTION INTEGRATION,https://www.usaspending.gov/award/CONT_AWD_36C10B26C0047_3600_-NONE-_-NONE-
other,sole_source,1,4369502.01,Department of Veterans Affairs,"HUNTRIDGE LABS, LLC",DA01,2025-09-15,2026-11-23 00:00:00,NOT AVAILABLE FOR COMPETITION,,BENEFITS INTAKE OPTIMIZATION CONTRACT # 1,https://www.usaspending.gov/award/CONT_AWD_36C10B25C0048_3600_-NONE-_-NONE-
other,sole_source,1,4369332.88,Centers for Medicare and Medicaid Services,CORMAC CORPORATION,D399,2018-09-06,2023-09-28 00:00:00,FULL AND OPEN COMPETITION,,IGF::OT::IGF,https://www.usaspending.gov/award/CONT_AWD_75FCMC18F0003_7530_HHSM500201600051I_7530
other,sole_source,1,4356066.1,Food and Drug Administration,VETS SYNERGETIC GROUP LLC,DA01,2025-09-05,2027-09-07 00:00:00,FULL AND OPEN COMPETITION,,TASK ORDER: CDER PUBLISHING PLATFORM,https://www.usaspending.gov/award/CONT_AWD_75F40125F80173_7524_47QTCA24D005S_4732
other,sole_source,1,4344810.56,Office of the Assistant Secretary for Administration,PRINCE OF WALES TRIBAL ENTERPRISE CONSORTIUM LLC,D301,2016-08-04,2026-06-18 00:00:00,NOT COMPETED,,IGF::OT::IGF TITLE: BUSINESS TECHNOLOGY SUPPORT,https://www.usaspending.gov/award/CONT_AWD_HHSP233201650063A_7570_-NONE-_-NONE-
other,sole_source,1,4337482.66,Office of the Assistant Secretary for Financial Resources,"GRAY MATTERS TECHNOLOGY SERVICE, LLC",DA10,2024-02-22,2027-02-21 00:00:00,NOT COMPETED UNDER SAP,,"THE CONTRACTOR SHALL PROVIDE 1) GRANTEE AND PROGRAM SUPPORT AND LOGISTICAL MANAGEMENT SERVICES FOR A VARIETY OF ACTIVITIES THAT SUPPORT THE MISSION OF FYSB AND ITS LEGISLATIVE REQUIREMENTS AND EVALUATION REQUIREMENTS, SUCH AS ACTIVITIES INCLUDING BUT",https://www.usaspending.gov/award/CONT_AWD_75ACF124C00008_7590_-NONE-_-NONE-
other,sole_source,1,4332024.18,Centers for Medicare and Medicaid Services,RELI GROUP INC,DA01,2022-08-25,2024-09-01 00:00:00,FULL AND OPEN COMPETITION,,DM/DG COTS SOFTWARE MAINTENANCE AND SUPPORT SERVICES,https://www.usaspending.gov/award/CONT_AWD_75FCMC22F0005_7530_HHSM500201700045I_7530
other,sole_source,1,4331623.44,Centers for Medicare and Medicaid Services,METTLE SOLUTIONS LLC,DA01,2023-11-30,2025-11-30 00:00:00,FULL AND OPEN COMPETITION,,PROVIDER COMPLIANCE GROUP FAST HEALTHCARE INTEROPERABILITY RESOURCES (PCG FHIR) AWARD,https://www.usaspending.gov/award/CONT_AWD_75FCMC24F0014_7530_47QTCA21D004Y_4732
other,sole_source,,4331003.0,Centers for Disease Control and Prevention,STCHEALTH LLC,DA01,2026-09-24,2029-09-25 00:00:00,NOT COMPETED,,IMMUNIZATION INFORMATION SYSTEMS TECHNOLOGY SERVICES (IISTS),https://www.usaspending.gov/award/CONT_AWD_75D30126F00002_7523_75D30124D20201_7523
other,sole_source,,4325124.48,Defense Health Agency,"VISTA DEFENSE TECHNOLOGIES, LLC",DA01,2023-09-24,2027-09-28 00:00:00,NOT AVAILABLE FOR COMPETITION,,"OBSERVATIONAL MEDICAL OUTCOMES PARTNERSHIP DEIDENTIFICATION, A PROCESS THAT PROTECTS THE PRIVACY OF PATIENT DATA BY REMOVING OR MASKING PERSONALLY IDENTIFIABLE INFORMATION.",https://www.usaspending.gov/award/CONT_AWD_HT003823F0017_9700_HT001520D0001_9700
other,sole_source,1,4318465.55,Office of the Assistant Secretary for Financial Resources,KONIAG DATA SOLUTIONS LLC,DF01,2025-09-29,2028-09-29 00:00:00,FULL AND OPEN COMPETITION,,"GOVERNANCE, RISK MANAGEMENT, AND COMPLIANCE (GRC) SUPPORT.",https://www.usaspending.gov/award/CONT_AWD_75P00125F80127_7570_47QTCA23D005D_4732
other,sole_source,1,4303577.43,Department of Veterans Affairs,"TADIRAN TELECOM, INC.",DG11,2021-11-19,2024-11-02 00:00:00,FULL AND OPEN COMPETITION,,TADIRAN MAINTENANCE,https://www.usaspending.gov/award/CONT_AWD_36C10A22F0050_3600_47QTCA19D00D7_4732
other,sole_source,1,4266778.08,Defense Health Agency,"ESO SOLUTIONS, INC.",DA10,2023-09-22,2028-09-21 00:00:00,NOT COMPETED,,MAINTENANCE SUPPORT SERVICES,https://www.usaspending.gov/award/CONT_AWD_HT942523C0064_9700_-NONE-_-NONE-
other,sole_source,1,4253485.66,Health Resources and Services Administration,MICROHEALTH LLC,DA01,2024-09-11,2026-09-12 00:00:00,FULL AND OPEN COMPETITION AFTER EXCLUSION OF SOURCES,,OSHI193 C 5439 - OFFICE OF PHARMACY AFFAIRS INFORMATION SYSTEMS OPERATIONS & MAINTENANCE,https://www.usaspending.gov/award/CONT_AWD_75R60224F80106_7526_47QTCB22D0207_4732
infrastructure_ops,sole_source,1,4251795.72,Centers for Medicare and Medicaid Services,METTLE SOLUTIONS LLC,DA01,2025-11-26,2026-11-30 00:00:00,FULL AND OPEN COMPETITION,,"THE PURPOSE OF THIS TASK ORDER IS TO PROCURE INFORMATION TECHNOLOGY SERVICES TO CONTINUE THE OPERATION, MAINTENANCE, AND DEVELOPMENT AND ENHANCEMENTS OF THE PROVIDER COMPLIANCE GROUP FAST HEALTHCARE INTEROPERABILITY RESOURCES (PCG FHIR) SERVER THAT O",https://www.usaspending.gov/award/CONT_AWD_75FCMC26F0020_7530_47QTCA21D004Y_4732
other,sole_source,1,4251425.56,Centers for Disease Control and Prevention,STCHEALTH LLC,DA10,2023-09-18,2028-09-18 00:00:00,FULL AND OPEN COMPETITION,,WV IMMUNIZATION INFORMATION SYSTEM (IIS),https://www.usaspending.gov/award/CONT_AWD_75D30123F18053_7523_GS35F0548S_4730
analytics_reporting,sole_source,1,4244068.53,Centers for Medicare and Medicaid Services,INDEX ANALYTICS LLC,D399,2020-09-21,2024-09-20 00:00:00,NOT AVAILABLE FOR COMPETITION,,"CMS REQUIRES THE CONTRACTOR TO PERFORM A DATA ANALYTICS ASSESSMENT, GAP ANALYSIS, DEVELOP A VISION AND PROVIDE COACHING SERVICES THAT WOULD SUPPORT BEST PRACTICES AND IDENTIFY NEW NEEDS AND CHALLENGES OF CONTINUING TO IMPROVE OVERALL DATA GOVERNANCE.",https://www.usaspending.gov/award/CONT_AWD_75FCMC20C0049_7530_-NONE-_-NONE-
other,sole_source,1,4233439.18,Centers for Medicare and Medicaid Services,IADEPTIVE TECHNOLOGIES LLC,DA01,2022-02-16,2024-02-15 00:00:00,NOT AVAILABLE FOR COMPETITION,,THIS AWARD IS TO PROVIDE SERVICES TO SUPPORT THE CALM MANAGEMENT DATA-DRIVEN DECISION SYSTEM (CMDDS) PROJECT.,https://www.usaspending.gov/award/CONT_AWD_75FCMC22C0013_7530_-NONE-_-NONE-
other,sole_source,1,4230661.0,Department of Veterans Affairs,"AGILE SIX APPLICATIONS, INC",DA01,2024-07-05,2025-04-15 00:00:00,NOT COMPETED UNDER SAP,,AUTOMATED BENEFITS DELIVERY APPLICATIONS FOLLOW-ON,https://www.usaspending.gov/award/CONT_AWD_36C10B24P0010_3600_-NONE-_-NONE-
other,sole_source,1,4229884.99,Centers for Medicare and Medicaid Services,RAINMAKERS STRATEGIC SOLUTIONS LLC,DF01,2021-05-20,2023-06-21 00:00:00,NOT COMPETED,,HUMAN CENTERED DESIGN (HCD) & SECTION 508 SUPPORT SERVICES,https://www.usaspending.gov/award/CONT_AWD_75FCMC21C0014_7530_-NONE-_-NONE-
other,sole_source,1,4187671.29,Office of the Assistant Secretary for Financial Resources,APEX LOGIC INC,DA01,2023-04-13,2027-10-31 00:00:00,FULL AND OPEN COMPETITION,,THIS U.S. DEPARTMENT OF HEALTH AND HUMAN SERVICES (HHS) OFFICE OF SMALL DISADVANTAGED BUSINESS UTILIZATION (OSDBU) REQUIRES A SINGLE INTERFACE OF BUSINESS MANAGEMENT SOLUTION THAT PROVIDES FOR A SYSTEM PROVIDES IMPROVED INTERACTIONS WITH USERS AND RE,https://www.usaspending.gov/award/CONT_AWD_75P00123F80068_7570_47QTCA22D00A2_4732
other,sole_source,1,4186596.0,Department of Veterans Affairs,CLINICOMP INTERNATIONAL INC,DF10,2021-09-02,2026-08-31 00:00:00,NOT COMPETED UNDER SAP,,"CLINICAL INFORMATION SYSTEM (CIS) SOFTWARE AND HARDWARE SUPPORT SERVICES (CLINICOMP CIS SERVICES) FOR THE VISN 2 SOUTH SITE LOCATIONS (BRONX, NY EAST ORANGE, NJ: NEW YORK, NY CAMPUS BROOKLYN, NY CAMPUS NORTHPORT VAMC).",https://www.usaspending.gov/award/CONT_AWD_36C24221N0752_3600_36C10G21A0002_3600
other,sole_source,1,4168608.55,Food and Drug Administration,NIRA INC,DF01,2023-09-29,2025-08-08 00:00:00,FULL AND OPEN COMPETITION AFTER EXCLUSION OF SOURCES,,"PROCESS IT AUTOMATION FACTORY - THE SCOPE OF THE CONTRACT INCLUDES COMPREHENSIVE PROCESS DISCOVERY, PROCESS AUTOMATION, DISCOVERY, MAPPING, AUTOMATION, AND INTEGRATION WITH THE ON-GOING SERVICE CATALOG",https://www.usaspending.gov/award/CONT_AWD_75F40123F80417_7524_47QTCB22D0099_4732
other,sole_source,1,4167753.7,Centers for Disease Control and Prevention,BOOZ ALLEN HAMILTON INC,D399,2015-09-29,2017-10-31 00:00:00,FULL AND OPEN COMPETITION,,IGF::OT::IGF FOA PROJECT 2 MISO SERVICES,https://www.usaspending.gov/award/CONT_AWD_HHSD2002010371980010_7523_HHSD200201037198I_7523
document_processing,sole_source,1,4143834.9,Centers for Medicare and Medicaid Services,FOR PEOPLE LLC,DA01,2025-09-16,2027-03-15 00:00:00,FULL AND OPEN COMPETITION,,"CMCS'S OVERALL OBJECTIVE IS TO DESIGN, DEVELOP, AND IMPLEMENT AN AUTOMATED SOLUTION TO REPLACE THE  CURRENT MANUAL ENROLLEE VERIFICATION PROCESS. THE FINAL DELIVERABLE SHALL BE A SECURE, RELIABLE, AND WELL-  DOCUMENTED SYSTEM THAT CAN BE OPERATED AND",https://www.usaspending.gov/award/CONT_AWD_75FCMC25FJ132_7530_47QTCA23D007S_4732
document_processing,sole_source,1,4136240.0,Office of the Assistant Secretary for Financial Resources,"TRUSSWORKS, INC.",DA01,2024-09-26,2026-09-29 00:00:00,NOT AVAILABLE FOR COMPETITION,,FEDERAL ZERO TRUST ARCHITECTURE (ZTA) AND PILOT AND ASSESS FEASIBILITY OF ARTIFICIAL INTELLIGENCE (AI) AND INTELLIGENT DOCUMENT PROCESSING (IDP) FOR THE INJURY COMPENSATION SYSTEM (ICS) 2.0,https://www.usaspending.gov/award/CONT_AWD_75P00124C00044_7570_-NONE-_-NONE-
claims_payment_integrity,sole_source,1,4125859.0,Centers for Medicare and Medicaid Services,RELI GROUP INC,DA01,2021-08-18,2025-08-20 00:00:00,NOT AVAILABLE FOR COMPETITION,,"THE CONTRACTOR WILL MAINTAIN AND ENHANCE THE AUDIT MANAGEMENT SYSTEM (AMS) TO ALLOW THE GOVERNMENT TO SUCCESSFULLY PERFORM THE DAILY TRACKING, RESOLUTION AND REPORTING OF AUDIT PROGRAM ACTIVITIES AND THE CHANGE REQUEST MODULE. THUS, THE CONTRACTOR MU",https://www.usaspending.gov/award/CONT_AWD_75FCMC21C0025_7530_-NONE-_-NONE-
other,sole_source,1,4108064.18,Centers for Medicare and Medicaid Services,"TRUSSWORKS, INC.",D399,2020-05-20,2022-03-16 00:00:00,NOT COMPETED,,"THE PURPOSE OF THIS REQUEST FOR CONTRACT IS TO EXERCISE A NEW CONTRACT AWARD BASE YEAR TO DESIGN, DEVELOP, AND RELEASE A MINIMUM VIABLE PRODUCT (MVP) CALLED THE MEDICAID AND CHIP MANAGED CARE REPORTIN",https://www.usaspending.gov/award/CONT_AWD_75FCMC20C0020_7530_-NONE-_-NONE-
portal_web,sole_source,1,4099000.0,Office of the Assistant Secretary for Financial Resources,"TRUSSWORKS, INC.",DF01,2024-09-25,2026-09-24 00:00:00,NOT AVAILABLE FOR COMPETITION,,DISCOVERY ON OPTN SYSTEMS AND SUPPORTING DIGITAL SERVICES ORGANIZATION,https://www.usaspending.gov/award/CONT_AWD_75P00124C00040_7570_-NONE-_-NONE-
other,sole_source,1,4088328.36,Department of Veterans Affairs,RISE8 INC,DA01,2026-02-19,2027-02-17 00:00:00,NOT COMPETED,,AMBIENT SCRIBE ROLLOUT AND POST-MINIMUM VIABLE PRODUCT DEVELOPMENT SUPPORT,https://www.usaspending.gov/award/CONT_AWD_36C10B26C0025_3600_-NONE-_-NONE-
portal_web,sole_source,1,4082858.06,Office of Assistant Secretary for Preparedness and Response,"AFFIGENT, LLC",DH01,2023-05-01,2024-11-01 00:00:00,FULL AND OPEN COMPETITION AFTER EXCLUSION OF SOURCES,,HEALTH PARTNER ORDER PORTAL (HPOP),https://www.usaspending.gov/award/CONT_AWD_75A50223F80007_7505_NNG15SC59B_8000
other,sole_source,1,4077283.8,Defense Health Agency,"ASM RESEARCH, LLC",DA01,2021-04-01,2022-03-29 00:00:00,NOT COMPETED,,ANNUAL VETERINARY SERVICES SYSTEMS MANAGEMENT (VSSM) FOR THE DEFENSE HEALTH AGENCY (DHA) HEALTH SERVICES SUPPORT (HSS).,https://www.usaspending.gov/award/CONT_AWD_HT001121P0005_9700_-NONE-_-NONE-
other,sole_source,1,4076236.58,Food and Drug Administration,"INTERNATIONAL CONSULTING ASSOCIATES, INC.",DA01,2022-09-14,2024-09-28 00:00:00,NOT AVAILABLE FOR COMPETITION,,FDA CDRH OCEA POSTMARKET SAFETY STUDIES OF EXTANT DATA,https://www.usaspending.gov/award/CONT_AWD_75F40122C00159_7524_-NONE-_-NONE-
other,sole_source,1,4067119.92,Centers for Medicare and Medicaid Services,METTLE SOLUTIONS LLC,DA01,2021-11-30,2023-11-30 00:00:00,NOT AVAILABLE FOR COMPETITION,,PROVIDER COMPLIANCE GROUP FAST HEALTHCARE INTEROPERABILITY RESOURCES (PCG FHIR),https://www.usaspending.gov/award/CONT_AWD_75FCMC22C0005_7530_-NONE-_-NONE-
other,sole_source,1,4062068.76,Department of Veterans Affairs,"ADAPTIVEVETS SOLUTIONS, INC",DA01,2024-09-17,2026-03-18 00:00:00,NOT AVAILABLE FOR COMPETITION,,GENERAL COUNSEL AGILE MODERNIZATION,https://www.usaspending.gov/award/CONT_AWD_36C10B24C0061_3600_-NONE-_-NONE-
other,sole_source,1,4033917.56,Health Resources and Services Administration,MICROHEALTH LLC,DA01,2024-09-17,2026-09-18 00:00:00,FULL AND OPEN COMPETITION AFTER EXCLUSION OF SOURCES,,"OSHI193 C 5440 - OFFICE OF PHARMACY AFFAIRS INFORMATION SYSTEM - DEVELOPMENT, MODERNIZATION, AND ENHANCEMENTS",https://www.usaspending.gov/award/CONT_AWD_75R60224F80121_7526_47QTCB22D0207_4732
other,sole_source,1,4006052.58,Centers for Disease Control and Prevention,BOOZ ALLEN HAMILTON INC,D399,2015-09-30,2020-03-29 00:00:00,FULL AND OPEN COMPETITION,,CDC - ELECTRONIC DATA INTERCHANGE (FOA1) IGF::OT::IGF,https://www.usaspending.gov/award/CONT_AWD_HHSD2002010371980011_7523_HHSD200201037198I_7523
infrastructure_ops,sole_source,,4001858.4,Office of Assistant Secretary for Preparedness and Response,EAGLE HARBOR SOLUTIONS LLC,DB02,2024-01-11,2025-09-29 00:00:00,NOT AVAILABLE FOR COMPETITION,,"THE ASPR TECHNOLOGY INFRASTRUCTURE AND CYBERSECURITY OPERATIONS (TICO) CONTRACT IS A SINGLE AWARD, INDEFINITE DELIVERY, INDEFINITE QUANTITY (IDIQ) CONTRACT TO PROVIDE TECHNOLOGY SUPPORT.",https://www.usaspending.gov/award/CONT_AWD_75A50224F62014_7505_75A50120D00025_7505
grants_contracts_admin,sole_source,1,3999973.0,Office of the Assistant Secretary for Administration,"UNITED SOLUTIONS, LLC",D308,2018-09-19,2020-12-27 00:00:00,FULL AND OPEN COMPETITION AFTER EXCLUSION OF SOURCES,,REINVENT GRANTS MANAGEMENT CONTRACT,https://www.usaspending.gov/award/CONT_AWD_75P00118F00301_7570_GS00Q17GWD2190_4732
other,sole_source,1,3995873.32,Office of the Assistant Secretary for Financial Resources,"WEBFIRST, LLC",DA01,2026-09-17,2027-03-28 00:00:00,FULL AND OPEN COMPETITION,,6-MONTH BRIDGE CONTRACT - ASPA DIGITAL COMMUNICATIONS SUPPORT SERVICES,https://www.usaspending.gov/award/CONT_AWD_7571MN26F80090_7571_GS35F0277X_4732
other,sole_source,1,3993226.13,Office of the Assistant Secretary for Financial Resources,"DLH, LLC",DA01,2022-09-02,2027-09-22 00:00:00,FULL AND OPEN COMPETITION AFTER EXCLUSION OF SOURCES,,ENTERPRISE RESOURCE PLANNING AND IMPLEMENTATION,https://www.usaspending.gov/award/CONT_AWD_75N98022F00002_7529_HHSN316201200145W_7529
other,sole_source,1,3991200.0,Health Resources and Services Administration,"TRIPOINT SOLUTIONS, LLC",DF10,2024-09-25,2025-09-25 00:00:00,FULL AND OPEN COMPETITION,,OIT-SERVICES35 C 5619 SHAREPOINT OPERATIONS AND MAINTENANCE SUPPORT SERVICES,https://www.usaspending.gov/award/CONT_AWD_75R60224F80136_7526_47QTCA18D008J_4732
other,sole_source,1,3990337.53,Food and Drug Administration,TUVLI LLC,DF01,2022-09-29,2025-09-28 00:00:00,FULL AND OPEN COMPETITION AFTER EXCLUSION OF SOURCES,,CENTER OF VETERINARY (CVM) OPERATIONS & MAINTENANCE SURGE SUPPORT,https://www.usaspending.gov/award/CONT_AWD_75F40122F80426_7524_47QTCB21D0359_4732
other,sole_source,1,3988715.78,Food and Drug Administration,INFOTREND INCORPORATED,DG01,2021-03-19,2024-03-21 00:00:00,NOT AVAILABLE FOR COMPETITION,,ELECTRONIC SUBMISSIONS PROGRAM (ESP),https://www.usaspending.gov/award/CONT_AWD_75F40121C00030_7524_-NONE-_-NONE-
infrastructure_ops,sole_source,1,3980304.0,Centers for Medicare and Medicaid Services,NIMBUS CONSULTING LLC,D399,2020-05-21,2024-05-25 00:00:00,NOT AVAILABLE FOR COMPETITION,,TECHNOLOGY INFRASTRUCTURE PLANNING AND SECURITY SUPPORT (TIPSS),https://www.usaspending.gov/award/CONT_AWD_75FCMC20C0022_7530_-NONE-_-NONE-
other,sole_source,1,3975854.84,Food and Drug Administration,VETS SYNERGETIC GROUP LLC,DA01,2024-04-29,2029-04-29 00:00:00,NOT AVAILABLE FOR COMPETITION,,BUSINESS PROCESS INTEGRATION AND SOLUTION ARCHITECTURE,https://www.usaspending.gov/award/CONT_AWD_75F40124C00044_7524_-NONE-_-NONE-
infrastructure_ops,sole_source,1,3959184.0,Centers for Medicare and Medicaid Services,INDEX ANALYTICS LLC,DA01,2024-06-27,2025-07-14 00:00:00,NOT AVAILABLE FOR COMPETITION,,"THE DIVISION OF STATE SYSTEMS (DSS) MEDICAID ENTERPRISE SYSTEMS (MES) SEEKS PROGRAM-WIDE SUPPORT TO ASSIST WITH CONTINUED DESIGN, DEVELOPMENT, AND IMPLEMENTATION OF THE CLOUD-BASED SALESFORCE PLATFORM, MEDICAID ENTERPRISE SYSTEMS HUB (MESH).",https://www.usaspending.gov/award/CONT_AWD_75FCMC24C0018_7530_-NONE-_-NONE-
other,sole_source,1,3959182.32,Defense Health Agency,"GLOBAL ENTERPRISE SERVICES, LLC",DE01,2024-03-25,2026-03-31 00:00:00,NOT COMPETED UNDER SAP,,IT SERVICES,https://www.usaspending.gov/award/CONT_AWD_HT940724P0005_9700_-NONE-_-NONE-
other,sole_source,1,3957040.21,Centers for Medicare and Medicaid Services,METTLE SOLUTIONS LLC,DA01,2021-08-24,2023-09-14 00:00:00,NOT AVAILABLE FOR COMPETITION,,SPECIAL HIH MANAGEMENT AND SUPPORT (SHMS),https://www.usaspending.gov/award/CONT_AWD_75FCMC21C0026_7530_-NONE-_-NONE-
other,sole_source,1,3947869.4,Centers for Medicare and Medicaid Services,"RADIANT INFOTECH, LLC",DA01,2021-12-15,2025-12-14 00:00:00,NOT AVAILABLE FOR COMPETITION,,MEDICAID ELIGIBILITY QUALITY CONTROL (MEQC) & PAYMENT ERROR RATE MEASUREMENT (PERM) SALESFORCE AUTOMATION,https://www.usaspending.gov/award/CONT_AWD_75FCMC22C0007_7530_-NONE-_-NONE-
other,sole_source,1,3935881.2,Centers for Medicare and Medicaid Services,ARCHESYS INC,DF01,2023-09-07,2026-09-14 00:00:00,NOT AVAILABLE FOR COMPETITION,,THE GOAL OF THIS EFFORT IS TO ASSIST THE ISG LEADERSHIP IN MAKING INFORMED DECISIONS REGARDING THE TECHNOLOGY AND ARCHITECTURE SUPPORTING THE ISG QUALITYNET IT ENVIRONMENT.,https://www.usaspending.gov/award/CONT_AWD_75FCMC23C0053_7530_-NONE-_-NONE-
analytics_reporting,sole_source,1,3934255.83,Centers for Medicare and Medicaid Services,TISTA SCIENCE AND TECHNOLOGY CORPORATION,D399,2018-09-10,2023-09-24 00:00:00,FULL AND OPEN COMPETITION,,"IGF::OT::IGF THE MAISTRO APPLICATION SUPPORTS THE MANAGEMENT OF MORE THAN 40,000 AGENCY-WIDE MEDICARE FFS INQUIRIES ANNUALLY FROM THE PUBLIC. IT ALLOWS FOR FLEXIBLE DATA TRENDING AND REPORTING ACROSS THE CONSORTIUMS 10 REGIONAL DIVISIONS PLUS SEVERAL OTHER DIVISIONS IN THE CONSORTIUM FOR MEDICARE HEALTH PLANS OPERATIONS (CMHPO)CMS MEDICARE ENROLLMENT AND APPEALS GROUP (MEAG)AND THE OFFICE OF HEARINGS AND INQUIRIES OHI.  MAISTRO ALSO FACILITATES ESCALATED INQUIRIES FROM THE 800-MEDICARE CALL CENTER REQUIRING REGIONAL OFFICE OR CONTRACTOR RESOLUTION. THIS CONTRACT WILL PROVIDE THE NECESSARY MAINTENANCE SUPPORT FOR ONGOING OPERATIONS AND BUSINESS NEEDS OF THE CONSORTIUM AND OTHER CMS COMPONENTS.",https://www.usaspending.gov/award/CONT_AWD_75FCMC18F0001_7530_HHSM500201600060I_7530
other,sole_source,1,3930538.78,Office of the Assistant Secretary for Administration,"EAGLE HILL CONSULTING, LLC",D308,2018-09-14,2022-09-16 00:00:00,FULL AND OPEN COMPETITION,,PORTFOLIO MANAGEMENT,https://www.usaspending.gov/award/CONT_AWD_75P00118F00279_7570_GS02F010GA_4732
other,sole_source,1,3929353.2,Centers for Medicare and Medicaid Services,"RADIANT INFOTECH, LLC",D308,2020-05-08,2025-05-14 00:00:00,NOT COMPETED,,"IN SUPPORT OF THE COLLECTION OF DATA FOR RISK ADJUSTMENT&MODIFICATION OF RISK ADJUSTED PAYMENTS FOR MA PLANS TO FACILITATE A MORE EFFICIENT PROCESS FOR RECEIPT, RESPONSE AND STORAGE OF HISTORICAL RESPONSES THE DIVISION OF ENCOUNTER DATA AND RIS",https://www.usaspending.gov/award/CONT_AWD_75FCMC20C0019_7530_-NONE-_-NONE-
other,sole_source,1,3923351.0,Office of the Assistant Secretary for Financial Resources,FIRST DATABANK INC,DD01,2022-03-17,2027-03-23 00:00:00,NOT COMPETED UNDER SAP,,FIRST DATABANK DRUG INFORMATION AND PRICING DATABASE AND DECISION SUPPORT TOOLS AND RENEWAL SERVICES,https://www.usaspending.gov/award/CONT_AWD_75H70422C00001_7527_-NONE-_-NONE-
other,sole_source,1,3905866.18,Office of the Assistant Secretary for Financial Resources,VIVSOFT TECHNOLOGIES LLC,DH10,2025-01-16,2027-04-18 00:00:00,FULL AND OPEN COMPETITION AFTER EXCLUSION OF SOURCES,,OHR HRX SYSTEM DEVELOPMENT AND OPERATIONS AND MAINTENANCE SUPPORT SERVICES,https://www.usaspending.gov/award/CONT_AWD_75P00125F80019_7570_47QTCB22D0050_4732
other,sole_source,1,3901648.64,Defense Health Agency,SYNEREN TECHNOLOGIES CORPORATION,DA01,2023-09-07,2027-12-05 00:00:00,FULL AND OPEN COMPETITION,,"INTERAGENCY COMPREHENSIVE PLAN FOR CARE COORDINATION SUPPORT OPERATIONS, SUSTAINMENT AND ENGINEERING SUPPORT FOR THE SOLUTION DELIVERY DIVISION.",https://www.usaspending.gov/award/CONT_AWD_HT001123F0067_9700_47QTCA19D007L_4732
other,sole_source,1,3901352.8,Health Resources and Services Administration,TECHNOGEN INC.,DA01,2023-11-06,2024-09-30 00:00:00,FULL AND OPEN COMPETITION,,CUSTOM APPLICATIONS SUPPORT SERVICES,https://www.usaspending.gov/award/CONT_AWD_75R60224F80007_7526_GS35F181BA_4732
infrastructure_ops,sole_source,1,3887378.68,Centers for Medicare and Medicaid Services,"FEARLESS SOLUTIONS, LLC",DA01,2022-01-18,2024-01-18 00:00:00,NOT AVAILABLE FOR COMPETITION,,THIS ACTION IS TO DEVELOP A MINIMUM VIABLE PRODUCT FOR THE CYBERGEEK PROJECT. THE FUNDING IS FROM PROJECT 000623.,https://www.usaspending.gov/award/CONT_AWD_75FCMC22C0010_7530_-NONE-_-NONE-
other,sole_source,1,3863755.85,Defense Health Agency,HO-CHUNK SHARED SERVICES COMPANY,DA01,2022-09-30,2027-09-30 00:00:00,NOT AVAILABLE FOR COMPETITION,,AVAYA VOICE SYSTEMS OPERATIONS AND MAINTENANCE SERVICES,https://www.usaspending.gov/award/CONT_AWD_HT001122C0037_9700_-NONE-_-NONE-
document_processing,sole_source,1,3856400.4,Centers for Medicare and Medicaid Services,"FEARLESS SOLUTIONS, LLC",D399,2020-02-27,2022-08-27 00:00:00,NOT AVAILABLE FOR COMPETITION,,"PROJECT TITLE - MACPRO  OBTAIN SERVICES OF A SOFTWARE DEVELOPMENT VENDOR FOR THE DEVELOPMENT, IMPROVEMENT, AND LONG-TERM MAINTENANCE OF THE ELECTRONIC ADVANCE PLANNING DOCUMENT (E-APD) APPLICATION.",https://www.usaspending.gov/award/CONT_AWD_75FCMC20C0013_7530_-NONE-_-NONE-
document_processing,sole_source,1,3848703.0,Food and Drug Administration,AGISOL LLC,DA01,2022-01-21,2024-01-17 00:00:00,NOT AVAILABLE FOR COMPETITION,,"DOCUMENT ARCHIVING, REPORTING, AND REGULATORY TRACKING SYSTEM (DARRTS)",https://www.usaspending.gov/award/CONT_AWD_75F40122C00015_7524_-NONE-_-NONE-
other,sole_source,1,3836078.4,Indian Health Service,NAVANCIO LLC,DF01,2025-08-07,2027-08-10 00:00:00,NOT AVAILABLE FOR COMPETITION,,8(A) SOLE SOURCE ACQUISITION TO NAVANCIO LLC FOR ERP PHASE 2 DEVELOPMENT AND DEPLOYMENT,https://www.usaspending.gov/award/CONT_AWD_75H71125C00009_7527_-NONE-_-NONE-
other,sole_source,1,3831177.02,Centers for Medicare and Medicaid Services,COFORMA LLC,DA01,2022-02-04,2023-02-06 00:00:00,NOT AVAILABLE FOR COMPETITION,,"THE PURPOSE OF THIS REQUEST IS TO FUND THE BASE AWARD FOR THE MACPRO-MDCT CONTRACT. ONE OF THE PRIMARY BUSINESS GOALS OF MDCT IS TO COLLECT DATA SETS NECESSARY TO SUPPORT THE MEDICAID AND CHIP PROGRAMS, INCLUDING BUT NOT LIMITED TO: ENROLLMENT, ANNUA",https://www.usaspending.gov/award/CONT_AWD_75FCMC22C0012_7530_-NONE-_-NONE-
other,sole_source,1,3828211.5,National Institutes of Health,GUIDEHOUSE INC.,DA01,2024-09-27,2025-09-28 00:00:00,FULL AND OPEN COMPETITION,,IT SERVICES,https://www.usaspending.gov/award/CONT_AWD_75N97024F00001_7529_HHSN316201200040W_7529
other,sole_source,1,3828000.0,Department of Veterans Affairs,"CASEPOINT, LLC",DA10,2026-08-11,2027-08-12 00:00:00,FULL AND OPEN COMPETITION,,EDISCOVERY SOFTWARE AS A SERVICE AND MAINTENANCE 12-MONTH CONTRACT        EO 14398,https://www.usaspending.gov/award/CONT_AWD_36C10B26F0288_3600_47QTCA18D00BZ_4732
other,sole_source,1,3826750.0,Centers for Medicare and Medicaid Services,TRIPTK LLC,DA01,2025-09-29,2026-10-31 00:00:00,NOT COMPETED,,"THIS REQUIREMENT ENCOMPASSES MIXED-METHODS RESEARCH TO UNDERSTAND COMPLEX USER JOURNEYS, DEVELOP ACTIONABLE USER PERSONAS, AND CREATE DETAILED EXPERIENCE MAPS THAT WILL INFORM THE STRATEGIC REDESIGN OF MEDICARE.GOV.   THIS REQUIREMENT ENCOMPASSES MIX",https://www.usaspending.gov/award/CONT_AWD_75FCMC25CJ023_7530_-NONE-_-NONE-
analytics_reporting,sole_source,1,3792173.64,Centers for Medicare and Medicaid Services,INDEX ANALYTICS LLC,DA01,2024-08-29,2028-09-20 00:00:00,NOT AVAILABLE FOR COMPETITION,,"CCSQ REQUIRES CONTRACTOR SERVICES TO PROVIDE CAG DATA PLANNING & OPERATIONS (DPO) ANALYTICS COACHING SERVICES IMPROVE THE ACCESSIBILITY, TIMELINESS AND TRANSPARENCY OF DATA ASSETS FOR INTERNAL AND EXTERNAL USE, AND INCREASING MATURITY OF CAG DATA",https://www.usaspending.gov/award/CONT_AWD_75FCMC24C0022_7530_-NONE-_-NONE-
other,sole_source,1,3777869.13,Centers for Medicare and Medicaid Services,TISTA SCIENCE AND TECHNOLOGY CORPORATION,DA01,2022-02-28,2023-12-15 00:00:00,FULL AND OPEN COMPETITION,,NATIONAL LEVEL REPOSITORY (NLR) DESIGN & DEVELOPMENT (D&D),https://www.usaspending.gov/award/CONT_AWD_75FCMC22F0029_7530_GS35F0471U_4730
other,sole_source,,3773097.6,Office of Assistant Secretary for Preparedness and Response,"COPPER RIVER CYBER SOLUTIONS, LLC",DA01,2024-01-12,2025-07-01 00:00:00,NOT AVAILABLE FOR COMPETITION,,INFORMATION TECHNOLOGY SUPPORT SERVICES.,https://www.usaspending.gov/award/CONT_AWD_75A50224F62018_7505_75A50121D00005_7505
portal_web,sole_source,1,3754830.96,Centers for Medicare and Medicaid Services,"THE SIGNATURE CONSULTING GROUP, LLC",D399,2020-06-19,2021-06-20 00:00:00,FULL AND OPEN COMPETITION,,"THE PURPOSE IS TO OBTAIN IT SOLUTIONS THAT COVER THE INITIATION, PLANNING, INTEGRATION, DESIGN, DEVELOPMENT, TESTING, AND OPERATIONAL SERVICES TO SUPPORT THE CENTERS FOR MEDICARE&MEDICAID SERVICES CMS.",https://www.usaspending.gov/award/CONT_AWD_75FCMC20F0001_7530_HHSM500201600063I_7530
portal_web,sole_source,1,3737151.23,Centers for Medicare and Medicaid Services,"FEARLESS SOLUTIONS, LLC",DA01,2022-05-06,2024-01-27 00:00:00,NOT AVAILABLE FOR COMPETITION,,ADDING APPELLANT PORTAL FUNCTIONALITY TO THE ELIGIBILITY APPEALS OPERATIONS SUPPORT (EAOS) IT INVESTMENT,https://www.usaspending.gov/award/CONT_AWD_75FCMC22C0024_7530_-NONE-_-NONE-
other,sole_source,1,3730434.84,Food and Drug Administration,INCEPTIONEDGE INC.,DA01,2023-03-16,2025-09-19 00:00:00,NOT AVAILABLE FOR COMPETITION,,SITE SELECTION TOOL (SST) PLATFORM MODERNIZATION AND O&M SUPPORT,https://www.usaspending.gov/award/CONT_AWD_75F40123C00041_7524_-NONE-_-NONE-
other,sole_source,1,3712551.95,Health Resources and Services Administration,JEFF MURRAYS PROGRAMMING SHOP INC,DA01,2023-03-22,2026-03-22 00:00:00,NOT COMPETED UNDER SAP,,"MAINTAINING, SUPPORTING AND UPDATING CAREWARE SERVICES",https://www.usaspending.gov/award/CONT_AWD_75R60223P00015_7526_-NONE-_-NONE-
other,sole_source,1,3706508.99,National Institutes of Health,UNISON SOFTWARE INC,DA10,2025-08-25,2030-08-31 00:00:00,FULL AND OPEN COMPETITION,,UNISON ANNUAL LICENSE AND MAINTENANCE SUPPORT SERVICES,https://www.usaspending.gov/award/CONT_AWD_75N98025F00277_7529_47QTCA19D00EP_4732
other,sole_source,1,3702836.26,Office of the Assistant Secretary for Administration,NETIMPACT STRATEGIES INC,D316,2019-02-14,2024-03-14 00:00:00,FULL AND OPEN COMPETITION AFTER EXCLUSION OF SOURCES,,SERVICENOW ADMINISTRATION CONFIGURATION,https://www.usaspending.gov/award/CONT_AWD_75P00119F00009_7570_GS00Q17GWD2170_4732
other,sole_source,1,3695201.12,Health Resources and Services Administration,ARCH SYSTEMS LLC,D306,2020-02-03,2025-02-02 00:00:00,NOT COMPETED UNDER SAP,,BMISS IV&V,https://www.usaspending.gov/award/CONT_AWD_75R60220C00002_7526_-NONE-_-NONE-
infrastructure_ops,sole_source,1,3694083.09,Food and Drug Administration,STRATEGAMY LLC,DF01,2023-09-18,2025-09-28 00:00:00,NOT AVAILABLE FOR COMPETITION,,FOOD APPLICATIONS REGULATORY MANAGEMENT (FARM) DEVELOPMENT MODERNIZATION AND ENHANCEMENT (DME),https://www.usaspending.gov/award/CONT_AWD_75F40123C00189_7524_-NONE-_-NONE-
clinical_it_ehr,sole_source,1,3681500.0,Department of Veterans Affairs,INTELERAD MEDICAL SYSTEMS INC,DA10,2026-04-20,2028-10-20 00:00:00,NOT COMPETED,,NATIONAL TELERADIOLOGY PROGRAM (NTP) PICTURE ARCHIVE AND COMMUNICATION SYSTEM (PACS) UPGRADE,https://www.usaspending.gov/award/CONT_AWD_36C10B26C0038_3600_-NONE-_-NONE-
other,sole_source,1,3665609.28,Department of Veterans Affairs,"VEROS REAL ESTATE SOLUTIONS, LLC",DA01,2026-01-20,2027-01-19 00:00:00,NOT COMPETED UNDER SAP,,LGY APPRAISAL MANAGEMENT SERVICES,https://www.usaspending.gov/award/CONT_AWD_36C10D26P0009_3600_-NONE-_-NONE-
other,sole_source,1,3661630.71,Centers for Disease Control and Prevention,"SAGE PURSUITS, INC",D399,2019-08-08,2024-09-21 00:00:00,FULL AND OPEN COMPETITION,,IT PROFESSIONAL SERVICES,https://www.usaspending.gov/award/CONT_AWD_75D30119F05993_7523_47QTCA18D002X_4732
other,sole_source,1,3661357.92,Department of Veterans Affairs,"VEROS REAL ESTATE SOLUTIONS, LLC",DA01,2025-01-08,2026-01-18 00:00:00,NOT COMPETED UNDER SAP,,LGY APPRAISAL MANAGEMENT SERVICES,https://www.usaspending.gov/award/CONT_AWD_36C10D25P0023_3600_-NONE-_-NONE-
other,sole_source,1,3652962.27,Office of the Assistant Secretary for Administration,CELLCO PARTNERSHIP,D399,2020-04-01,2021-04-30 00:00:00,FULL AND OPEN COMPETITION,,HHS OCIO WIRELESS SERVICES,https://www.usaspending.gov/award/CONT_AWD_75P00120F80070_7570_GS35F0119P_4730
other,sole_source,1,3640004.4,Defense Health Agency,"CONCEPT PLUS, LLC",DA01,2026-05-11,2027-05-10 00:00:00,FULL AND OPEN COMPETITION,,INDIVIDUAL LONGITUDINAL EXPOSURE RECORD (ILER) SUPPORT SERVICES,https://www.usaspending.gov/award/CONT_AWD_HT001126FE019_9700_GS35F0264Y_4732
analytics_reporting,sole_source,1,3637783.0,Centers for Medicare and Medicaid Services,EXPLORE DIGITS INC,DA10,2025-06-27,2027-12-26 00:00:00,FULL AND OPEN COMPETITION,,THE CONTRACTOR SHALL PROVIDE SUPPLIES AND SERVICES TO SUPPORT CMS TO MIGRATE OFF OF SAS BY PROVIDING THE NECESSARY LICENSES TO USE AUTOMATED SAS CONVERSION TOOL(S) AND SUPPORT CMS USERS TO LEVERAGE ALTERNATIVE SOFTWARE ANALYTICAL PACKAGES TO PERFORM,https://www.usaspending.gov/award/CONT_AWD_75FCMC25FJ073_7530_47QTCA20D001E_4732
infrastructure_ops,sole_source,1,3616969.6,National Institutes of Health,"INFORMATION MANAGEMENT SERVICES, INC.",D308,2019-08-30,2022-08-31 00:00:00,NOT COMPETED UNDER SAP,,"CENTER FOR CANCER GENOMICS CLINICAL DATA CENTER(CDC) PERIOD OF PERFORMANCE 09/01/2019 - 08/31/2020 TOTAL CEILING AMOUNT IS $1,199,640",https://www.usaspending.gov/award/CONT_AWD_75N91019F00132_7529_HHSN261201500002B_7529
other,sole_source,1,3616762.48,Centers for Medicare and Medicaid Services,VITG CORP,DA10,2025-09-18,2026-06-17 00:00:00,NOT AVAILABLE FOR COMPETITION,,"INDEPENDENTLY AND NOT AS AN AGENT OF THE GOVERNMENT, THE CONTRACTOR SHALL FURNISH ALL THE NECESSARY SERVICES, QUALIFIED PERSONNEL, MATERIAL, EQUIPMENT, AND/OR FACILITIES, NOT OTHERWISE PROVIDED BY THE GOVERNMENT, AS NEEDED TO PERFORM THE PERFORMANCE",https://www.usaspending.gov/award/CONT_AWD_75FCMC25CJ016_7530_-NONE-_-NONE-
other,sole_source,1,3614801.52,Defense Health Agency,"PIVOT PATH SOLUTIONS, LLC",DF01,2024-04-11,2025-05-29 00:00:00,NOT AVAILABLE FOR COMPETITION,,INFORMATION MANAGEMENT INFORMATION TECHNOLOGY AND INFORMATION TECHNOLOGY DEVELOPMENT SUPPORT SERVICES,https://www.usaspending.gov/award/CONT_AWD_HT001124C0012_9700_-NONE-_-NONE-
other,sole_source,1,3610000.0,Office of the Assistant Secretary for Administration,TRANSMIT SECURITY INC,DB10,2023-08-21,2025-08-24 00:00:00,NOT COMPETED,,HHS ADAPTIVE AND CONTINUOUS AUTHENTICATION- TRANSMIT SECURITY (PILOT),https://www.usaspending.gov/award/CONT_AWD_75P00123P00080_7570_-NONE-_-NONE-
other,sole_source,1,3601624.83,National Institutes of Health,"INFORMATION MANAGEMENT SERVICES, INC.",D308,2019-05-09,2024-06-11 00:00:00,FULL AND OPEN COMPETITION,,"COMPUTING SERVICES FOR THE DIVISION OF CANCER PREVENTION (DCP), NCI",https://www.usaspending.gov/award/CONT_AWD_75N91019F00132_7529_HHSN261201500003B_7529
infrastructure_ops,sole_source,1,3591485.4,Administration for Children and Families,"CUSTOMER VALUE PARTNERS, LLC",DJ10,2022-06-30,2022-12-31 00:00:00,NOT COMPETED,,CYBER SECURITY AND PRIVACY (CSP) SERVICES,https://www.usaspending.gov/award/CONT_AWD_75ACF122C00018_7590_-NONE-_-NONE-
infrastructure_ops,sole_source,1,3585019.9,Centers for Medicare and Medicaid Services,THIRDPACKET TECHNOLOGIES LLC,D316,2017-11-08,2021-08-31 00:00:00,NOT COMPETED,,DIGITAL VTC SUPPORT&MODERATOR CONTRACTOR (DVTC),https://www.usaspending.gov/award/CONT_AWD_75FCMC18C0003_7530_-NONE-_-NONE-
other,sole_source,1,3574701.6,Indian Health Service,DDC IT SERVICES LLC,DA01,2025-03-28,2026-03-29 00:00:00,NOT COMPETED UNDER SAP,,FY25 - IHSHQ - RESOURCE AND PATIENT MANAGEMENT SYSTEM QUALITY ASSURANCE AND CUSTOMER SUPPORT SERVICES,https://www.usaspending.gov/award/CONT_AWD_75H71025P00549_7527_-NONE-_-NONE-
other,sole_source,1,3558000.0,Department of Veterans Affairs,MCI COMMUNICATIONS SERVICES LLC,DA01,2023-02-17,2025-02-09 00:00:00,FULL AND OPEN COMPETITION,,VERIZON PKI SERVICES,https://www.usaspending.gov/award/CONT_AWD_36C10A23F0045_3600_GS35F0382T_4730
infrastructure_ops,sole_source,1,3556755.49,Food and Drug Administration,"RJ IT SOLUTIONS, INC.",DF01,2025-02-03,2027-08-02 00:00:00,NOT AVAILABLE FOR COMPETITION,,"HRIT PROGRAM/PROJECT SUPPORT SERVICES AND DATA REMEDIATION INITIATIVE. PROVIDE HRIT PROGRAM AND PROJECT MANAGEMENT SUPPORT, HRIT SUBJECT MATTER EXPERTISE AIMED AT CONTINUING THE MODERNIZATION OF THE FDA HRIT INFRASTRUCTURE, WHILE ENSURING PROPER REME",https://www.usaspending.gov/award/CONT_AWD_75F40125C00022_7524_-NONE-_-NONE-
other,sole_source,1,3550505.47,Department of Veterans Affairs,INTERNATIONAL BUSINESS MACHINES CORPORATION,DH10,2025-10-01,2026-09-30 00:00:00,FULL AND OPEN COMPETITION,,IBM - MVS SOFTWARE LICENSES AND MAINTENANCE,https://www.usaspending.gov/award/CONT_AWD_36C10B26F0013_3600_GS35F110DA_4732
analytics_reporting,sole_source,1,3544060.0,Centers for Medicare and Medicaid Services,CARAHSOFT TECHNOLOGY CORP,DA01,2023-08-10,2025-08-09 00:00:00,NOT COMPETED,,"THE SYSTEM FOR QUALITY IMPROVEMENT DATA (SQUID) WILL SERVE AS A SOFTWARE SOLUTION TO COLLECT, ATTRIBUTE, ANALYZE, AND SYNTHESIZE DATA FROM A RANGE OF SOURCES AND GENERATE MEANINGFUL REPORTS, DASHBOARDS AND INSIGHTS. THE SYSTEM WILL ALLOW FOR INGESTIO",https://www.usaspending.gov/award/CONT_AWD_75FCMC23C0047_7530_-NONE-_-NONE-
other,sole_source,1,3531932.58,Department of Veterans Affairs,"STRATA DECISION TECHNOLOGY, L.L.C.",DA01,2025-12-04,2028-12-03 00:00:00,NOT COMPETED,,DECISION SUPPORT SOFTWARE MAINTENANCE AND SUPPORT,https://www.usaspending.gov/award/CONT_AWD_36C10B26C0011_3600_-NONE-_-NONE-
other,sole_source,1,3502067.0,Centers for Medicare and Medicaid Services,ANALYTICA LLC,D308,2017-09-15,2022-09-24 00:00:00,FULL AND OPEN COMPETITION,,IGF::OT::IGF BI TOOL DEVELOPMENT PROJECT,https://www.usaspending.gov/award/CONT_AWD_HHSM500T0001_7530_HHSM500201700008I_7530
analytics_reporting,sole_source,1,3482312.47,Office of the Assistant Secretary for Financial Resources,"RAVENTEK SOLUTION PARTNERS, LLC",DB10,2026-07-21,2027-07-21 00:00:00,NOT COMPETED UNDER SAP,,"IHS REQUIRES A ONE-YEAR RENEWAL OF ITS EXISTING SPLUNK CLOUD ENVIRONMENT THAT SUPPORTS ENTERPRISE CYBERSECURITY MONITORING, LOG MANAGEMENT, THREAT DETECTION, COMPLIANCE REPORTING, AND RELATED SECURITY OPERATIONS. THE CURRENT ENVIRONMENT IS HOSTED IN",https://www.usaspending.gov/award/CONT_AWD_7571TE26P00070_7571_-NONE-_-NONE-
registry_surveillance,sole_source,1,3478599.73,Centers for Medicare and Medicaid Services,SOFTRAMS LLC,DA01,2021-03-24,2026-05-15 00:00:00,FULL AND OPEN COMPETITION,,"CENTERS FOR MEDICARE AND MEDICAID SERVICES ANALYSIS, REPORTING AND TRACKING SYSTEM (CMS ARTS)",https://www.usaspending.gov/award/CONT_AWD_75FCMC21F0028_7530_GS35F372DA_4732
other,sole_source,1,3470654.82,Centers for Medicare and Medicaid Services,NOVUS TECHNOLOGY PARTNERS INC,DA10,2022-03-22,2024-08-14 00:00:00,NOT AVAILABLE FOR COMPETITION,,THE MARKETPLACE INFORMATION TECHNOLOGY GROUP (MITG) IN THE CENTER FOR CONSUMER INFORMATION & INSURANCE OVERSIGHT (CCIIO) REQUIRES CONTRACTOR SUPPORT TO OPERATE AND MAINTAIN THE ZONE APPLICATION.,https://www.usaspending.gov/award/CONT_AWD_75FCMC22C0014_7530_-NONE-_-NONE-
other,sole_source,,3464001.7,National Institutes of Health,PALANTIR TECHNOLOGIES INC.,DH10,2023-05-31,2024-06-30 00:00:00,NOT COMPETED,,NIDAP NCATS INSTANCE 06/12/23 - 03/11/24,https://www.usaspending.gov/award/CONT_AWD_75N95023F00006_7529_75N95022D00025_7529
registry_surveillance,sole_source,1,3420629.66,Defense Health Agency,"BEAT-FRONTIER JV, LLC",DA01,2026-02-04,2027-02-04 00:00:00,NOT AVAILABLE FOR COMPETITION,,DEFENSE OCCUPATIONAL AND HEALTH READINESS SYSTEM - INDUSTRIAL HYGIENE CRITICAL CAPABILITIES FOR OCCUPATIONAL AND ENVIRONMENTAL HEALTH SURVEILLANCE AND READINESS,https://www.usaspending.gov/award/CONT_AWD_HT001126CE013_9700_-NONE-_-NONE-
other,sole_source,1,3419918.31,National Institutes of Health,TWOTECH INC,D302,2019-02-26,2023-02-28 00:00:00,NOT COMPETED UNDER SAP,,"IGF::OT::IGF DEVELOPMENT SUPPORT OF THE OFFICE OF EXTRAMURAL FINANCE AND INFORMATION, BASE PERIOD, PERIOD OF PERFORMANCE: 03/01/2019 - 11/30/2019.",https://www.usaspending.gov/award/CONT_AWD_75N91019C00002_7529_-NONE-_-NONE-
registry_surveillance,sole_source,1,3403716.0,Centers for Disease Control and Prevention,"SAGE PURSUITS, INC",DA01,2024-09-18,2029-09-21 00:00:00,FULL AND OPEN COMPETITION,,IIS REGISTRY - PACIFIC ISLANDS IMMUNIZATION INFORMATION SYSTEMS,https://www.usaspending.gov/award/CONT_AWD_75D30124F20139_7523_47QTCA18D002X_4732
call_center_contact,sole_source,1,3369351.06,Defense Health Agency,"LAWELAWE DEFENSE, INC.",DE01,2025-08-28,2027-02-27 00:00:00,NOT AVAILABLE FOR COMPETITION,,THIS IS A PERFORMANCE BASED NON-PERSONAL SERVICES REQUIREMENT TO PROVIDE TIER 2 HELP DESK AND DIT SUPPORT SERVICES TO 480 DHA MILITARY TREATMENT FACILITIES (MTFS) AROUND THE WORLD.,https://www.usaspending.gov/award/CONT_AWD_HT001125CE004_9700_-NONE-_-NONE-
other,sole_source,1,3368807.5,Centers for Medicare and Medicaid Services,"TRUSSWORKS, INC.",D306,2020-09-18,2021-10-31 00:00:00,NOT AVAILABLE FOR COMPETITION,,EASY ACCESS TO SYSTEM INFORMATION (EASI) SCYLLA DEVELOPMENT SERVICES,https://www.usaspending.gov/award/CONT_AWD_75FCMC20C0045_7530_-NONE-_-NONE-
other,sole_source,1,3366247.55,Administration for Children and Families,SKYLIGHT INC.,DA10,2024-09-17,2025-09-29 00:00:00,NOT COMPETED UNDER SAP,,"THIS IS A SMALL BUSINESS TECHNOLOGY TRANSFER (STTR) PURCHASE ORDER PURSUANT TO 15 U.S.C. 638(R)(4) PHASE III FOR IMPLEMENTING HUMAN-CENTERED, MEASURABLE IMPROVEMENTS TO IMPROVE THE SUPPORT AND RESOURCES PROVIDED TO ACF PARTNERSHIPS. IMPLEMENTING HUMA",https://www.usaspending.gov/award/CONT_AWD_75ACF124P00014_7590_-NONE-_-NONE-
other,sole_source,1,3365963.06,Food and Drug Administration,INTERNATIONAL BUSINESS MACHINES CORPORATION,DF10,2025-09-15,2026-09-14 00:00:00,NOT COMPETED,,OCS CLINICAL SERVICE SUPPORT,https://www.usaspending.gov/award/CONT_AWD_75F40125C00082_7524_-NONE-_-NONE-
other,sole_source,1,3345213.05,Defense Health Agency,"FEDITC, LLC",DA01,2023-07-06,2025-05-19 00:00:00,FULL AND OPEN COMPETITION,,TESTING AND EVALUATION SERVICES,https://www.usaspending.gov/award/CONT_AWD_HT001123F0060_9700_GS35F0269W_4730
other,sole_source,1,3342364.35,Department of Veterans Affairs,INTERNATIONAL BUSINESS MACHINES CORPORATION,DH10,2024-10-01,2025-09-30 00:00:00,FULL AND OPEN COMPETITION,,IMB-MVS SOFTWARE LICENSE AND MAINTENANCE,https://www.usaspending.gov/award/CONT_AWD_36C10B25F0012_3600_GS35F110DA_4732
analytics_reporting,sole_source,1,3339938.43,Food and Drug Administration,RADUS SOFTWARE LLC,D311,2008-09-08,2024-10-10 00:00:00,NOT AVAILABLE FOR COMPETITION,,ADIMS   DATA REPORTING   BUSINESS INTELLIGENCE (DRBI) THIS IS A REPLACEMENT FOR 1044890 WHICH WAS DELETED IN ERROR BY OAGS,https://www.usaspending.gov/award/CONT_AWD_HHSF223200850030C_7524_-NONE-_-NONE-
infrastructure_ops,sole_source,1,3281984.02,National Institutes of Health,PISTIS LLC,7025,2018-09-18,2023-09-29 00:00:00,NOT COMPETED UNDER SAP,,NHLBI/ITAC - ADDITIONAL NETWORK ATTACHED STORAGE,https://www.usaspending.gov/award/CONT_AWD_75N92018P00193_7529_-NONE-_-NONE-
infrastructure_ops,sole_source,1,3251158.0,Food and Drug Administration,STRATEGAMY LLC,DF01,2025-09-26,2026-09-28 00:00:00,NOT AVAILABLE FOR COMPETITION,,FOOD APPLICATIONS REGULATORY MANAGEMENT (FARM) SYSTEM AND INTERFACING SYSTEMS,https://www.usaspending.gov/award/CONT_AWD_75F40125C00100_7524_-NONE-_-NONE-
other,sole_source,1,3247385.43,Department of Veterans Affairs,CHARTER COMMUNICATIONS OPERATING LLC,DG11,2021-07-01,2025-05-31 00:00:00,NOT COMPETED UNDER SAP,,HDTV & INTERNET MONTHLY SUBSCRIPTION,https://www.usaspending.gov/award/CONT_AWD_36C24821P1086_3600_-NONE-_-NONE-
other,sole_source,1,3247027.52,Office of the Assistant Secretary for Financial Resources,"CONNECT CENTRIC, LLC",DA10,2022-05-03,2026-04-05 00:00:00,NOT COMPETED UNDER SAP,,AUTOMATED CALL DISTRIBUTION ENTERPRISE-WIDE PROJECT SOFTWARE AND TECHNICAL SUPPORT,https://www.usaspending.gov/award/CONT_AWD_75F40122P00085_7524_-NONE-_-NONE-
other,sole_source,1,3234740.88,Defense Health Agency,"LOUI CONSULTING GROUP, INC.",DA01,2022-06-30,2023-06-30 00:00:00,FULL AND OPEN COMPETITION,,SYSTEM AND DATABASE ADMINISTRATION INPATIENT CLINICAL INFORMATION SYSTEM SUPPORT SERVICES,https://www.usaspending.gov/award/CONT_AWD_HT001122F0051_9700_GS35F437CA_4732
other,sole_source,1,3198132.0,Defense Health Agency,MISSION FIRST SOLUTIONS LLC,D310,2020-09-24,2025-09-29 00:00:00,FULL AND OPEN COMPETITION,,BERNOULLI VIRTUAL ICU SUITE LICENSE,https://www.usaspending.gov/award/CONT_AWD_N6264520F0317_9700_47QTCA19D00L6_4732
other,sole_source,1,3182365.44,Centers for Disease Control and Prevention,"DNI EMERGING TECHNOLOGIES, LLC",DF01,2023-08-21,2027-09-29 00:00:00,NOT AVAILABLE FOR COMPETITION,,I&A TECH,https://www.usaspending.gov/award/CONT_AWD_75D30123C16303_7523_-NONE-_-NONE-
portal_web,sole_source,1,3181301.0,Centers for Medicare and Medicaid Services,METTLE SOLUTIONS LLC,DA01,2022-12-07,2026-12-08 00:00:00,NOT AVAILABLE FOR COMPETITION,,THE PURPOSE OF THIS CONTRACT IS TO PROVIDE SERVICES TO CMS RELATED TO THE ELECTRONIC CLINICAL  TEMPLATES API (ECTA) REQUIREMENT. THE PRIMARY OBJECTIVE OF THE PRIMARY OBJECTIVE OF THE ECTA  CONTRACT IS TO EXPOSE THE DIGITIZED RULES LIBRARY THROUGH A,https://www.usaspending.gov/award/CONT_AWD_75FCMC23C0005_7530_-NONE-_-NONE-
other,sole_source,1,3174922.13,Department of Veterans Affairs,"SOLVENTUM HEALTH INFORMATION SYSTEMS, INC.",DK10,2023-05-23,2026-05-22 00:00:00,NOT COMPETED,,3M GPCS SOFTWARE,https://www.usaspending.gov/award/CONT_AWD_36C10B23C0023_3600_-NONE-_-NONE-
other,sole_source,1,3173182.14,Centers for Disease Control and Prevention,METAS SOLUTIONS LLC,D308,2019-07-18,2021-08-17 00:00:00,NOT AVAILABLE FOR COMPETITION,,RESEARCH TRIANGLE PARK OPIOID IT PROJECT,https://www.usaspending.gov/award/CONT_AWD_75D30119C05116_7523_-NONE-_-NONE-
infrastructure_ops,sole_source,1,3167284.32,Defense Health Agency,"TECHNOLOGY, AUTOMATION & MANAGEMENT, INC.",DC01,2022-09-08,2023-09-08 00:00:00,FULL AND OPEN COMPETITION,,LOCAL AREA NETWORK/WIRELESS LOCAL AREA NETWORK (LAN/WLAN) UPGRADE AND MODERNIZATION TECHNICAL SERVICES,https://www.usaspending.gov/award/CONT_AWD_HT001122F0095_9700_GS35F058DA_4732
portal_web,sole_source,1,3164580.94,Centers for Medicare and Medicaid Services,"SKYWARD IT SOLUTIONS, LLC",D321,2020-04-01,2025-03-31 00:00:00,NOT COMPETED,,CALM HELP DESK OAGM SEEKS A CONTRACTOR TO PROVIDE HELP DESK SUPPORT SERVICES AND DELIVER EXCEPTIONAL CUSTOMER SERVICE TO THE CENTERS FOR MEDICARE AND MEDICAID SERVICES (CMS) COMPREHENSIVE ACQUISITION LIFECYCLE MODERNIZATION (CALM) USERS.THE HELP DE,https://www.usaspending.gov/award/CONT_AWD_75FCMC20C0015_7530_-NONE-_-NONE-
other,sole_source,1,3149128.24,Centers for Medicare and Medicaid Services,CAPTECH AUROTECH JV LLC,D399,2019-06-12,2020-03-31 00:00:00,FULL AND OPEN COMPETITION,,IGF:: OT ::IGF ADAPTIVE CAPABILITIES TESTING (ACT),https://www.usaspending.gov/award/CONT_AWD_75FCMC19F0001_7530_HHSM500201700013I_7530
other,sole_source,1,3140015.0,National Institutes of Health,TWOTECH INC,DA01,2023-02-21,2027-09-15 00:00:00,NOT AVAILABLE FOR COMPETITION,,DEVELOPMENT SUPPORT FOR THE OFFICE OF EXTRAMURAL FINANCE AND INFORMATION ANALYSIS,https://www.usaspending.gov/award/CONT_AWD_75N91023C00001_7529_-NONE-_-NONE-
other,sole_source,1,3110787.05,Food and Drug Administration,"A1FEDIMPACT,LLC",DF01,2022-07-12,2026-07-12 00:00:00,NOT COMPETED,,ENTERPRISE PERFORMANCE LIFE CYCLE (EPLC) AND INTAKE SUPPORT,https://www.usaspending.gov/award/CONT_AWD_75F40122P00224_7524_-NONE-_-NONE-
other,sole_source,1,3102772.35,Defense Health Agency,PLANNED SYSTEMS INTERNATIONAL INC,DA01,2022-08-17,2023-09-30 00:00:00,FULL AND OPEN COMPETITION,,ANNUAL ENTERPRISE BLOOD MANAGEMENT DONOR (EBMS-D) SUSTAINMENT SUPPORT FOR SOLUTION DELIVERY DIVISION (SDD).,https://www.usaspending.gov/award/CONT_AWD_HT001122F0066_9700_GS35F598GA_4732
analytics_reporting,sole_source,1,3086159.5,Food and Drug Administration,"CHICKASAW SERVICE SOLUTIONS, LLC",DA01,2024-09-23,2027-09-24 00:00:00,NOT AVAILABLE FOR COMPETITION,,OCS DASHBOARD AND ANALYTICS SOLUTION SUPPORT.,https://www.usaspending.gov/award/CONT_AWD_75F40124P00495_7524_-NONE-_-NONE-
other,sole_source,1,3084935.39,Office of the Assistant Secretary for Administration,DIGITAL MANAGEMENT LLC,D307,2011-09-27,2017-04-25 00:00:00,NOT COMPETED,,OPERATIONAL AND MAINTENANCE SUPPORT,https://www.usaspending.gov/award/CONT_AWD_HHSP23320110021WC_7555_-NONE-_-NONE-
other,sole_source,,3084502.63,Defense Health Agency,"VISTA DEFENSE TECHNOLOGIES, LLC",D306,2020-08-20,2024-02-29 00:00:00,NOT AVAILABLE FOR COMPETITION,,PROFESSIONAL DATA AND TECHNICAL SUPPORT SERVICES NAVAL HEALTH CLINIC CORPUS,https://www.usaspending.gov/award/CONT_AWD_HT001520F0126_9700_HT001520D0001_9700
clinical_it_ehr,sole_source,1,3083638.94,Centers for Disease Control and Prevention,STARLIMS CORPORATION,DA01,2023-09-26,2028-09-29 00:00:00,FULL AND OPEN COMPETITION,,STARLIMS LICENSES,https://www.usaspending.gov/award/CONT_AWD_75D30123F18285_7523_47QTCA22D002P_4732
other,sole_source,1,3082151.68,Food and Drug Administration,"COMMONWEALTH INFORMATICS, INC.",DA10,2024-04-12,2026-04-11 00:00:00,FULL AND OPEN COMPETITION,,EMPIRICA SIGNAL SUPPORT OPERATIONAL & MAINTENANCE,https://www.usaspending.gov/award/CONT_AWD_75F40124F80102_7524_GS35F349BA_4732
other,sole_source,1,3059203.42,Department of Veterans Affairs,"ODDBALL, INC.",DA01,2024-06-28,2025-08-29 00:00:00,NOT AVAILABLE FOR COMPETITION,,VA.GOV VETERAN SUPPORT,https://www.usaspending.gov/award/CONT_AWD_36C10B24C0023_3600_-NONE-_-NONE-
infrastructure_ops,sole_source,1,3054872.64,Department of Veterans Affairs,IRONARCH TECHNOLOGY LLC,DA10,2024-09-09,2027-09-09 00:00:00,FULL AND OPEN COMPETITION,,CLOUD SUPPORT SERVICES - CLOUDKEY SUSTAINMENT SUPPORT,https://www.usaspending.gov/award/CONT_AWD_36C10B24F0349_3600_GS35F032DA_4732
infrastructure_ops,sole_source,1,3054120.0,National Institutes of Health,"CHICKASAW SERVICE SOLUTIONS, LLC",DA10,2025-09-30,2026-09-29 00:00:00,NOT COMPETED UNDER SAP,,CYBER RESILIENCY PROGRAM,https://www.usaspending.gov/award/CONT_AWD_75N98025P01738_7529_-NONE-_-NONE-
other,sole_source,1,3053741.16,National Institutes of Health,NOLIJ CONSULTING LLC,DD01,2021-06-30,2024-07-30 00:00:00,FULL AND OPEN COMPETITION AFTER EXCLUSION OF SOURCES,,TO PROVIDE FUNDING FOR BUYSMARTER FULL CONTRACT SCAN TOOL AL.,https://www.usaspending.gov/award/CONT_AWD_75N98121F00001_7529_HHSN316201200133W_7529
other,sole_source,1,3047697.0,Food and Drug Administration,DATAWIZ CORPORATION,D399,2018-08-22,2020-03-20 00:00:00,FULL AND OPEN COMPETITION AFTER EXCLUSION OF SOURCES,,IGF::OT::IGF CTO ANALYSIS ARCHITECTURE AND SOLUTIONS REQUIREMENT,https://www.usaspending.gov/award/CONT_AWD_75F40118F10196_7524_GS06F0931Z_4732
other,sole_source,1,3032963.0,Department of Veterans Affairs,"WAVEMARK, INC",DF01,2020-11-11,2025-11-10 00:00:00,NOT COMPETED,,RENEWAL OF WAVEMARK SOFTWARE AND HARDWARE SUPPORT AND MAINTENANCE SERVICES.,https://www.usaspending.gov/award/CONT_AWD_36C10B21C0001_3600_-NONE-_-NONE-
other,sole_source,1,3000000.0,Defense Health Agency,APSLEY CONSULTING GROUP LLC,DA01,2026-06-03,2026-09-14 00:00:00,NOT COMPETED,,SERVICE TREATMENT RECORD (STR) PROOF OF CONCEPT (DATA [MAKE]),https://www.usaspending.gov/award/CONT_AWD_HT003826PE001_9700_-NONE-_-NONE-
infrastructure_ops,sole_source,1,2999988.54,Defense Health Agency,"LAWELAWE DEFENSE, INC.",DA01,2022-12-15,2024-06-21 00:00:00,NOT AVAILABLE FOR COMPETITION,,ANNUAL CYBERSECURITY SUPPORT.,https://www.usaspending.gov/award/CONT_AWD_HT001123P0058_9700_-NONE-_-NONE-
other,sole_source,1,2999016.4,Centers for Medicare and Medicaid Services,RELI GROUP INC,D399,2019-06-11,2021-06-10 00:00:00,FULL AND OPEN COMPETITION,,"THE PURPOSE OF THIS ACQUISITION IS TO PROCURE A CONTRACTOR TO MANAGE, COORDINATE, DEVELOP, AND IMPLEMENT AN ESTIMATED 35 TO 54 CRS PER YEAR THAT IMPACT THE MEDICARE FEE-FOR-SERVICE (FFS) PROGRAM. THIS IS NOT A MAJOR IT INVESTMENT AND IS NOT TIED TO AN ACQUISITION STRATEGY.",https://www.usaspending.gov/award/CONT_AWD_75FCMC19F0002_7530_HHSM500201700045I_7530
other,sole_source,1,2986500.0,Department of Veterans Affairs,"CERIBELL, INC",DA10,2025-09-29,2028-09-29 00:00:00,NOT COMPETED UNDER SAP,,CERIBELL CLARITY EEG SUBSCRIPTION SERVICES,https://www.usaspending.gov/award/CONT_AWD_36C24125P0984_3600_-NONE-_-NONE-
other,sole_source,1,2981373.48,Department of Veterans Affairs,"PRO-SPHERE TEK, INC.",DA01,2026-02-10,2026-08-10 00:00:00,FULL AND OPEN COMPETITION,,"ENTERPRISE MESSAGING, COLLABORATION, AUTHENTICATION AND OFFICE 365 SERVICES SUPPORT 24X7",https://www.usaspending.gov/award/CONT_AWD_36C10B26N10260047_3600_VA11816D1026_3600
other,sole_source,1,2970450.62,Department of Veterans Affairs,PINGWIND INC,DA01,2025-09-12,2026-11-14 00:00:00,NOT AVAILABLE FOR COMPETITION,,BENEFITS INTAKE OPTIMIZATION - CONTRACT #2,https://www.usaspending.gov/award/CONT_AWD_36C10B25C0047_3600_-NONE-_-NONE-
document_processing,sole_source,1,2955927.0,Centers for Medicare and Medicaid Services,METTLE SOLUTIONS LLC,DA01,2022-09-14,2026-09-14 00:00:00,NOT AVAILABLE FOR COMPETITION,,ELECTRONIC SUBMISSION OF MEDICAL DOCUMENTATION (ESMD),https://www.usaspending.gov/award/CONT_AWD_75FCMC22C0045_7530_-NONE-_-NONE-
other,sole_source,1,2946602.04,National Institutes of Health,UNISSANT INC.,DA01,2026-07-14,2027-11-09 00:00:00,FULL AND OPEN COMPETITION,,TO AWARD A LOGICAL FOLLOW-ON AWARD ENTITLED: NCI INFORMATION TECHNOLOGY RESOURCE CENTER (ITRC) FOR 8 MONTHS,https://www.usaspending.gov/award/CONT_AWD_75N91026F00001_7529_75N91023A00006_7529
other,sole_source,1,2932747.24,Centers for Medicare and Medicaid Services,"IT CONCEPTS, INC.",DF01,2022-04-28,2023-09-30 00:00:00,NOT COMPETED,,COBOL PROGRAMMERS,https://www.usaspending.gov/award/CONT_AWD_75FCMC22C0021_7530_-NONE-_-NONE-
other,sole_source,1,2926310.46,Department of Veterans Affairs,WILCORE TECHNOLOGIES INC,DA01,2026-09-21,2028-09-21 00:00:00,FULL AND OPEN COMPETITION,,"ARTIFICIAL INTELLIGENCE VETERAN-CENTERED SUBMISSION ECOSYSTEM SUPPORT FOR THE DESIGN, DEVELOPMENT, AND DEPLOYMENT OF SECURE, ACCESSIBLE, AND INTEROPERABLE DIGITAL WORKFLOW SOLUTIONS THAT MODERNIZE VAS FORMS ECOSYSTEM.",https://www.usaspending.gov/award/CONT_AWD_36C10B26F0372_3600_47QTCA25D00AX_4732
other,sole_source,1,2921291.63,Defense Health Agency,ALLOGY LLC,DH10,2026-06-26,2031-06-26 00:00:00,FULL AND OPEN COMPETITION,,DEPLOYED MEDICINE TRAINING PLATFORM SERVICES.,https://www.usaspending.gov/award/CONT_AWD_HT001126FE035_9700_47QTCA20D003D_4732
other,sole_source,1,2895014.4,Office of the Assistant Secretary for Administration,SARA SOFTWARE SYSTEMS LLC,DA01,2025-09-24,2028-09-29 00:00:00,FULL AND OPEN COMPETITION,,"MICROSOFT DEVELOPMENT, OPERATION AND MAINTENANCE SUPPORT SERVICES",https://www.usaspending.gov/award/CONT_AWD_75P00125F80128_7570_47QTCA18D00D6_4732
analytics_reporting,sole_source,1,2894008.84,Office of the Assistant Secretary for Financial Resources,"CONCEPT PLUS, LLC",DA01,2026-03-13,2027-03-14 00:00:00,FULL AND OPEN COMPETITION AFTER EXCLUSION OF SOURCES,,OASH INTEGRATED DATA PLATFORM (IDP) AND UNIFIED WEB SUPPORT,https://www.usaspending.gov/award/CONT_AWD_7571TE26F80017_7571_HHSN316201200156W_7529
other,sole_source,1,2892211.3,Department of Veterans Affairs,"GOVERNMENT MARKETING AND PROCUREMENT, LLC",7020,2018-07-05,2025-02-19 00:00:00,FULL AND OPEN COMPETITION,,VOCERA PA SYSTEM EXPANSION FROM150 USERS TO 690 USERS,https://www.usaspending.gov/award/CONT_AWD_36C25618F5371_3600_GS35F0858N_4730
other,sole_source,,2891590.36,Defense Health Agency,"VISTA DEFENSE TECHNOLOGIES, LLC",D399,2020-09-28,2025-09-28 00:00:00,NOT AVAILABLE FOR COMPETITION,,PHILLIPS ECARE SUPPORT SERVICES,https://www.usaspending.gov/award/CONT_AWD_HT001520F0190_9700_HT001520D0001_9700
infrastructure_ops,sole_source,1,2876307.84,Health Resources and Services Administration,TECHNOGEN INC.,DF10,2024-09-27,2026-09-29 00:00:00,FULL AND OPEN COMPETITION,,OIT-SERVICES36 C 6870 HRSA SERVICENOW CLOUD PLATFORM DME SUPPORT SERVICES,https://www.usaspending.gov/award/CONT_AWD_75R60224F80142_7526_GS35F181BA_4732
other,sole_source,1,2874997.81,Centers for Medicare and Medicaid Services,"TRUSSWORKS, INC.",DA01,2025-04-15,2025-10-23 00:00:00,NOT AVAILABLE FOR COMPETITION,,"THE PURPOSE OF THUS REQUIREMENT IS TO CONTINUE SERVICES FOR THE MCCRC-REVIEW ""BRIDGE"" CONTRACT",https://www.usaspending.gov/award/CONT_AWD_75FCMC25CJ005_7530_-NONE-_-NONE-
infrastructure_ops,sole_source,1,2857925.43,Department of Veterans Affairs,"LUMEN TECHNOLOGIES GOVERNMENT SOLUTIONS, INC",DG11,2021-04-02,2022-07-31 00:00:00,FULL AND OPEN COMPETITION,,NLEC-NG CENTURYLINK TASK ORDER FOR LOCAL EXCHANGE CARRIER (LEC)TELECOMMUNICATIONS VOICE AND DATA SERVICES,https://www.usaspending.gov/award/CONT_AWD_36C10B21N0002CENT_3600_36C10B20D0030_3600
other,sole_source,1,2848863.0,Office of the Assistant Secretary for Financial Resources,NEXTGENID INC,DE10,2023-02-28,2026-05-27 00:00:00,NOT COMPETED,,NEXTGENID REMOTE ONBOARDING PILOT,https://www.usaspending.gov/award/CONT_AWD_75P00123P00017_7570_-NONE-_-NONE-
analytics_reporting,sole_source,1,2848678.88,Office of the Assistant Secretary for Administration,I3 FEDERAL LLC,DH01,2021-01-08,2021-05-22 00:00:00,FULL AND OPEN COMPETITION AFTER EXCLUSION OF SOURCES,,HEALTH AND HUMAN SERVICES ? OFFICE OF THE CHIEF INFORMATION OFFICER (HHS-OCIO) COVID-19 DATA ANALYTICS (HHS OCIO CDA),https://www.usaspending.gov/award/CONT_AWD_75P00121F80029_7570_NNG15SD31B_8000
other,sole_source,1,2846649.74,Department of Veterans Affairs,INTERNATIONAL BUSINESS MACHINES CORPORATION,DH10,2023-10-01,2025-01-27 00:00:00,FULL AND OPEN COMPETITION,,INTERNATIONAL BUSINESS MACHINES (IBM) - MULTIPLE VIRTUAL STORAGE (MVS) SOFTWARE MAINTENANCE.,https://www.usaspending.gov/award/CONT_AWD_36C10B24F0011_3600_GS35F110DA_4732
other,sole_source,1,2841161.44,National Institutes of Health,IMMERSIVE CONCEPTS L.L.C.,DB02,2022-11-15,2027-11-14 00:00:00,FULL AND OPEN COMPETITION AFTER EXCLUSION OF SOURCES,,"CSR CONFERENCE ROOMS UPGRADES, MAINTENANCE AND LICENSING",https://www.usaspending.gov/award/CONT_AWD_75N92023F00024_7529_47QTCB22D0044_4732
survey_measurement,sole_source,1,2820403.4,Centers for Disease Control and Prevention,BOOZ ALLEN HAMILTON INC,DA10,2026-09-11,2028-01-25 00:00:00,FULL AND OPEN COMPETITION,,"ELECTRONIC DATA COLLECTION AND PROCESSING OF THE NATIONAL HOSPITAL CARE SURVEY (NHCS) 2025 DATA, EO 14398",https://www.usaspending.gov/award/CONT_AWD_75D30126F21551_7523_75D30120A08214_7523
other,sole_source,1,2810736.15,Centers for Medicare and Medicaid Services,CENTEVA LLC,D322,2013-09-26,2023-11-08 00:00:00,NOT AVAILABLE FOR COMPETITION,,IGF::OT::IGF WEB BASED SOLUTIONS AND DATA INTEGRATION SERVICES,https://www.usaspending.gov/award/CONT_AWD_HHSM500201300146C_7530_-NONE-_-NONE-
other,sole_source,1,2809488.0,Department of Veterans Affairs,"SARAWORKS, LLC",DA10,2024-10-17,2025-10-31 00:00:00,NOT COMPETED UNDER SAP,,EVA SOFTWARE FOR VR&E,https://www.usaspending.gov/award/CONT_AWD_36C10D25P0005_3600_-NONE-_-NONE-
other,sole_source,1,2805454.95,National Institutes of Health,"INTEGRES, LLC",DJ01,2022-09-28,2025-09-27 00:00:00,NOT AVAILABLE FOR COMPETITION,,NICHD SERVICES: FIC IT APPLICATIONS DEVELOPMENT AND SUPPORT,https://www.usaspending.gov/award/CONT_AWD_75N94022C00007_7529_-NONE-_-NONE-
survey_measurement,sole_source,,2799175.3,Defense Health Agency,"VISTA DEFENSE TECHNOLOGIES, LLC",DD01,2021-08-20,2026-09-26 00:00:00,NOT AVAILABLE FOR COMPETITION,,CONTACT TRACING AND SURVEY TOOL SUPPORT,https://www.usaspending.gov/award/CONT_AWD_HT001521F0150_9700_HT001520D0001_9700
other,sole_source,1,2783493.29,Department of Veterans Affairs,HLINC CORP,DA01,2025-12-31,2026-02-28 00:00:00,FULL AND OPEN COMPETITION,,BUSINESS TESTING SERVICE AND OPERATIONAL SUPPORT (BTSOS),https://www.usaspending.gov/award/CONT_AWD_36C10D26F0011_3600_47QTCA18D00CS_4732
other,sole_source,1,2771511.67,Defense Health Agency,ATECHGOV LLC,DA10,2024-01-05,2026-02-04 00:00:00,NOT COMPETED,,"DEFENSE MEDICAL ACCESSION COMPUTING SYSTEM SUSTAINMENT, OPERATIONS, AND TRANSITION SUPPORT",https://www.usaspending.gov/award/CONT_AWD_HT001124C0006_9700_-NONE-_-NONE-
analytics_reporting,sole_source,1,2755859.84,Department of Veterans Affairs,"THUNDERCAT TECHNOLOGY, LLC",DF10,2024-09-13,2027-06-17 00:00:00,NOT COMPETED UNDER SAP,,OFFICE OF PUBLIC INTERGOVERNMENTAL AFFAIRS ADVERTISEMENT ANALYTICAL TOOL AND SUPPORT,https://www.usaspending.gov/award/CONT_AWD_36C10X24P0093_3600_-NONE-_-NONE-
other,sole_source,1,2720583.55,Department of Veterans Affairs,AQUIA INC.,DA01,2025-09-12,2026-11-23 00:00:00,NOT AVAILABLE FOR COMPETITION,,BENEFIT INTAKE OPTIMIZATION,https://www.usaspending.gov/award/CONT_AWD_36C10B25C0050_3600_-NONE-_-NONE-
other,sole_source,1,2703805.07,Centers for Disease Control and Prevention,METAS SOLUTIONS LLC,DF01,2023-04-07,2026-04-03 00:00:00,NOT COMPETED UNDER SAP,,OCIO PORTFOLIO MANAGEMENT - 8A,https://www.usaspending.gov/award/CONT_AWD_75D30123C16221_7523_-NONE-_-NONE-
other,sole_source,1,2699600.13,Office of the Assistant Secretary for Administration,APPRIO INC,D307,2015-08-21,2020-08-20 00:00:00,NOT AVAILABLE FOR COMPETITION,,IGF::OT::IGF FEDERAL HEALTH INFORMATION MODEL (FHIM)SUPPORT,https://www.usaspending.gov/award/CONT_AWD_HHSP233201500019C_7555_-NONE-_-NONE-
other,sole_source,1,2692809.78,Department of Veterans Affairs,"AGILE SIX APPLICATIONS, INC",DA01,2024-09-20,2025-09-24 00:00:00,NOT AVAILABLE FOR COMPETITION,,VETERAN FOREIGN MEDICAL PROGRAM (VFMP) AND CIVILIAN HEALTH AND MEDICAL PROGRAM OF THE DEPARTMENT OF VETERANS AFFAIRS (CHAMPVA) FORMS FOLLOW-ON,https://www.usaspending.gov/award/CONT_AWD_36C10B24C0065_3600_-NONE-_-NONE-
other,sole_source,1,2690918.19,Defense Health Agency,"FEDITC, LLC",DA01,2024-07-05,2025-06-30 00:00:00,FULL AND OPEN COMPETITION,,TESTING AND EVALUATION SERVICES,https://www.usaspending.gov/award/CONT_AWD_HT001124F0032_9700_GS35F0269W_4730
other,sole_source,1,2690673.15,Food and Drug Administration,GUIDEHOUSE INC.,DA01,2024-08-30,2026-09-02 00:00:00,FULL AND OPEN COMPETITION,,CBER OM BUSINESS OPERATIONS AND SYSTEMS SUPPORT,https://www.usaspending.gov/award/CONT_AWD_75F40124F80303_7524_47QTCA18D005G_4732
other,sole_source,1,2676582.0,Department of Veterans Affairs,VERTICAL DESIGN INC.,DA01,2023-07-19,2026-09-28 00:00:00,NOT COMPETED,,NATIONAL CENTER FOR POSTTRAUMATIC STRESS DISORDER MOBILE APPLICATIONS SUPPORT,https://www.usaspending.gov/award/CONT_AWD_36C10B23C0031_3600_-NONE-_-NONE-
portal_web,sole_source,1,2675247.58,Centers for Medicare and Medicaid Services,SKY SOLUTIONS LLC,DA01,2023-07-19,2025-01-26 00:00:00,NOT AVAILABLE FOR COMPETITION,,"CMCS WEBSITE DEVELOPMENT, OPERATIONS, MAINTENANCE AND TESTING SERVICES",https://www.usaspending.gov/award/CONT_AWD_75FCMC23C0038_7530_-NONE-_-NONE-
other,sole_source,1,2665585.52,Office of the Assistant Secretary for Administration,AUDACIOUS INQUIRY LLC,D302,2015-09-22,2020-09-29 00:00:00,NOT COMPETED,,IGF::OT::IGF CONSUMER ENGAGEMENT FOR IMMUNIZATION INFORMATION SYSTEMS,https://www.usaspending.gov/award/CONT_AWD_HHSP233201500303A_7555_-NONE-_-NONE-
other,sole_source,1,2642471.76,Office of the Assistant Secretary for Administration,"COPPER RIVER TECHNOLOGIES, LLC",DA10,2024-09-26,2027-09-29 00:00:00,NOT AVAILABLE FOR COMPETITION,,SERVICENOW ENHANCEMENTS,https://www.usaspending.gov/award/CONT_AWD_75P00124P00099_7570_-NONE-_-NONE-
infrastructure_ops,sole_source,1,2639432.15,Centers for Medicare and Medicaid Services,IAZ ASSOCIATES LLC,DA01,2023-07-19,2027-07-19 00:00:00,NOT AVAILABLE FOR COMPETITION,,"RELATIONSHIPS, EVENTS, CONTACTS AND OUTREACH NETWORK (RECON)",https://www.usaspending.gov/award/CONT_AWD_75FCMC23C0040_7530_-NONE-_-NONE-
other,sole_source,1,2626114.5,Office of the Assistant Secretary for Financial Resources,"NEXT LEVEL ADVISORY SERVICES, LLC",DA10,2023-08-17,2026-09-21 00:00:00,NOT COMPETED UNDER SAP,,"COORDINATION, ANALYSIS, AND PERFORMANCE MONITORING FOR THE INFORMATIONAL RESOURCE TO SUPPORT BEHAVIORAL HEALTH CARE AND INTEGRATED PRACTICE SETTINGS",https://www.usaspending.gov/award/CONT_AWD_75P00123P00123_7570_-NONE-_-NONE-
other,sole_source,1,2611266.57,Office of the Assistant Secretary for Financial Resources,TTI-EBUSINESS JV LLC,DF10,2025-06-23,2028-06-30 00:00:00,NOT COMPETED,,CLINICAL TRIALS INFORMATION PROCESSING SYSTEM/ORANGE BOOK (CTIPS/OB),https://www.usaspending.gov/award/CONT_AWD_75F40125P00096_7524_-NONE-_-NONE-
other,sole_source,1,2608615.41,Department of Veterans Affairs,INTERNATIONAL BUSINESS MACHINES CORPORATION,DH10,2022-10-01,2023-09-30 00:00:00,FULL AND OPEN COMPETITION,,SOFTWARE MAINTENANCE FOR IBM-MVS,https://www.usaspending.gov/award/CONT_AWD_36C10A23F0010_3600_GS35F110DA_4732
other,sole_source,,2608534.49,Defense Health Agency,"VISTA DEFENSE TECHNOLOGIES, LLC",D306,2020-06-30,2025-07-08 00:00:00,NOT AVAILABLE FOR COMPETITION,,BEHAVIOR HEALTH (BH) SUPPORT SERVICES,https://www.usaspending.gov/award/CONT_AWD_HT001520F0026_9700_HT001520D0001_9700
other,sole_source,1,2603673.24,Defense Health Agency,INSERSO CORPORATION,DE01,2024-08-27,2025-08-27 00:00:00,NOT COMPETED UNDER SAP,,DENTAL INTEGRATIVE COLLABORATION ENVIRONMENT SUPPORT - SIX MONTH BRIDGE,https://www.usaspending.gov/award/CONT_AWD_HT001524P0015_9700_-NONE-_-NONE-
other,sole_source,1,2602048.8,Office of the Assistant Secretary for Financial Resources,"ASRT, INC.",DF01,2021-08-09,2026-09-26 00:00:00,NOT AVAILABLE FOR COMPETITION,,GID IT SUPPORT SERVICES,https://www.usaspending.gov/award/CONT_AWD_75D30121C11749_7523_-NONE-_-NONE-
other,sole_source,1,2583711.25,Centers for Disease Control and Prevention,VIGILANT WATCH INTEGRATION INC,D308,2020-04-23,2021-04-15 00:00:00,NOT COMPETED,,COVID-19 TIMS,https://www.usaspending.gov/award/CONT_AWD_75D30120C07946_7523_-NONE-_-NONE-
scheduling_referral_community_care,sole_source,1,2550133.65,Food and Drug Administration,AGILISTEK LLC,DA01,2022-09-23,2023-09-25 00:00:00,FULL AND OPEN COMPETITION AFTER EXCLUSION OF SOURCES,,FDA FOREIGN INSPECTION PLANNING AND SCHEDULING SYSTEM (FIPSS) PHASE 3,https://www.usaspending.gov/award/CONT_AWD_75F40122F80425_7524_47QTCB22D0090_4732
other,sole_source,1,2548916.42,Health Resources and Services Administration,ASSYST INC.,DA01,2021-09-13,2022-09-28 00:00:00,FULL AND OPEN COMPETITION,,FY21 EHBS VERIFICATION AND VALIDATION (V&V) SUPPORT SERVICES,https://www.usaspending.gov/award/CONT_AWD_75R60221F80128_7526_47QTCA19D00HL_4732
infrastructure_ops,sole_source,1,2539885.8,Office of the Assistant Secretary for Administration,CSP SOLUTIONS LLC,DA01,2025-09-30,2027-09-29 00:00:00,FULL AND OPEN COMPETITION AFTER EXCLUSION OF SOURCES,,"THE CONTRACTOR SHALL SUPPORT THE DEPARTMENT OF HEALTH AND HUMAN SERVICES (HHS), OFFICE OF THE SECRETARY (OS) CYBERSECURITY SERVICES (CS) MISSION AND ENSURE THAT OS ACTIVELY PROTECTS THE VITAL HEALTH INFORMATION WITH WHICH IT IS ENTRUSTED, RESPOND TO",https://www.usaspending.gov/award/CONT_AWD_75P00125F80139_7570_47QTCB21D0433_4732
other,sole_source,1,2518224.53,Department of Veterans Affairs,"MLINQS, LLC",DA10,2021-10-01,2024-09-30 00:00:00,FULL AND OPEN COMPETITION,,MOVELINQ PERMANENT CHANGE OF STATION (PCS) RELOCATION SOFTWARE AS A SERVICE (SAAS) SOLUTION,https://www.usaspending.gov/award/CONT_AWD_36C10A22F0020_3600_GS33F0007U_4730
other,sole_source,,2499993.65,Food and Drug Administration,VERSATECH/IMPYRIAN TECHNOLOGY NETWORK LLC,DA01,2026-09-17,2027-09-20 00:00:00,NOT AVAILABLE FOR COMPETITION,,EO-14398 - AV IMPROVEMENTS PROJECT FOR BUILDING 66 AT WO CAMPUS,https://www.usaspending.gov/award/CONT_AWD_75F40126F19024_7524_75F40122D00024_7524
other,sole_source,,2499612.9,Food and Drug Administration,VERSATECH/IMPYRIAN TECHNOLOGY NETWORK LLC,DA01,2024-02-12,2025-04-30 00:00:00,NOT AVAILABLE FOR COMPETITION,,TIME AND MATERIALS AWARD WHITE OAK GREAT ROOM HYBRID MTG ENHANCEMENT PROJECT SUPPORT  COR: ROBERT PERRY ROBERT.PERRY@FDA.HHS.GOV  CS: KIMBERLY W. DAVIS KIMBERLY.DAVIS@FDA.HHS.GOV  NOTICE TO PROCEED WAS ISSUED ON 02/06/2024 EFFECTIVE 02/07/20,https://www.usaspending.gov/award/CONT_AWD_75F40124F19008_7524_75F40122D00024_7524
infrastructure_ops,sole_source,1,2498573.76,Food and Drug Administration,STRATEGAMY LLC,DF01,2026-09-21,2027-09-28 00:00:00,NOT AVAILABLE FOR COMPETITION,,"FOOD APPLICATIONS REGULATORY MANAGEMENT (FARM) SYSTEM AND INTERFACING SYSTEMS DEVELOPMENT, MODERNIZATION, & ENHANCEMENT (DME)",https://www.usaspending.gov/award/CONT_AWD_75F40126C00166_7524_-NONE-_-NONE-
analytics_reporting,sole_source,1,2498121.6,Centers for Medicare and Medicaid Services,IADEPTIVE TECHNOLOGIES LLC,DA01,2024-02-13,2026-02-26 00:00:00,FULL AND OPEN COMPETITION,,CALM DATA MIGRATION & DATA MANAGEMENT OPERATIONS (CDMO),https://www.usaspending.gov/award/CONT_AWD_75FCMC24F0043_7530_47QTCA23D004R_4732
clinical_it_ehr,sole_source,1,2494655.0,Defense Health Agency,"IRON BOW TECHNOLOGIES, LLC",DA01,2021-10-21,2026-10-27 00:00:00,FULL AND OPEN COMPETITION,,CLINICAL DECISION SUPPORT TOOL,https://www.usaspending.gov/award/CONT_AWD_HT001522F0006_9700_NNG15SC41B_8000
portal_web,sole_source,1,2485741.54,Centers for Medicare and Medicaid Services,"RADIANT INFOTECH, LLC",DA01,2025-09-11,2029-09-14 00:00:00,NOT AVAILABLE FOR COMPETITION,,THE PURPOSE OF THE MEQC & PERM SALESFORCE AUTOMATION CONTRACT IS TO ASSIST IN THE IMPLEMENTATION OF A UNIQUE INSTANCE OF SALESFORCE IN THE CMS CLOUD ENVIRONMENT. THE CONTRACTOR WILL WORK WITH THE DIVISION OF STATE PARTNERSHIP (DSP) WITHIN THE CENTER,https://www.usaspending.gov/award/CONT_AWD_75FCMC25CJ015_7530_-NONE-_-NONE-
other,sole_source,1,2469999.96,Defense Health Agency,"ASM RESEARCH, LLC",DA01,2023-09-20,2024-09-29 00:00:00,NOT COMPETED,,VETERINARY SERVICES SYSTEM MANAGEMENT (VSSM) SUSTAINMENT SUPPORT.,https://www.usaspending.gov/award/CONT_AWD_HT001123C0096_9700_-NONE-_-NONE-
other,sole_source,1,2458562.12,Health Resources and Services Administration,"A P VENTURES, LLC",DA01,2025-06-16,2029-06-15 00:00:00,FULL AND OPEN COMPETITION AFTER EXCLUSION OF SOURCES,,HSB113 C 6278. VICP/CICP SALESFORCE 2.0 O&M.,https://www.usaspending.gov/award/CONT_AWD_75R60225F80069_7526_47QTCB21D0325_4732
infrastructure_ops,sole_source,1,2431229.93,Indian Health Service,COLOSSAL CONTRACTING LLC,DA01,2021-04-30,2026-04-30 00:00:00,FULL AND OPEN COMPETITION AFTER EXCLUSION OF SOURCES,,TIER II ENGINEERING SUPPORT FOR CISCO VIDEO AND VOICE INFRASTRUCTURE AND TIER II RPMS SUPPORT FOR THE GREAT PLAINS AREA  BASE PLUS 4 ONE-YEAR OPTIONS,https://www.usaspending.gov/award/CONT_AWD_75H70621F80098_7527_47QTCH18D0012_4732
analytics_reporting,sole_source,,2431161.6,Defense Health Agency,"VISTA DEFENSE TECHNOLOGIES, LLC",DA01,2023-09-25,2024-09-28 00:00:00,NOT AVAILABLE FOR COMPETITION,,DATA SCIENCE SUPPORT,https://www.usaspending.gov/award/CONT_AWD_HT003823F0018_9700_HT001520D0001_9700
portal_web,sole_source,1,2424348.29,Centers for Medicare and Medicaid Services,"NGUYEN INFORMATION CONSULTING, INC.",D399,2020-09-11,2022-05-15 00:00:00,FULL AND OPEN COMPETITION,,MAINTENANCE AND OVERSIGHT OF THE SUPPORT OF THE CMS DATA ELEMENT LIBRARY (DEL),https://www.usaspending.gov/award/CONT_AWD_75FCMC20F0107_7530_GS35F0075W_4730
other,sole_source,1,2418332.39,Office of the Assistant Secretary for Financial Resources,SARA SOFTWARE SYSTEMS LLC,DA10,2024-07-16,2029-08-04 00:00:00,FULL AND OPEN COMPETITION,,BIOMETRIC WEB APPLICATION (BWA) DEVELOPMENT AND OPERATIONS AND MAINTENANCE SUPPORT SERVICES,https://www.usaspending.gov/award/CONT_AWD_75P00124F80109_7570_47QTCA18D00D6_4732
infrastructure_ops,sole_source,1,2412945.0,Department of Veterans Affairs,MINUTEMAN TECHNOLOGY SERVICES LLC,DG11,2022-10-01,2027-09-30 00:00:00,NOT AVAILABLE FOR COMPETITION,,VISN 2 NETWORK VETLINK KIOSK SUSTAINABILITY AND SUPPORT,https://www.usaspending.gov/award/CONT_AWD_36C24223C0003_3600_-NONE-_-NONE-
other,sole_source,,2404512.0,Office of Assistant Secretary for Preparedness and Response,"COPPER RIVER CYBER SOLUTIONS, LLC",DA01,2025-08-12,2025-11-30 00:00:00,NOT AVAILABLE FOR COMPETITION,,ASPR'S UNIFIED TECHNOLOGY SERVICES AND SUPPORT (UTSS),https://www.usaspending.gov/award/CONT_AWD_75A50225F62021_7505_75A50121D00005_7505
infrastructure_ops,sole_source,,2400619.93,Office of Assistant Secretary for Preparedness and Response,EAGLE HARBOR SOLUTIONS LLC,DD01,2024-01-12,2026-03-31 00:00:00,NOT AVAILABLE FOR COMPETITION,,"THE ASPR TECHNOLOGY INFRASTRUCTURE AND CYBERSECURITY OPERATIONS (TICO) CONTRACT IS A SINGLE AWARD, INDEFINITE DELIVERY, INDEFINITE QUANTITY (IDIQ) CONTRACT TO PROVIDE TECHNOLOGY SUPPORT.",https://www.usaspending.gov/award/CONT_AWD_75A50224F62015_7505_75A50120D00025_7505
infrastructure_ops,sole_source,,2399610.35,Office of Assistant Secretary for Preparedness and Response,EAGLE HARBOR SOLUTIONS LLC,DD01,2025-09-29,2026-06-29 00:00:00,NOT AVAILABLE FOR COMPETITION,,CYBERSECURITY SUPPORT SERVICES,https://www.usaspending.gov/award/CONT_AWD_75A50225F62023_7505_75A50120D00025_7505
infrastructure_ops,sole_source,1,2398606.42,National Institutes of Health,"NETCOMM, INC.",DB10,2021-08-17,2024-05-24 00:00:00,FULL AND OPEN COMPETITION,,"BEACON CLOUD RENEWAL - ENTERPRISE LICENSE FOR BEACON CLOUD FEDRAMP HR, BEACON CLOUD FEDRAMP FINANCE, AND ACCESS TO BOTH THE BEACON CLOUD FEDRAMP HR AND FINANCE MODULES. EACH ORDER PERIOD INCLUDES AN OPTION FOR ADDITIONAL ENHANCEMENTS TO INCLUDE SUBJE",https://www.usaspending.gov/award/CONT_AWD_75N93021F00287_7529_GS35F0564P_4730
other,sole_source,1,2391379.64,Department of Veterans Affairs,SCRIPTPRO USA INC,DA01,2022-09-21,2027-07-30 00:00:00,FULL AND OPEN COMPETITION,,THIS TASK ORDER AWARD IS FOR THE PURCHASE OF HEALTHCARE TECHNOLOGY MANAGEMENT SCRIPTPRO UPGRADES TO VARIOUS VISNS.,https://www.usaspending.gov/award/CONT_AWD_36C10B22F0315_3600_36F79719D0135_3600
clinical_it_ehr,sole_source,,2383109.07,Department of Veterans Affairs,"SOLDIERPOINT DIGITAL HEALTH, LLC",DA01,2025-09-19,2025-12-05 00:00:00,NOT COMPETED,,"LEGACY CONTRACT TASK ORDER FOR TELEHEALTH CLINICAL TRAINING, IMPLEMENTATION, AND DEPLOYMENT SUPPORT SERVICES TO FINISH OUT THE CONTRACT BEFORE PSI PICKS UP SUPPORT.",https://www.usaspending.gov/award/CONT_AWD_36C10G25N0104_3600_36C10G21D0016_3600
other,sole_source,1,2381662.65,Defense Health Agency,ADERAS INC,DA01,2025-08-07,2030-09-02 00:00:00,NOT COMPETED,,ELECTRONIC INSTITUTIONAL REVIEW BOARD SUPPORT SERVICES,https://www.usaspending.gov/award/CONT_AWD_HT001125CE002_9700_-NONE-_-NONE-
other,sole_source,1,2363757.78,Defense Health Agency,ALASKA NORTHSTAR RESOURCES LLC,DE01,2024-08-14,2025-02-14 00:00:00,NOT AVAILABLE FOR COMPETITION,,INFORMATION TECHNOLOGY AND MANAGEMENT SUPPORT SERVICES,https://www.usaspending.gov/award/CONT_AWD_HT942524C0093_9700_-NONE-_-NONE-
other,sole_source,1,2351600.25,Centers for Medicare and Medicaid Services,ANTEAN TECHNOLOGY LLC,DA01,2024-01-11,2029-01-14 00:00:00,FULL AND OPEN COMPETITION,,SECURITY CONTROLS ASSESSMENT (SCA),https://www.usaspending.gov/award/CONT_AWD_75FCMC24F0024_7530_47QTCA21D009W_4732
infrastructure_ops,sole_source,,2345522.38,National Institutes of Health,"TAHKOX E2 SERVICES, LLC",DF01,2026-09-24,2027-09-29 00:00:00,NOT COMPETED UNDER SAP,,"DCRI OPERATIONS, MAINTENANCES AND CYBER SECURITY",https://www.usaspending.gov/award/CONT_AWD_75N98026F00008_7529_75N98026D00023_7529
call_center_contact,sole_source,1,2322447.67,Defense Health Agency,"GREAT HILL SOLUTIONS, LLC",DA01,2024-08-20,2027-01-31 00:00:00,NOT COMPETED UNDER SAP,,"SYSTEMS HELP DESK TECHICIAN, NETWORK PLANNER/ENGINEER AND INFORMATION SYSTEMS SECURITY OFFICER",https://www.usaspending.gov/award/CONT_AWD_HT940624P0132_9700_-NONE-_-NONE-
portal_web,sole_source,1,2310326.05,Department of Veterans Affairs,"ODDBALL, INC.",DA01,2024-08-07,2025-09-03 00:00:00,NOT COMPETED UNDER SAP,,THIS ACQUISITION WILL PROVIDE SUPPORT TO HELP VA MIGRATE VETERAN AND POWER OF ATTORNEY EXPERIENCES FROM THE LEGACY STAKEHOLDER ENTERPRISE PORTAL PRODUCT AND EBENEFITS PLATFORM TO VA.GOV.,https://www.usaspending.gov/award/CONT_AWD_36C10B24P0016_3600_-NONE-_-NONE-
other,sole_source,1,2290127.42,Defense Health Agency,ATT MOBILITY LLC,D304,2019-09-10,2025-05-09 00:00:00,FULL AND OPEN COMPETITION,,"WIRELESS SMART CELL - SERVICE, SUPPORT, AND EQUIPMENT",https://www.usaspending.gov/award/CONT_AWD_HT001419F0360_9700_GS35F0297K_4730
other,sole_source,1,2284939.25,Centers for Disease Control and Prevention,METAS SOLUTIONS LLC,D308,2019-08-29,2021-08-29 00:00:00,NOT AVAILABLE FOR COMPETITION,,OPIOID IT HYATTSVILLE,https://www.usaspending.gov/award/CONT_AWD_75D30119C06368_7523_-NONE-_-NONE-
other,sole_source,1,2279884.2,Office of the Assistant Secretary for Administration,SARA SOFTWARE SYSTEMS LLC,DF01,2022-09-22,2025-09-26 00:00:00,NOT AVAILABLE FOR COMPETITION,,POWER PLATFORM DEVELOPERS,https://www.usaspending.gov/award/CONT_AWD_75P00122P00106_7570_-NONE-_-NONE-
other,sole_source,1,2274462.74,Office of the Assistant Secretary for Financial Resources,HERITAGE INTERIORS LLC,DE01,2025-12-05,2027-01-04 00:00:00,NOT COMPETED UNDER SAP,,AV TECH SUPPORT,https://www.usaspending.gov/award/CONT_AWD_75P00126F37003_7570_75P00123A00010_7570
grants_contracts_admin,sole_source,,2269998.73,National Institutes of Health,MALBAIE SOLUTIONS INC.,DA01,2024-09-12,2025-09-27 00:00:00,NOT AVAILABLE FOR COMPETITION,,NCI BUDGET AND FINANCE MODERNIZATION PROJECT,https://www.usaspending.gov/award/CONT_AWD_75N91024F00001_7529_75N91023D00013_7529
analytics_reporting,sole_source,1,2266261.84,Office of the Assistant Secretary for Financial Resources,AFC DEVELOPMENT INC,DF10,2022-05-12,2027-05-11 00:00:00,NOT AVAILABLE FOR COMPETITION,,"THIS REQUIREMENT IS FOR A DIRECT 8(A) AWARD TO AFC DEVELOPMENT INC.  THE OFFICE OF HUMAN SERVICES EMERGENCY PREPAREDNESS & RESPONSE (OHSEPR) IS SEEKING A VENDOR TO PROVIDE THE OVERALL IMPLEMENTATION, MAINTENANCE, OPERATION, DATA REPORTING, AND IN",https://www.usaspending.gov/award/CONT_AWD_75ACF122C00015_7590_-NONE-_-NONE-
analytics_reporting,sole_source,1,2251343.88,Office of the Assistant Secretary for Financial Resources,PLEXUS SCIENTIFIC CORPORATION,DA01,2023-08-07,2028-08-07 00:00:00,FULL AND OPEN COMPETITION,,"OBTAIN SUPPORT WITH KNOWLEDGE, SKILLS, AND ABILITIES TO MODIFY THE VISUAL PERFORMANCE SUITE (VPS) TOOL INHERITED FROM NIH TO SUIT THE DATA ANALYTICS SYSTEM (DAS), WHICH SUPPORTS THE STRATEGIC MISSION, PERFORMANCE OBJECTIVES, AND GOALS OF HHS.",https://www.usaspending.gov/award/CONT_AWD_75P00123F80139_7570_47QTCA19D00MH_4732
portal_web,sole_source,1,2233115.5,Centers for Medicare and Medicaid Services,NATIONAL STUDENT CLEARINGHOUSE,DA01,2026-08-14,2029-08-13 00:00:00,NOT COMPETED,,THE CENTERS FOR MEDICARE & MEDICAID SERVICES (CMS) SEEKS TO OBTAIN ACCESS TO AUTHORITATIVE EDUCATIONAL ENROLLMENT VERIFICATION DATA THROUGH THE NATIONAL STUDENT CLEARINGHOUSE (NSC) TO SUPPORT MEDICAID ELIGIBILITY AND PROGRAM COMPLIANCE VERIFICATION.,https://www.usaspending.gov/award/CONT_AWD_75FCMC26C0024_7530_-NONE-_-NONE-
other,sole_source,1,2229768.0,Department of Veterans Affairs,AST TELECOM LLC,DG11,2023-03-29,2025-04-01 00:00:00,NOT COMPETED UNDER SAP,,METRO ETHERNET SERVICES FOR VA FACILITIES IN AMERICAN SAMOA,https://www.usaspending.gov/award/CONT_AWD_36C10A23P0016_3600_-NONE-_-NONE-
infrastructure_ops,sole_source,,2227930.93,Food and Drug Administration,"ELEMENTS 5, LLC",DG01,2024-09-27,2027-09-29 00:00:00,NOT AVAILABLE FOR COMPETITION,,"THE FOOD AND DRUG ADMINISTRATION IS IN CONSTANT NEED OF CABLING, NETWORK INSTALLATION AND REPAIR SERVICES. THE OBJECTIVE OF THIS TASK ORDER IS TO PROVIDE THE FDA END USER WITH TECHNICAL AND INSTALLATION SUPPORT SERVICES FOR SMALL WIRING (1-15 DUAL DR",https://www.usaspending.gov/award/CONT_AWD_75F40124F19003_7524_75F40123D00042_7524
registry_surveillance,sole_source,1,2219719.92,Defense Health Agency,"SPECPRO MANAGEMENT SERVICES, LLC",DA01,2021-04-01,2022-02-28 00:00:00,FULL AND OPEN COMPETITION,,HEALTH SERVICES SUPPORT (HSS) AEROMEDICAL SERVICES INFORMATION MANAGEMENT SYSTEM (ASIMS)PATIENT QUEUING AND NOTIFICATION SYSTEM (PQNS) DOD CANCER REGISTRY (DOD CR) SURGERY SCHEDULING SYSTEM (S3) (HSS-APCS),https://www.usaspending.gov/award/CONT_AWD_HT001121F0032_9700_47QRAA19D007P_4732
other,sole_source,1,2213625.6,Defense Health Agency,CCS LINTECH JV LLC,DB02,2024-08-30,2027-02-28 00:00:00,NOT COMPETED UNDER SAP,,INFORMATION TECHNOLOGY SERVICES SUPPORT,https://www.usaspending.gov/award/CONT_AWD_HT940624C0004_9700_-NONE-_-NONE-
other,sole_source,1,2212975.0,Office of the Assistant Secretary for Administration,RELX INC.,DA10,2021-04-30,2026-05-01 00:00:00,FULL AND OPEN COMPETITION,,"THE U.S. DEPARTMENT OF HEALTH AND HUMAN SERVICES (HHS), OFFICE OF THE GENERAL COUNSEL (OGC) LAW LIBRARY IS RESPONSIBLE FOR THE COORDINATION AND CONSOLIDATION OF LEGAL INFORMATION RESOURCES AND RESEARCH SERVICES, IN ANY FORMAT, FOR USE BY HHS/OGC ATTO",https://www.usaspending.gov/award/CONT_AWD_75P00121F80096_7570_GS02F0048M_4730
other,sole_source,1,2191064.22,Department of Veterans Affairs,"CENSIS TECHNOLOGIES, INC.",DA10,2023-12-01,2027-08-31 00:00:00,NOT COMPETED,,CENSITRAC SERVICE AND SUPPORT THROUGHOUT VISN 12 (10 FACILITIES),https://www.usaspending.gov/award/CONT_AWD_36C25224P0113_3600_-NONE-_-NONE-
portal_web,sole_source,1,2182855.58,Centers for Medicare and Medicaid Services,"UPTODATE, INC",DF10,2021-09-17,2026-09-29 00:00:00,NOT COMPETED,,"CMS INITIATED A COMPETITIVE PROCUREMENT IN 2004 TO DEVELOP A NEW SYSTEM, THE DRUG DATA PROCESSING SYSTEM (DDPS) TO IMPLEMENT THE MEDICARE MODERNIZATION ACT (MMA). THE ACT REQUIRED THAT CMS CONSIDER DRUG DATA FROM TWO SEPARATE SOURCES. THE DDPS DEVE",https://www.usaspending.gov/award/CONT_AWD_75FCMC21C0028_7530_-NONE-_-NONE-
scheduling_referral_community_care,sole_source,1,2180105.61,Food and Drug Administration,AGILISTEK LLC,DF01,2024-08-07,2029-08-07 00:00:00,FULL AND OPEN COMPETITION AFTER EXCLUSION OF SOURCES,,FOREIGN INSPECTION PLANNING AND SCHEDULING SYSTEM (FIPSS),https://www.usaspending.gov/award/CONT_AWD_75F40124F80233_7524_47QTCB22D0090_4732
infrastructure_ops,sole_source,,2178939.6,National Institutes of Health,"TAHKOX E2 SERVICES, LLC",DF01,2026-08-12,2027-09-25 00:00:00,NOT COMPETED UNDER SAP,,"DCRI OPERATIONS, MAINTENANCES AND CYBER SECURITY",https://www.usaspending.gov/award/CONT_AWD_75N98026F00006_7529_75N98026D00023_7529
clinical_it_ehr,sole_source,1,2156056.96,Department of Veterans Affairs,"SGL360, LLC",DA01,2025-09-16,2027-09-29 00:00:00,NOT AVAILABLE FOR COMPETITION,,ARTIFICIAL INTELLIGENCE CLINICAL DECISION SUPPORT SUMMARIZATIONS,https://www.usaspending.gov/award/CONT_AWD_36C10B25C0049_3600_-NONE-_-NONE-
other,sole_source,1,2153050.0,Centers for Medicare and Medicaid Services,LATITUDE PRIME LLC,DA01,2023-09-06,2027-09-05 00:00:00,NOT COMPETED,,THE PURPOSE OF THIS CONTRACT ACTION IS TO NEGOTIATE AND AWARD SERVICES TO ASSIST THE OFFICE OF EQUAL OPPORTUNITY AND CIVIL RIGHTS IN PROVIDING LANGUAGE ACCESS SERVICES TO LIMITED ENGLISH PROFICIENT INDIVIDUALS IN THE FORM OF ORAL INTERPRETATION SERVI,https://www.usaspending.gov/award/CONT_AWD_75FCMC23C0052_7530_-NONE-_-NONE-
portal_web,sole_source,1,2152728.0,Centers for Medicare and Medicaid Services,TEGRIA SERVICES GROUP - US INC,DA01,2026-09-15,2028-11-30 00:00:00,NOT COMPETED,,"CMS REQUIRES A CONTRACTOR TO PROVIDE INTEGRATED, VENDOR-NEUTRAL, EVIDENCE-BASED ENTERPRISE PROGRAM MANAGEMENT OFFICE (EPMO) AND TECHNICAL IMPLEMENTATION SUPPORT ACROSS WORK STREAMS. THE CONTRACTOR WILL COORDINATE WITH CMS COMPONENTS, MEDICARE ADMINIS",https://www.usaspending.gov/award/CONT_AWD_75FCMC26C0028_7530_-NONE-_-NONE-
other,sole_source,,2148728.88,Food and Drug Administration,VERSATECH/IMPYRIAN TECHNOLOGY NETWORK LLC,DA01,2024-09-04,2029-09-21 00:00:00,NOT AVAILABLE FOR COMPETITION,,CDER AUDIO VISUAL SUPPORT SERVICES,https://www.usaspending.gov/award/CONT_AWD_75F40124F19012_7524_75F40122D00024_7524
other,sole_source,1,2147778.6,Indian Health Service,ATT MOBILITY LLC,DE11,2025-08-01,2026-07-31 00:00:00,FULL AND OPEN COMPETITION,,ENTERPRISE MOBILE SERVICE PROGRAM. AT&T BRIDGE AWARD. BASE PERIOD.,https://www.usaspending.gov/award/CONT_AWD_75H70425F80010_7527_47QTCA19D00MV_4732
other,sole_source,,2120016.79,Centers for Disease Control and Prevention,"HLN CONSULTING, LLC",DA01,2024-07-29,2026-07-22 00:00:00,NOT COMPETED,,IMMUNIZATION INFORMATION SERVICES IDIQ,https://www.usaspending.gov/award/CONT_AWD_75D30124F00001_7523_75D30124D19393_7523
infrastructure_ops,sole_source,1,2116347.77,Department of Veterans Affairs,"FRONTIER COMMUNICATIONS HOLDINGS, LLC",DG11,2021-09-30,2023-06-14 00:00:00,NOT COMPETED,,LEC TELECOMMUNICATIONS VOICE AND DATA SERVICES,https://www.usaspending.gov/award/CONT_AWD_36C10B21C0020_3600_-NONE-_-NONE-
other,sole_source,1,2113382.98,National Institutes of Health,"MEDIDATA SOLUTIONS, INC.",DA10,2024-06-25,2025-12-31 00:00:00,NOT COMPETED UNDER SAP,,"RENEWAL OF MEDIDATA REMOTE SOURCE REVIEW (RSR) ANNUAL SUBSCRIPTION LICENSES FOR 70 STUDIES. INCLUDES SERVICES FOR 10 NEW STUDIES BUILDS AND POST GO-LIVE SUPPORT FOR THOSE STUDIES. OPTIONS INCLUDED FOR ADDITIONAL SUBSCRIPTION LICENSES, ACTIVE STUDY SU",https://www.usaspending.gov/award/CONT_AWD_75N93024P00770_7529_-NONE-_-NONE-
scheduling_referral_community_care,sole_source,1,2070170.35,Department of Veterans Affairs,"CORE MOBILE NETWORKS, INC.",D308,2019-04-03,2024-04-07 00:00:00,NOT COMPETED,,PERIOPERATIVE SCHEDULING MANANGEMENT SUITE WITH PATIENT EDUCATION SOFTWARE,https://www.usaspending.gov/award/CONT_AWD_36C25919C0086_3600_-NONE-_-NONE-
other,sole_source,1,2059032.54,Centers for Disease Control and Prevention,MIRLOGIC SOLUTIONS CORPORATION,DA01,2021-04-05,2023-09-04 00:00:00,NOT COMPETED,,PROFESSIONAL SERVICES,https://www.usaspending.gov/award/CONT_AWD_75D30121C10555_7523_-NONE-_-NONE-
analytics_reporting,sole_source,1,2054873.0,Centers for Medicare and Medicaid Services,FEDPATH SOLUTIONS LLC,DA01,2024-08-30,2026-09-01 00:00:00,NOT AVAILABLE FOR COMPETITION,,"THE CENTERS FOR MEDICARE & MEDICAID SERVICES (CMS), CENTERS FOR PROGRAM INTEGRITY (CPI), DATA ANALYTICS AND SYSTEM GROUP (DASG), DIVISION OF INVESTIGATIVE SYSTEMS IS SEEKING DEVSECOPS SUPPORT SERVICES FOR THE CONFIGURATION, DEPLOYMENT, MAINTENANC",https://www.usaspending.gov/award/CONT_AWD_75FCMC24C0028_7530_-NONE-_-NONE-
other,sole_source,1,2052710.18,Department of Veterans Affairs,"SMARTPROCURE FEDMINE, LLC",DA10,2021-07-23,2025-01-22 00:00:00,FULL AND OPEN COMPETITION,,FEDMINE MARKET RESEARCH SOFTWARE AS A SERVICE,https://www.usaspending.gov/award/CONT_AWD_36C10B21F0237_3600_GS35F0267X_4732
other,sole_source,,2051357.24,Department of Veterans Affairs,DATA INNOVATIONS LLC,DA10,2025-10-01,2026-08-31 00:00:00,FULL AND OPEN COMPETITION,,"VANEC VISNS 1,2,4,5",https://www.usaspending.gov/award/CONT_AWD_36C24226N0135_3600_36C24225A0019_3600
infrastructure_ops,sole_source,1,2043026.22,Food and Drug Administration,VERSATECH INC,DF01,2022-09-19,2023-09-24 00:00:00,FULL AND OPEN COMPETITION AFTER EXCLUSION OF SOURCES,,FOOD APPLICATIONS REGULATORY MANAGEMENT (FARM) DEVELOPMENT MODERNIZATION AND ENHANCEMENT (DME),https://www.usaspending.gov/award/CONT_AWD_75F40122F80354_7524_75N98119D00077_7529
grants_contracts_admin,sole_source,1,2042791.64,Office of the Assistant Secretary for Administration,"STARRY ASSOCIATES, LLC",D399,2019-12-03,2020-08-25 00:00:00,FULL AND OPEN COMPETITION,,"UNIFIED FINANCIAL MANAGEMENT SYSTEM (UFMS), FINANCIAL BUSINESS INTELLIGENCE SYSTEM (FBIS) SITE SUPPORT",https://www.usaspending.gov/award/CONT_AWD_75P00120F80013_7570_GS35F0534K_4730
other,sole_source,1,2040921.6,National Institutes of Health,MALBAIE SOLUTIONS INC.,DJ01,2022-02-28,2027-02-28 00:00:00,NOT AVAILABLE FOR COMPETITION,,"NIDA INFORMATION TECHNOLOGY SECURITY SUPPORT SERVICES. MARCH 1, 2022 - FEBRUARY 28, 2023. N02DA-22-1001.",https://www.usaspending.gov/award/CONT_AWD_75N95022P00139_7529_-NONE-_-NONE-
scheduling_referral_community_care,sole_source,1,2040404.6,Department of Veterans Affairs,DATA INNOVATIONS LLC,D399,2018-01-31,2024-09-30 00:00:00,FULL AND OPEN COMPETITION,,"THIS ORDER IS BEING PLACED UNDER THE TERMS AND CONDITIONS OF A GENERAL SERVICES ADMINISTRATION (GSA) FEDERAL SUPPLY SCHEDULE (FSS) CONTRACT UNDER SCHEDULE 70, SPECIAL ITEM NUMBERS (SINS) 132-33-PERPETUAL SOFTWARE LICENSE AND 132-34-MAINTENANCE OF SOFTWARE TO PROVIDE NEW DATA INNOVATIONS (DI) INSTRUMENT MANAGER (IM) SOFTWARE LICENSES, MODULES, CONNECTIONS, AND MAINTENANCE AND RENEWAL OF DI IM MAINTENANCE FOR EXISTING LICENSES, MODULES AND CONNECTIONS IN SUPPORT OF THE DEPARTMENT OF VETERANS AFFAIRS (VA), VETERANS HEALTH ADMINISTRATION (VHA), VETERANS INTEGRATED SERVICE NETWORK (VISN) 15.",https://www.usaspending.gov/award/CONT_AWD_36C10B18F2590_3600_GS35F389DA_4732
infrastructure_ops,sole_source,,2039722.19,Health Resources and Services Administration,"SAPIENT GOVERNMENT SERVICES, INC.",DA01,2026-08-24,2027-08-31 00:00:00,FULL AND OPEN COMPETITION,,OIT- SERVICES34 C 7839 AMERICAN HEALTH INFRASTRUCTURE - UNIFORM DATA SYSTEM PATIENT-LEVEL SUBMISSION (UDS PLS) IMPLEMENTATION AND SUPPORT,https://www.usaspending.gov/award/CONT_AWD_75R60226F34008_7526_75R60226A00001_7526
other,sole_source,1,2038527.02,Defense Health Agency,ALVAREZ LLC,DE01,2023-07-25,2028-05-31 00:00:00,FULL AND OPEN COMPETITION AFTER EXCLUSION OF SOURCES,,SUPPORT MAINTENANCE SOFTWARE,https://www.usaspending.gov/award/CONT_AWD_HT001523F0127_9700_NNG15SD19B_8000
infrastructure_ops,sole_source,1,2038106.51,National Institutes of Health,ML HUNTER LP,DF10,2023-09-27,2026-02-15 00:00:00,NOT AVAILABLE FOR COMPETITION,,"C115749- CUP INDUSTRIAL CONTROL SYSTEM (ICS) NETWORK REMEDIATION- THE OBJECTIVE OF THIS PROJECT IS TO RECONFIGURE THE CUP INDUSTRIAL CONTROL SYSTEM NETWORK TO IMPROVE ITS SECURITY, RELIABILITY, PERFORMANCE, AND REDUNDANCY.",https://www.usaspending.gov/award/CONT_AWD_75N99023C00072_7529_-NONE-_-NONE-
infrastructure_ops,sole_source,1,2021689.44,Office of the Assistant Secretary for Financial Resources,"NETCOMM, INC.",DB10,2024-05-22,2029-05-24 00:00:00,FULL AND OPEN COMPETITION,,"BEACON CLOUD RENEWAL - SINGLE USER LICENSES FOR BEACON CLOUD FEDRAMP HR, BEACON CLOUD FEDRAMP FINANCE, AND ACCESS TO BOTH THE BEACON CLOUD FEDRAMP HR AND FINANCE MODULES. EACH ORDER PERIOD INCLUDES AN OPTION FOR SUBJECT MATTER EXPERTISE FOR ADDITIONA",https://www.usaspending.gov/award/CONT_AWD_75N93024F00242_7529_47QTCA24D0058_4732
other,sole_source,1,2006195.04,Department of Veterans Affairs,"PICIS CLINICAL SOLUTIONS, INC.",DA10,2021-10-29,2026-10-31 00:00:00,NOT COMPETED UNDER SAP,,PICIS CIS/ARK SERVICE MAINTENANCE AND DATABASE AGREEMENT,https://www.usaspending.gov/award/CONT_AWD_36C24222N0207_3600_36C10G21A0007_3600
other,sole_source,,2000000.0,National Institutes of Health,"TAHKOX E2 SERVICES, LLC",DF01,2026-07-15,2026-12-31 00:00:00,NOT COMPETED UNDER SAP,,"TAHKOX E2 SERVICES, LLC:1662750 [26-007815]",https://www.usaspending.gov/award/CONT_AWD_75N98026F00005_7529_75N98026D00023_7529
other,sole_source,,2000000.0,National Institutes of Health,"TAHKOX E2 SERVICES, LLC",DF01,2026-05-13,2026-08-31 00:00:00,NOT COMPETED UNDER SAP,,IT OAM SERVICES,https://www.usaspending.gov/award/CONT_AWD_75N98026F00003_7529_75N98026D00023_7529
other,sole_source,,2000000.0,National Institutes of Health,"TAHKOX E2 SERVICES, LLC",DF01,2026-04-13,2027-04-30 00:00:00,NOT COMPETED UNDER SAP,,"BIOMEDICAL TRANSLATIONAL RESEARCH INFORMATION SYSTEM (BTRIS) INTEGRATION, DEVELOPMENT, OPERATIONS, AND MAINTENANCE SUPPORT",https://www.usaspending.gov/award/CONT_AWD_75N98026F00001_7529_75N98026D00024_7529
other,sole_source,,1999992.0,National Institutes of Health,THE MITRE CORPORATION,DA01,2025-06-24,2030-06-19 00:00:00,NOT COMPETED,,"HEALTH FFRDC SMALL BUSINESS EDUCATION AND ENTREPRENEURIAL DEVELOPMENT (SEED) OFFICE SUPPORT FOR THE NATIONAL INSTITUTES OF HEALTH (NIH), OFFICE OF THE DIRECTOR (OD), OER, SEED",https://www.usaspending.gov/award/CONT_AWD_75N94025F00041_7529_75FCMC23D0004_7530
document_processing,sole_source,,1999492.48,Food and Drug Administration,AKIMA DATA MANAGEMENT LLC,DF01,2024-08-12,2026-08-31 00:00:00,NOT COMPETED UNDER SAP,,ENTERPRISE DOCUMENT AND RECORD MANAGEMENT PLATFORM (EDRMP) FOR CDRH,https://www.usaspending.gov/award/CONT_AWD_75F40124F19003_7524_75F40123D00018_7524
other,sole_source,1,1997552.0,Department of Veterans Affairs,CROSS LINK MEDIA LLC,DH10,2024-11-25,2027-05-31 00:00:00,NOT COMPETED,,VETERANS CRISIS TEXTING PLATFORM,https://www.usaspending.gov/award/CONT_AWD_36C24525C0018_3600_-NONE-_-NONE-
other,sole_source,1,1996992.4,Food and Drug Administration,VETS SYNERGETIC GROUP LLC,DA01,2024-08-02,2025-09-25 00:00:00,NOT COMPETED UNDER SAP,,"OCS SCIENTIFIC, TECHNICAL, AND STRATEGIC PROGRAM MANAGEMENT SUPPORT",https://www.usaspending.gov/award/CONT_AWD_75F40124C00093_7524_-NONE-_-NONE-
infrastructure_ops,sole_source,1,1992282.83,Department of Veterans Affairs,"VARIAN MEDICAL SYSTEMS, INC",DE01,2024-10-01,2029-09-30 00:00:00,NOT COMPETED,,"VARIAN ESSENTIAL SERVICE - TRUEBEAM LINEAR ACCELERATOR SYSTEM, IDENTIFY, CLINAC-IX SILHOUETTE, ECLIPSE AND ARIA WORKSTATIONS, VELOCITY, SOFTWARE AND EQUIPMENT. BASE YEAR",https://www.usaspending.gov/award/CONT_AWD_36C24225P0018_3600_-NONE-_-NONE-
other,sole_source,1,1989864.22,Department of Veterans Affairs,"CENSIS TECHNOLOGIES, INC.",DA10,2022-12-06,2025-12-05 00:00:00,NOT COMPETED,,CENSITRAC SOFTWARE SUBSCRIPTIONS & SUPPORT,https://www.usaspending.gov/award/CONT_AWD_36C10B23C0006_3600_-NONE-_-NONE-
infrastructure_ops,sole_source,1,1986010.59,National Institutes of Health,"AT&T ENTERPRISES, LLC",D399,2019-09-20,2021-09-22 00:00:00,FULL AND OPEN COMPETITION,,NHLBI VIRTUAL DESKTOP INFRASTRUCTURE (VDI) PILOT,https://www.usaspending.gov/award/CONT_AWD_75N92019F00074_7529_HHSN316201500003W_7529
infrastructure_ops,sole_source,1,1983560.04,Department of Veterans Affairs,"MOTOROLA SOLUTIONS, INC.",DG11,2022-10-03,2027-09-30 00:00:00,NOT COMPETED UNDER SAP,,MANAGED ZONE CORE NETWORK SERVICES,https://www.usaspending.gov/award/CONT_AWD_36C24823P0029_3600_-NONE-_-NONE-
other,sole_source,2,1977542.68,Centers for Disease Control and Prevention,"CARTER CONSULTING, INC.",D399,2016-09-25,2021-09-28 00:00:00,FULL AND OPEN COMPETITION,,IGF::OT::IGF CGH/GID IT  SUPPORT SERVICES,https://www.usaspending.gov/award/CONT_AWD_HHSD2002010372030018_7523_HHSD200201037203I_7523
grants_contracts_admin,sole_source,1,1966139.24,Centers for Medicare and Medicaid Services,"HALFAKER AND ASSOCIATES, LLC",DJ10,2021-01-14,2024-01-14 00:00:00,FULL AND OPEN COMPETITION AFTER EXCLUSION OF SOURCES,,SECURITY CONTROLS ASSESSMENT (SCA) TESTING - OFFICE OF FINANCIAL MANAGEMENT (OFM),https://www.usaspending.gov/award/CONT_AWD_75FCMC21F0013_7530_75N98119D00019_7529
other,sole_source,1,1960564.38,Office of the Assistant Secretary for Financial Resources,"OPEN TEXT PUBLIC SECTOR SOLUTIONS, INC",DB02,2023-09-14,2028-09-26 00:00:00,FULL AND OPEN COMPETITION,,PIMS OPERATION AND MAINTENANCE (O&M),https://www.usaspending.gov/award/CONT_AWD_75P00123F80191_7570_47QTCA20D00FU_4732
scheduling_referral_community_care,sole_source,1,1960158.65,Food and Drug Administration,AGILISTEK LLC,DA01,2023-09-25,2024-09-25 00:00:00,FULL AND OPEN COMPETITION AFTER EXCLUSION OF SOURCES,,FDA FOREIGN INSPECTION PLANNING AND SCHEDULING SYSTEM (FIPSS) PHASE 4,https://www.usaspending.gov/award/CONT_AWD_75F40123F80397_7524_47QTCB22D0090_4732
other,sole_source,1,1958401.38,Centers for Disease Control and Prevention,BEVERA SOLUTIONS LLC,DB10,2024-09-26,2029-09-29 00:00:00,NOT AVAILABLE FOR COMPETITION,,CDC NCEZID OAMD SYSTEM ADMIN,https://www.usaspending.gov/award/CONT_AWD_75D30124C20288_7523_-NONE-_-NONE-
other,sole_source,1,1953673.77,Office of Assistant Secretary for Preparedness and Response,"DATAMINR, INC.",DA10,2021-06-30,2024-09-24 00:00:00,NOT COMPETED,,REAL TIME DETECTION SUPPORT SERVICES,https://www.usaspending.gov/award/CONT_AWD_75A50121C00063_7505_-NONE-_-NONE-
other,sole_source,1,1950675.0,Defense Health Agency,SYMPLR SOFTWARE LLC,D317,2020-09-04,2025-09-01 00:00:00,NOT COMPETED,,MEDICAL WEB BASED SUBSCRIPTION SERVICE,https://www.usaspending.gov/award/CONT_AWD_HT001520C0009_9700_-NONE-_-NONE-
infrastructure_ops,sole_source,1,1950000.0,Department of Veterans Affairs,"HEALTHEWAY, INC.",DG01,2024-05-08,2027-05-07 00:00:00,NOT COMPETED,,EHEALTH NETWORK,https://www.usaspending.gov/award/CONT_AWD_36C10A24C0002_3600_-NONE-_-NONE-
other,sole_source,1,1944873.73,Office of the Assistant Secretary for Financial Resources,ITSTACKEDGE LLC,DA01,2025-09-18,2027-09-19 00:00:00,NOT COMPETED,,SITE SELECTION TOOL (SST) PLATFORM O&M SUPPORT,https://www.usaspending.gov/award/CONT_AWD_75F40125C00086_7524_-NONE-_-NONE-
other,sole_source,1,1940693.0,Food and Drug Administration,EXPONENT INC,DF01,2021-08-26,2027-09-29 00:00:00,NOT COMPETED,,FARE-NET,https://www.usaspending.gov/award/CONT_AWD_75F40121C00094_7524_-NONE-_-NONE-
other,sole_source,1,1930671.6,Department of Veterans Affairs,"CENSIS TECHNOLOGIES, INC.",DF10,2024-06-27,2029-06-30 00:00:00,FULL AND OPEN COMPETITION,,CENSITRAC SUPPORT AND MAINTENANCE,https://www.usaspending.gov/award/CONT_AWD_36C25924F0393_3600_GS35F0462X_4732
other,sole_source,,1919403.52,Food and Drug Administration,VERSATECH/IMPYRIAN TECHNOLOGY NETWORK LLC,DA01,2023-08-24,2028-08-24 00:00:00,NOT AVAILABLE FOR COMPETITION,,CFSAN AV SUPPORT AND MAINTENANCE,https://www.usaspending.gov/award/CONT_AWD_75F40123F19002_7524_75F40122D00024_7524
other,sole_source,1,1912039.0,Office of the Assistant Secretary for Financial Resources,DAS FEDERAL LLC,DF10,2025-07-16,2028-07-20 00:00:00,FULL AND OPEN COMPETITION AFTER EXCLUSION OF SOURCES,,IT AUTOMATION SUPPORT SERVICES,https://www.usaspending.gov/award/CONT_AWD_75F40125F80121_7524_47QTCB22D0238_4732
call_center_contact,sole_source,1,1910558.52,Centers for Disease Control and Prevention,INDEX ANALYTICS LLC,DF01,2022-05-04,2024-05-03 00:00:00,NOT AVAILABLE FOR COMPETITION,,PRIME HELP DESK SUPPORT SERVICES,https://www.usaspending.gov/award/CONT_AWD_75D30122C13449_7523_-NONE-_-NONE-
clinical_it_ehr,sole_source,1,1909332.0,Department of Veterans Affairs,CLINICOMP INTERNATIONAL INC,DA10,2025-12-09,2026-12-08 00:00:00,NOT COMPETED UNDER SAP,,CLINICOMP CIS EHR SERVICE,https://www.usaspending.gov/award/CONT_AWD_36C25726N0145_3600_36C10G21A0002_3600
other,sole_source,1,1905947.46,Department of Veterans Affairs,"PLAN 4 HEALTHCARE, LLC",DA10,2021-10-14,2024-10-20 00:00:00,NOT COMPETED,,PLAN4HEATHCARE 4CAST SOFTWARE AND SUPPORT,https://www.usaspending.gov/award/CONT_AWD_36C10B22C0005_3600_-NONE-_-NONE-
other,sole_source,,1888080.55,Food and Drug Administration,VERSATECH/IMPYRIAN TECHNOLOGY NETWORK LLC,DA01,2025-09-30,2026-09-29 00:00:00,NOT AVAILABLE FOR COMPETITION,,AUDIO VISUAL (AV) TECHNICAL REFRESH FOR THE FDA EMERGENCY OPERATIONS CENTER (EOC),https://www.usaspending.gov/award/CONT_AWD_75F40125F19019_7524_75F40122D00024_7524
other,sole_source,1,1875600.0,Department of Veterans Affairs,LEXICON ENTERPRISES,DG11,2021-03-01,2027-03-14 00:00:00,NOT COMPETED UNDER SAP,,ONSITE SUPPORT,https://www.usaspending.gov/award/CONT_AWD_36C26221C0057_3600_-NONE-_-NONE-
other,sole_source,1,1875000.0,Department of Veterans Affairs,CLINICAL ARCHITECTURE LLC,DA10,2022-08-31,2025-08-31 00:00:00,NOT COMPETED,,36C10B22C0033,https://www.usaspending.gov/award/CONT_AWD_36C10B22C0033_3600_-NONE-_-NONE-
other,sole_source,1,1871368.55,Centers for Medicare and Medicaid Services,KOTECH DIGITAL LLC,DA01,2023-08-11,2028-08-23 00:00:00,NOT AVAILABLE FOR COMPETITION,,"NATIONAL TRAINING PROGRAM (NTP) LEARNING MANAGEMENT SYSTEM  (LMS), CONTENT MANAGEMENT SYSTEM, MAINTENANCE AND  SUPPORT",https://www.usaspending.gov/award/CONT_AWD_75FCMC23C0036_7530_-NONE-_-NONE-
other,sole_source,1,1845651.22,Food and Drug Administration,ARLLUK TECHNOLOGY SOLUTIONS LLC,DA01,2023-09-27,2025-03-29 00:00:00,FULL AND OPEN COMPETITION AFTER EXCLUSION OF SOURCES,,THE PURPOSE OF THIS CONTRACT IS TO BRIDGE EDISCOVERY OPERATIONS SUPPORT TO A NEW CONTRACT OVER A TWO-MONTH TRANSITION PERIOD AND TO BRIDGE EDISCOVERY IT SERVICES TO A NEW CONTRACT OVER A 12-MONTH PERIOD.  SUPPORT FOR FDA?S EDISCOVERY IT SERVICES IS T,https://www.usaspending.gov/award/CONT_AWD_75F40123F80406_7524_47QTCB22D0302_4732
other,sole_source,1,1840471.0,Centers for Disease Control and Prevention,HAMILTON COMPANY,DD01,2024-08-07,2029-06-30 00:00:00,NOT COMPETED,,MAINTENANCE AND SERVICE AGREEMENT,https://www.usaspending.gov/award/CONT_AWD_75D30124C19578_7523_-NONE-_-NONE-
other,sole_source,1,1837586.56,Office of the Assistant Secretary for Financial Resources,"KONIAG SERVICES, INC.",DA01,2026-09-21,2030-09-21 00:00:00,FULL AND OPEN COMPETITION,,EARLY EDUCATION PATHWAYS LEARNING MANAGEMENT SYSTEM,https://www.usaspending.gov/award/CONT_AWD_7571TE26F80313_7571_GS35F348DA_4732
other,sole_source,1,1831633.72,Office of the Assistant Secretary for Financial Resources,GL CONTRACTING LLC,DA10,2023-09-30,2028-09-29 00:00:00,NOT AVAILABLE FOR COMPETITION,,THE PURPOSE OF CONTRACT 75ACF123C00022 IS TO PROCURE AND RENEW ZENDESK PROFESSIONAL SOFTWARE LICENSES.,https://www.usaspending.gov/award/CONT_AWD_75ACF123C00022_7590_-NONE-_-NONE-
credentialing_provider_data,sole_source,1,1826964.32,Indian Health Service,INTELLIPEAK SOLUTIONS INC,D308,2019-03-29,2021-09-30 00:00:00,NOT COMPETED UNDER SAP,,NPIRS - CLINICAL DATA MART OPERATIONS&MAINTENANCE,https://www.usaspending.gov/award/CONT_AWD_75H70419P00030_7527_-NONE-_-NONE-
analytics_reporting,sole_source,1,1826611.2,Centers for Medicare and Medicaid Services,EXPLORE DIGITS INC,DA01,2024-08-20,2027-08-20 00:00:00,NOT AVAILABLE FOR COMPETITION,,"THE INTENT OF THIS CONTRACT IS TO PROVIDE PROGRAMMING AND HOSTING SUPPORT FOR THE ANALYTICAL WORK OF THE QSOG THROUGH THE QCOR WEBSITE. THIS EFFORT IS DESIGNED TO MAINTAIN THE QCOR WEBSITE IN AN OPERATIONAL STATE, REFRESH THE WEBSITE ON A WEEKLY BASI",https://www.usaspending.gov/award/CONT_AWD_75FCMC24CJ001_7530_-NONE-_-NONE-
other,sole_source,1,1822712.07,Centers for Medicare and Medicaid Services,"NEWWAVE TELECOM AND TECHNOLOGIES, INC.",DA01,2023-11-17,2024-04-30 00:00:00,FULL AND OPEN COMPETITION,,"BASE MONTH, WITH THREE (3) OPTIONAL MONTHS.",https://www.usaspending.gov/award/CONT_AWD_75FCMC24F0010_7530_HHSM500201600069I_7530
other,sole_source,1,1816234.93,National Institutes of Health,"LUMEN TECHNOLOGIES GOVERNMENT SOLUTIONS, INC",DC10,2025-04-02,2028-01-31 00:00:00,FULL AND OPEN COMPETITION,,PROFESSIONAL SUPPORT AND PROVISION OF THE NIH CONSOLIDATED COLOCATION SITE (NCCS),https://www.usaspending.gov/award/CONT_AWD_75N97025F00034_7529_47QTCA20D0077_4732
grants_contracts_admin,sole_source,1,1815000.0,Centers for Medicare and Medicaid Services,HUMANIT SOLUTIONS LLC,DA01,2023-03-31,2023-10-26 00:00:00,FULL AND OPEN COMPETITION,,THE CMS OFFICE OF ACQUISITION AND GRANTS MANAGEMENT (OAGM) IS THE CONTRACTING ORGANIZATION FOR CMS. THE CONTRACTING ORGANIZATION NEEDS TO IMPROVE ITS TIMELINESS AND TRANSPARENCY TO MEET THE DEMAND FOR CONTRACT THROUGHPUT AND PROCUREMENT MANAGEMENT AC,https://www.usaspending.gov/award/CONT_AWD_75FCMC23F0039_7530_47QTCA18D001B_4732
infrastructure_ops,sole_source,1,1801278.72,Centers for Medicare and Medicaid Services,EMAGINE IT INC,DJ01,2025-10-31,2026-02-28 00:00:00,FULL AND OPEN COMPETITION,,CONTINUATION OF CYBERSECURITY & RISK ASSESSMENT PROGRAM (CSRAP) SERVICES. THE PURPOSE IS TO PROVIDE CONTINUOUS SECURITY TESTING AND ASSESSMENT TO ASSIST THE INFORMATION SECURITY & PRIVACY GROUP (ISPG) IN PROVIDING SECURITY ASSESSMENTS FOR APPROXIMATE,https://www.usaspending.gov/award/CONT_AWD_75FCMC26F0015_7530_HHSM500201600027I_7530
analytics_reporting,sole_source,1,1791665.89,Food and Drug Administration,SIEMENS GOVERNMENT TECHNOLOGIES INC,DA01,2021-06-29,2024-10-31 00:00:00,NOT COMPETED,,MODELING SIMULATION AND DEMONSTRATION CAPABILITIES TO FACILITATE EVALUATION OF SMART DESIGN AND MANUFACTURING PROCESSES FOR SHORTAGE MITIGATION AND SUPPLY CHAIN RESILIENCE,https://www.usaspending.gov/award/CONT_AWD_75F40121P00294_7524_-NONE-_-NONE-
other,sole_source,1,1790456.56,Centers for Medicare and Medicaid Services,TISTA SCIENCE AND TECHNOLOGY CORPORATION,DA01,2025-03-25,2025-05-22 00:00:00,FULL AND OPEN COMPETITION,,"MARKETPLACE TESTING SUPPORT, INDEPENDENT SYSTEMS ACCEPTANCE AND VERIFICATION FOR THE EXCHANGE (ISAVE)",https://www.usaspending.gov/award/CONT_AWD_75FCMC25FJ038_7530_HHSM500201600060I_7530
other,sole_source,1,1788155.0,Department of Veterans Affairs,EVEN HEALTH LLC,DA01,2025-04-30,2027-04-30 00:00:00,NOT COMPETED,,ANONYMOUS PEER GROUP SUPPORT SERVICES,https://www.usaspending.gov/award/CONT_AWD_36C10X25C0022_3600_-NONE-_-NONE-
portal_web,sole_source,1,1784079.67,Office of the Assistant Secretary for Administration,SKYLIGHT INC.,D308,2020-03-19,2021-03-16 00:00:00,FULL AND OPEN COMPETITION,,WEBSITE DEVELOPMENT SUPPORT SERVICES FOR COVID-19 NATIONAL TELEHEALTH EFFORTS. SUPPORTS THE EFFORTS TO DEVELOP A COVID-19 WEBSITE FOR PUBLIC USE THROUGHOUT THE UNITED STATES.,https://www.usaspending.gov/award/CONT_AWD_75P00120F80119_7570_47QTCA18D00D0_4732
other,sole_source,1,1764148.0,Health Resources and Services Administration,JEFF MURRAYS PROGRAMMING SHOP INC,DA01,2026-03-18,2027-03-22 00:00:00,NOT COMPETED,,HAB86 C 7323. CAREWARE SUPPORT.,https://www.usaspending.gov/award/CONT_AWD_75R60226P00003_7526_-NONE-_-NONE-
portal_web,sole_source,1,1763077.87,Food and Drug Administration,SARA SOFTWARE SYSTEMS LLC,DA01,2023-05-03,2026-04-20 00:00:00,FULL AND OPEN COMPETITION,,SHAREPOINT ONLINE SUPPLEMENTAL SUPPORT AND DEVELOPMENT SERVICES,https://www.usaspending.gov/award/CONT_AWD_75F40123F80109_7524_47QTCA18D00D6_4732
call_center_contact,sole_source,1,1762147.94,Defense Health Agency,"MPF FEDERAL, LLC",D301,2016-09-27,2020-04-30 00:00:00,NOT AVAILABLE FOR COMPETITION,,"IGF::OT::IGF SPECIAL PROGRAM MANAGER, HELP DESK MANAGER, DESKTOP TECHNICIAN SUPPORT TO INFORMATION MANAGEMENT DIVISION",https://www.usaspending.gov/award/CONT_AWD_HT001416P1488_9700_-NONE-_-NONE-
other,sole_source,1,1759527.82,Defense Health Agency,BLUE IRIS TECH CONSULTING INC,DA10,2022-06-13,2024-06-12 00:00:00,NOT COMPETED UNDER SAP,,DEFENSE MEDICAL ACCESSION COMPUTING SYSTEM SUSTAINMENT SUPPORT,https://www.usaspending.gov/award/CONT_AWD_HT001122C0018_9700_-NONE-_-NONE-
other,sole_source,1,1749392.16,Department of Veterans Affairs,"CENSIS TECHNOLOGIES, INC.",DA01,2024-10-01,2027-09-30 00:00:00,NOT COMPETED,,CENSITRAC INSTRUMENT TRACKING V16 SUSTAINMENT,https://www.usaspending.gov/award/CONT_AWD_36C10B25C0001_3600_-NONE-_-NONE-
claims_payment_integrity,sole_source,1,1742628.48,Department of Veterans Affairs,"INSIGNIA TECHNOLOGY SERVICES, LLC",DA01,2024-09-19,2026-09-27 00:00:00,NOT AVAILABLE FOR COMPETITION,,NETWORK BASED KEY RECOVERY STORAGE SOLUTION NBEKRSS,https://www.usaspending.gov/award/CONT_AWD_36C10A24C0009_3600_-NONE-_-NONE-
scheduling_referral_community_care,sole_source,1,1736155.01,Office of the Assistant Secretary for Administration,"FEDRESULTS, INC.",D399,2020-06-05,2024-09-30 00:00:00,FULL AND OPEN COMPETITION,,"THIS IS A FIRM-FIXED PRICE TASK ORDER FOR DIGITAL SUBSCRIPTION MANAGEMENT SERVICES UNDER GSA SCHEDULE 47QTCA20D0019.  CONTRACTING OFFICER: FOR ANY QUESTIONS REGARDING THIS CONTRACT PLEASE CONTACT THE CONTRACTING OFFICER, DAVID MORGAN AT 301-492-465",https://www.usaspending.gov/award/CONT_AWD_75P00120F80134_7570_47QTCA20D0019_4732
credentialing_provider_data,sole_source,1,1735616.16,Department of Veterans Affairs,"DECISIVE POINT CONSULTING GROUP, LLC",DA01,2026-03-06,2026-11-07 00:00:00,FULL AND OPEN COMPETITION,,PRIVILEGED ACCESS MANAGEMENT SOLUTION SUPPORT,https://www.usaspending.gov/award/CONT_AWD_36C10B26F0086_3600_47QTCA21D001X_4732
other,sole_source,1,1735272.86,Centers for Disease Control and Prevention,BOOZ ALLEN HAMILTON INC,D399,2020-08-25,2021-08-25 00:00:00,FULL AND OPEN COMPETITION,,INTERNATIONAL REAGENT RESOURCE (IRR) SUPPORT FOR COVID-19 RESPONSE,https://www.usaspending.gov/award/CONT_AWD_75D30120F09333_7523_47QTCK18D0004_4732
other,sole_source,,1724054.65,National Institutes of Health,"22ND CENTURY TECHNOLOGIES, INC.",D308,2020-07-30,2025-08-01 00:00:00,NOT COMPETED,,NCCIH SHAREPOINT MAINTENANCE AND SECURITY PROCESS,https://www.usaspending.gov/award/CONT_AWD_75N91020F00002_7529_HHSN261201600002I_7529
other,sole_source,1,1716928.03,Department of Veterans Affairs,"SUPRAVISTA MEDICAL DSS, LLC",DH10,2024-10-30,2027-10-30 00:00:00,NOT COMPETED,,VISN 8 BRILLIANS,https://www.usaspending.gov/award/CONT_AWD_36C10B25C0005_3600_-NONE-_-NONE-
other,sole_source,1,1709956.91,Office of Assistant Secretary for Preparedness and Response,"TRIPOINT SOLUTIONS, LLC",DF01,2024-09-30,2025-09-29 00:00:00,NOT AVAILABLE FOR COMPETITION,,"THE SCOPE OF THIS PROJECT ENTAILS THE PROVISION OF CONTRACTOR EXPERTISE, RESOURCES, LICENSING, AND SUPERVISION TO ORCHESTRATE THE IMPLEMENTATION AND INTEGRATION OF SPLUNK, UNDERPINNED BY THE ZERO TRUST SECURITY FRAMEWORK.",https://www.usaspending.gov/award/CONT_AWD_75A50224C00013_7505_-NONE-_-NONE-
credentialing_provider_data,sole_source,1,1706812.14,Centers for Disease Control and Prevention,"IQ SOLUTIONS, INC.",D322,2020-06-22,2021-06-22 00:00:00,NOT COMPETED,,DOMAIN 1 NPIN BRIDGE CONTRACT,https://www.usaspending.gov/award/CONT_AWD_75D30120C08406_7523_-NONE-_-NONE-
portal_web,sole_source,1,1701504.36,Centers for Medicare and Medicaid Services,VENTECH SOLUTIONS INC,DA01,2021-09-15,2023-09-29 00:00:00,FULL AND OPEN COMPETITION,,"THE FUNDAMENTAL SCOPE OF THIS SOLE-SOURCE CONTRACT IS TO PROVIDE A COMMERCIAL, STREAMLINED PROCESS TO SUPPORT CMS QUALITY-RELATED INITIATIVES WITH SERVICENOW NEEDS. THIS INCLUDES BUT IS NOT LIMITED TO AGILE DELIVERY SERVICES SUCH AS UX DESIGN, BUSINE",https://www.usaspending.gov/award/CONT_AWD_75FCMC21F0001_7530_HHSM500201600071I_7530
other,sole_source,1,1685717.84,National Institutes of Health,"LUMEN TECHNOLOGIES GOVERNMENT SOLUTIONS, INC",DA01,2024-04-24,2028-12-30 00:00:00,FULL AND OPEN COMPETITION,,SERVICES,https://www.usaspending.gov/award/CONT_AWD_75N97024F00039_7529_47QTCA20D0077_4732
infrastructure_ops,sole_source,1,1672728.91,Centers for Medicare and Medicaid Services,"CORESPHERE, LLC",D399,2019-07-17,2023-07-19 00:00:00,FULL AND OPEN COMPETITION AFTER EXCLUSION OF SOURCES,,IT AND TELECOM- OTHER IT AND TELECOMMUNICATIONS,https://www.usaspending.gov/award/CONT_AWD_75FCMC19F0067_7530_GS06F1045Z_4732
other,sole_source,1,1667222.05,Centers for Medicare and Medicaid Services,3M COMPANY,D399,2017-08-14,2022-08-13 00:00:00,NOT COMPETED UNDER SAP,,IGF::OT::IGF 3M CODEFINDER SOFTWARE LICENSES,https://www.usaspending.gov/award/CONT_AWD_HHSM500201700041C_7530_-NONE-_-NONE-
other,sole_source,1,1654291.08,Office of the Assistant Secretary for Financial Resources,"AKIMA SECURE TECHNOLOGIES, LLC",DF01,2025-09-23,2028-09-28 00:00:00,NOT COMPETED,,CENTER FOR VETERINARY MEDICINE OPERATIONS & MAINTENANCE SURGE SUPPORT,https://www.usaspending.gov/award/CONT_AWD_75F40125C00094_7524_-NONE-_-NONE-
other,sole_source,1,1639206.64,Centers for Disease Control and Prevention,METAS SOLUTIONS LLC,DA10,2026-01-28,2027-01-29 00:00:00,NOT COMPETED UNDER SAP,,"NCHS DVS ENHANCEMENT, DEVELOPMENT, MAINTENANCE, AND INTEROPERABILITY OF NVSS, NDI AND FHIR SUB-SYSTEM SERVICES",https://www.usaspending.gov/award/CONT_AWD_75D30126P20802_7523_-NONE-_-NONE-
other,sole_source,1,1630252.74,Office of the Assistant Secretary for Administration,INTELLIZANT LLC,D399,2019-11-18,2021-02-25 00:00:00,FULL AND OPEN COMPETITION,,DEBT MANAGEMENT AND COLLECTION SYSTEM OPERATIONS AND MAINTENANCE,https://www.usaspending.gov/award/CONT_AWD_75P00120F80008_7570_GS35F450BA_4732
registry_surveillance,sole_source,1,1629820.0,Centers for Disease Control and Prevention,"BIOSPATIAL, INC.",DH10,2024-04-11,2027-04-10 00:00:00,NOT COMPETED,,EMS DATA PROJECT FOR INJURY SURVEILLANCE IN STATES THROUGHOUT THE UNITED STATES,https://www.usaspending.gov/award/CONT_AWD_75D30124P18494_7523_-NONE-_-NONE-
other,sole_source,1,1625600.0,Defense Health Agency,DATIX (USA) INC.,DA10,2023-09-19,2027-09-01 00:00:00,NOT COMPETED,,ONESOURCE SUBSCRIPTION,https://www.usaspending.gov/award/CONT_AWD_HT001523C0008_9700_-NONE-_-NONE-
portal_web,sole_source,1,1622474.93,Centers for Medicare and Medicaid Services,SEMANTICBITS LLC,DA01,2022-03-24,2023-01-29 00:00:00,FULL AND OPEN COMPETITION,,THE SERVICES REQUESTED ARE FOR AGILE DEVELOPMENT/AGILE SOFTWARE DEVELOPMENT. THE DATA EXCHANGE SYSTEM WAS DEVELOPED TO ALLOW CMS TO SHARE MEDICAID TERMINATIONS ACROSS ALL STATE MEDICAID AGENCIES. PROJECT NUMBER 02981 PROJECT TITLE: THE DATA EXCHANG,https://www.usaspending.gov/award/CONT_AWD_75FCMC22F0035_7530_GS35F192BA_4732
portal_web,sole_source,1,1621113.5,Centers for Medicare and Medicaid Services,INNOSOFT CORPORATION,DA01,2022-02-01,2024-01-31 00:00:00,FULL AND OPEN COMPETITION,,"THE OBJECTIVE OF THIS PROCUREMENT IS TO OBTAIN WEB DEVELOPMENT SUPPORT IN ORDER TO MODERNIZE AND ENHANCE THE CURRENT WEBSITES MAINTAINED BY CMCS.  THIS MODERNIZATION SUPPORT, IN COORDINATION AND COLLABORATION WITH OTHER RELEVANT CONTRACT SUPPORT, WIL",https://www.usaspending.gov/award/CONT_AWD_75FCMC22F0001_7530_HHSM500201700028I_7530
infrastructure_ops,sole_source,1,1616425.83,Defense Health Agency,"TECHNOLOGY, AUTOMATION & MANAGEMENT, INC.",DC01,2023-09-07,2024-09-08 00:00:00,FULL AND OPEN COMPETITION,,LOCAL AREA NETWORK/WIRELESS LOCAL AREA NETWORK UPGRADE AND MODERNIZATION TECHNICAL SERVICES,https://www.usaspending.gov/award/CONT_AWD_HT001123F0068_9700_GS35F058DA_4732
other,sole_source,1,1615433.55,Office of the Assistant Secretary for Administration,INTELLIZANT LLC,D399,2019-11-18,2021-02-25 00:00:00,FULL AND OPEN COMPETITION,,PSC'S REVENUE INVOICING AND COST ESTIMATION SYSTEM (PRICES) SUPPORT,https://www.usaspending.gov/award/CONT_AWD_75P00120F80009_7570_GS35F450BA_4732
other,sole_source,1,1612003.01,Food and Drug Administration,INTERNATIONAL BUSINESS MACHINES CORPORATION,DA01,2025-09-16,2027-03-15 00:00:00,FULL AND OPEN COMPETITION,,OCS ANALYSIS STUDIO AND TOOLBOX SUPPORT,https://www.usaspending.gov/award/CONT_AWD_75F40125F80194_7524_47QTCK18D0014_4732
other,sole_source,1,1607321.35,Defense Health Agency,"UPTODATE, INC",DA10,2024-11-20,2025-05-31 00:00:00,NOT COMPETED UNDER SAP,,POINT OF CARE RESOURCE TOOL - UPTODATE,https://www.usaspending.gov/award/CONT_AWD_HT001125C0058_9700_-NONE-_-NONE-
other,sole_source,1,1603925.76,National Institutes of Health,TRIPLE POINT SECURITY INC,DA01,2023-08-21,2025-08-22 00:00:00,FULL AND OPEN COMPETITION AFTER EXCLUSION OF SOURCES,,PROFESSIONAL SUPPORT SERVICES,https://www.usaspending.gov/award/CONT_AWD_75N97023F00001_7529_75N98119D00035_7529
portal_web,sole_source,1,1589533.83,Centers for Medicare and Medicaid Services,GROUNDSWELL CORPORATION,D308,2020-05-13,2021-05-12 00:00:00,FULL AND OPEN COMPETITION,,CMS ACQUISITION LIFECYCLE MODERNIZATION (CALM),https://www.usaspending.gov/award/CONT_AWD_75FCMC20F0001_7530_HHSM500201600066I_7530
other,sole_source,1,1574699.6,Defense Health Agency,FOUR LLC,DA10,2024-06-11,2025-06-29 00:00:00,FULL AND OPEN COMPETITION,,INTERNATIONAL BUSINESS MACHINES CORPORATION (IBM) TOKENS AND TASKTOP,https://www.usaspending.gov/award/CONT_AWD_HT003824F0014_9700_GS35F0312U_4730
other,sole_source,1,1568127.64,Defense Health Agency,RWD CONSULTING LLC,DG01,2024-05-21,2027-05-31 00:00:00,NOT COMPETED UNDER SAP,,INFORMATION TECHNOLOGY SERVICES,https://www.usaspending.gov/award/CONT_AWD_HT001424C0009_9700_-NONE-_-NONE-
other,sole_source,1,1566247.05,Centers for Disease Control and Prevention,"CHENEGA ENTERPRISE SYSTEMS & SOLUTIONS, LLC",D304,2020-08-27,2023-08-31 00:00:00,NOT COMPETED,,IT COMMUNICATION SERVICE,https://www.usaspending.gov/award/CONT_AWD_75D30120C09108_7523_-NONE-_-NONE-
other,sole_source,1,1563914.32,Food and Drug Administration,"ECS FEDERAL, LLC",DE01,2022-09-15,2023-06-19 00:00:00,FULL AND OPEN COMPETITION,,EMAIL AS A SERVICE BRIDGE TASK ORDER,https://www.usaspending.gov/award/CONT_AWD_75F40122F80377_7524_GS00F072CA_4732
other,sole_source,1,1563315.84,Defense Health Agency,INNOVATUS TECHNOLOGY CONSULTING,DA01,2025-02-07,2030-02-08 00:00:00,NOT COMPETED UNDER SAP,,"PORTS, PROTOCOLS SERVICES MANAGEMENT AUTOMATION, SIPHON SUPPORT",https://www.usaspending.gov/award/CONT_AWD_HT001125C0062_9700_-NONE-_-NONE-
grants_contracts_admin,sole_source,1,1555440.72,Office of the Assistant Secretary for Financial Resources,SGC23 JOINT VENTURE LLC,DF01,2024-09-20,2029-09-23 00:00:00,FULL AND OPEN COMPETITION AFTER EXCLUSION OF SOURCES,,FINANCIAL MANAGEMENT SUPPORT FOR CLOUD COMPUTING SERVICES,https://www.usaspending.gov/award/CONT_AWD_75N97024F00096_7529_47QTCB22D0671_4732
infrastructure_ops,sole_source,1,1555321.65,Defense Health Agency,INTERNATIONAL BUSINESS MACHINES CORPORATION,DF01,2024-11-06,2025-07-07 00:00:00,FULL AND OPEN COMPETITION,,"SUSTAINMENT TO MAINTAIN, ENSURE CONTINUITY AND DECOMISSION OF LIFECYLE MANAGEMENT TOOLS (LMT) HOSTING SUPPORT TO THE PROGRAM EXECUTIVE OFFICE DEFENSE HEALTHCARE MANAGEMENT SYSTEM (PEO DHMS).",https://www.usaspending.gov/award/CONT_AWD_HT003825F0002_9700_47QTCK18D0014_4732
infrastructure_ops,sole_source,1,1555291.35,Department of Veterans Affairs,DATA INNOVATIONS LLC,DH10,2025-10-01,2030-09-30 00:00:00,NOT COMPETED,,UNIVERSAL LABORATORY INTERFACE MAINTENANCE - DATA INNOVATIONS INSTRUMENT MANAGEMENT VISN 12,https://www.usaspending.gov/award/CONT_AWD_36C25226P0010_3600_-NONE-_-NONE-
other,sole_source,,1544544.0,Office of Assistant Secretary for Preparedness and Response,"COPPER RIVER CYBER SOLUTIONS, LLC",DA01,2024-09-26,2025-09-29 00:00:00,NOT AVAILABLE FOR COMPETITION,,ASPR'S UNIFIED TECHNOLOGY SERVICES AND SUPPORT (UTSS),https://www.usaspending.gov/award/CONT_AWD_75A50224F62020_7505_75A50121D00005_7505
other,sole_source,1,1530862.21,National Institutes of Health,DIGITAL VIDEO GROUP INC,DA01,2022-09-28,2024-09-30 00:00:00,FULL AND OPEN COMPETITION,,LISTER HILL CENTER AUDIOVISUAL RENOVATION,https://www.usaspending.gov/award/CONT_AWD_75N97022F00086_7529_GS03F0141W_4730
other,sole_source,1,1527405.2,Department of Veterans Affairs,ALPHA OMEGA GROUP LLC,DA01,2024-05-28,2029-05-29 00:00:00,NOT AVAILABLE FOR COMPETITION,,CLINICIAN-ADMINISTERED PTSD SCALE FOR DSM-5 TRAINING CURRICULUM,https://www.usaspending.gov/award/CONT_AWD_36C10G24C0006_3600_-NONE-_-NONE-
analytics_reporting,sole_source,1,1524211.0,Centers for Disease Control and Prevention,TALUS ANALYTICS LLC,D399,2020-07-15,2021-07-14 00:00:00,NOT COMPETED,,HEALTHCARE SYSTEMS VISIBILITY AND MONITORING SEASONAL INFLUENZA VACCINATIONS DASHBOARDS,https://www.usaspending.gov/award/CONT_AWD_75D30120C08585_7523_-NONE-_-NONE-
other,sole_source,,1522759.56,Defense Health Agency,"GLOBAL CONNECTIONS TO EMPLOYMENT, INC.",D307,2020-03-05,2024-08-13 00:00:00,NOT AVAILABLE FOR COMPETITION,,THE PURPOSE OF THIS CONTRACT IS TO PROVIDE PROGRAM MANAGEMENT AND PROFESSIONAL SUPPORT SERVICES AND TECHNICAL EXPERTISE IN DIRECT SUPPORT OF MHS GENESIS TO ENSURE SUCCESSFUL DEPLOYMENT.,https://www.usaspending.gov/award/CONT_AWD_HT001120F0017_9700_HT001119D0003_9700
other,sole_source,1,1514990.52,Department of Veterans Affairs,"SUPRAVISTA MEDICAL DSS, LLC",DA10,2022-12-09,2025-12-08 00:00:00,NOT COMPETED,,BRILLIANS SOFTWARE LICENSE,https://www.usaspending.gov/award/CONT_AWD_36C10B23C0007_3600_-NONE-_-NONE-
other,sole_source,1,1507138.24,Department of Veterans Affairs,AGILERANK LLC,DA01,2026-06-22,2027-08-31 00:00:00,NOT COMPETED UNDER SAP,,RTLS SUSTAINMENT,https://www.usaspending.gov/award/CONT_AWD_36C24126N0618_3600_36C24125A0104_3600
other,sole_source,1,1505556.0,Department of Veterans Affairs,CLINICOMP INTERNATIONAL INC,DF10,2024-12-26,2025-12-26 00:00:00,NOT COMPETED UNDER SAP,,BPA ORDER FOR THE MAINTENANCE OF THE CLINICOMP CIS FOR THE VA MEDICAL CENTERS OF VISN 9.,https://www.usaspending.gov/award/CONT_AWD_36C24925N0292_3600_36C10G21A0002_3600
other,sole_source,,1499967.0,Food and Drug Administration,AKIMA DATA MANAGEMENT LLC,DF01,2024-04-18,2028-07-17 00:00:00,NOT COMPETED UNDER SAP,,FDA ENTERPRISE DEVSECOPS PLATFORM SUPPORT SERVICES,https://www.usaspending.gov/award/CONT_AWD_75F40124F19002_7524_75F40123D00018_7524
other,sole_source,,1499958.0,Food and Drug Administration,AKIMA DATA MANAGEMENT LLC,DF01,2026-04-13,2029-04-21 00:00:00,NOT COMPETED UNDER SAP,,DEVSECOPS PLATFORM SUPPORT SERVICES,https://www.usaspending.gov/award/CONT_AWD_75F40126F19005_7524_75F40123D00018_7524
other,sole_source,,1499958.0,Food and Drug Administration,AKIMA DATA MANAGEMENT LLC,DF01,2025-04-16,2026-04-21 00:00:00,NOT COMPETED UNDER SAP,,DEVSECOPS PLATFORM SUPPORT SERVICES,https://www.usaspending.gov/award/CONT_AWD_75F40125F19004_7524_75F40123D00018_7524
other,sole_source,1,1499026.78,Office of the Assistant Secretary for Financial Resources,"MEDIDATA SOLUTIONS, INC.",DA10,2025-12-31,2026-12-31 00:00:00,NOT COMPETED,,RENEWAL OF MEDIDATA REMOTE SOURCE REVIEW SOFTWARE-AS-A-SERVICE FOR ELECTRONIC MONITORING OF CLINICAL STUDIES.  PERIOD OF PERFORMANCE 1/1/2026 TO 6/30/2026 (AMBIS#2277939).,https://www.usaspending.gov/award/CONT_AWD_75N93026P00007_7529_-NONE-_-NONE-
other,sole_source,1,1495648.6,Department of Veterans Affairs,CLINICAL ARCHITECTURE LLC,DA10,2025-04-10,2030-04-10 00:00:00,NOT COMPETED,,CLINICAL TERMINOLOGY AND MANAGEMENT,https://www.usaspending.gov/award/CONT_AWD_36C10G25C0003_3600_-NONE-_-NONE-
other,sole_source,1,1493495.72,Defense Health Agency,"FRONTIER STRATEGIES, LLC",DF01,2024-08-27,2027-08-31 00:00:00,NOT COMPETED UNDER SAP,,INFORMATION TECHNOLOGY MANAGEMENT SUPPORT SERVICES,https://www.usaspending.gov/award/CONT_AWD_HT941024P0222_9700_-NONE-_-NONE-
other,sole_source,1,1490174.8,Indian Health Service,"ORACLE AMERICA, INC",DF01,2025-09-15,2027-09-21 00:00:00,NOT COMPETED,,ORACLE SUPPORT SERVICES FOR NSSC ERP SYSTEM,https://www.usaspending.gov/award/CONT_AWD_75H71125C00011_7527_-NONE-_-NONE-
infrastructure_ops,sole_source,1,1489666.64,Office of the Assistant Secretary for Financial Resources,"NETCOMM, INC.",DA10,2024-07-16,2029-09-25 00:00:00,FULL AND OPEN COMPETITION,,"PROCUREMENT OF NETCOMM BEACON CLOUD FEDRAMP SOFTWARE SUBSCRIPTION LICENSES, SUPPORT SERVICES, UPDATES, AND MAINTENANCE",https://www.usaspending.gov/award/CONT_AWD_75N91024F00102_7529_47QTCA24D0058_4732
other,sole_source,1,1486535.0,Office of the Assistant Secretary for Financial Resources,SARA SOFTWARE SYSTEMS LLC,DF01,2025-09-29,2028-09-29 00:00:00,FULL AND OPEN COMPETITION,,SALESFORCE PROFESSIONAL SERVICES,https://www.usaspending.gov/award/CONT_AWD_75P00125F80144_7570_47QTCA18D00D6_4732
other,sole_source,1,1485673.73,Department of Veterans Affairs,MARATHON MEDICAL CORPORATION,7010,2020-09-03,2023-12-21 00:00:00,NOT COMPETED UNDER SAP,,AUTOMATED WEIGHT-BASED INVENTORY MANAGEMENT SYSTEM,https://www.usaspending.gov/award/CONT_AWD_36C24620P1467_3600_-NONE-_-NONE-
infrastructure_ops,sole_source,1,1484000.0,Department of Veterans Affairs,VETERANS FIRST INDUSTRIES LLC,DH10,2025-12-22,2030-12-31 00:00:00,NOT AVAILABLE FOR COMPETITION,,DURHAM HEALTHCARE SYSTEM DURHAM VA MEDICAL CENTER HAS A REQUIREMENT FOR SOFTWARE SERVICES FOR RADIATION THERAPY. MAINTAIN CURRENT SUPPORT FOR RADIATION ONCOLOGY INFORMATION MANAGEMENT SYSTEM VIRTUAL INFRASTRUCTURE ENVIRONMENT,https://www.usaspending.gov/award/CONT_AWD_36C10B26C0016_3600_-NONE-_-NONE-
other,sole_source,1,1481835.26,Office of the Assistant Secretary for Financial Resources,IQVIA GOVERNMENT SOLUTIONS INC,DA10,2024-09-18,2029-08-25 00:00:00,NOT COMPETED,,BASE PERIOD: LABMATRIX SOFTWARE AND SUPPORT,https://www.usaspending.gov/award/CONT_AWD_75N91024P00729_7529_-NONE-_-NONE-
other,sole_source,1,1479548.95,Office of the Assistant Secretary for Financial Resources,"MIND OVER MACHINES, INC.",DA01,2026-02-25,2028-09-26 00:00:00,FULL AND OPEN COMPETITION,,ITAS SUPPORT FOLLOW-ON,https://www.usaspending.gov/award/CONT_AWD_7571TE26F80009_7571_47QTCA23D003P_4732
infrastructure_ops,sole_source,1,1479004.12,Department of Veterans Affairs,PITNEY BOWES INC.,D325,2020-03-25,2025-03-31 00:00:00,FULL AND OPEN COMPETITION,,VISN 12 SENDSUITE CLOUD BASE SOFTWARE AND MAIL TRACKING EQUIPMENT.,https://www.usaspending.gov/award/CONT_AWD_36C25220N0223_3600_36C10X19D0020_3600
other,sole_source,1,1477131.97,National Institutes of Health,TISTA SCIENCE AND TECHNOLOGY CORPORATION,D399,2016-09-15,2024-02-12 00:00:00,FULL AND OPEN COMPETITION AFTER EXCLUSION OF SOURCES,,IGF::OT::IGF,https://www.usaspending.gov/award/CONT_AWD_HHSN26300001_7529_HHSN316201200100W_7529
other,sole_source,1,1464270.83,Department of Veterans Affairs,"THUNDERCAT TECHNOLOGY, LLC",D322,2020-04-24,2025-09-30 00:00:00,NOT COMPETED UNDER SAP,,FREE GUEST WI-FI BLANKETING ENTIRE VAMC CAMPUS,https://www.usaspending.gov/award/CONT_AWD_36C24920P0328_3600_-NONE-_-NONE-
other,sole_source,1,1461708.0,Department of Veterans Affairs,CLINICOMP INTERNATIONAL INC,DF10,2023-12-27,2024-12-26 00:00:00,NOT COMPETED UNDER SAP,,ANNUAL SYSTEM/SOFTWARE MAINTENANCE AGREEMENT FOR THE VA VISN 9 MEDICAL CENTERS CLINICAL INFORMATION SYSTEMS (CIS).,https://www.usaspending.gov/award/CONT_AWD_36C24924N0240_3600_36C10G21A0002_3600
other,sole_source,1,1454288.95,Department of Veterans Affairs,KINLY US CORPORATION,7010,2019-09-30,2024-09-23 00:00:00,NOT COMPETED,,TELE ICU AV ENDPOINTS,https://www.usaspending.gov/award/CONT_AWD_36C26319P1226_3600_-NONE-_-NONE-
other,sole_source,1,1453576.25,Department of Veterans Affairs,"MINBURN TECHNOLOGY GROUP, LLC",DA01,2021-10-01,2026-09-30 00:00:00,FULL AND OPEN COMPETITION AFTER EXCLUSION OF SOURCES,,SOFTWARE MAINTENANCE AGREEMENT FOR DSS DATABRIDGE,https://www.usaspending.gov/award/CONT_AWD_36C24722F0011_3600_NNG15SD34B_8000
other,sole_source,,1447394.0,National Institutes of Health,INSTEM LSS (NORTH AMERICA) LIMITED,DF01,2024-05-31,2025-05-14 00:00:00,NOT COMPETED,,NTP PROVANTIS SUPPORT IDIQ-TASK ORDER 4,https://www.usaspending.gov/award/CONT_AWD_75N96024F00002_7529_75N96023D00001_7529
other,sole_source,1,1443743.0,Office of the Assistant Secretary for Administration,"TECSYS, INC",DA10,2025-06-10,2025-06-10 00:00:00,FULL AND OPEN COMPETITION,,SUBSCRIPTION TO ELITE SAAS,https://www.usaspending.gov/award/CONT_AWD_75P00225F80004_7570_GS35F093AA_4732
other,sole_source,,1443626.51,Department of Veterans Affairs,"GOVERNMENT MARKETING AND PROCUREMENT, LLC",7010,2020-06-30,2025-09-30 00:00:00,FULL AND OPEN COMPETITION,,VOCERA COMMUNICATION SYSTEM,https://www.usaspending.gov/award/CONT_AWD_36C25020N0731_3600_36C25020A0069_3600
grants_contracts_admin,sole_source,1,1428798.32,Defense Health Agency,"ARCTICOM, LLC",DF01,2025-09-18,2030-09-29 00:00:00,NOT COMPETED UNDER SAP,,"ENTERPRISE CONTRACT WRITING MODULE (ECWM) FUNCTIONAL SYSTEM ADMINISTRATION, TRAINING, AND MAINTENANCE SUPPORT.",https://www.usaspending.gov/award/CONT_AWD_HT001125CE008_9700_-NONE-_-NONE-
other,sole_source,1,1426389.0,Defense Health Agency,"SOLVENTUM HEALTH INFORMATION SYSTEMS, INC.",DC10,2020-12-30,2024-12-21 00:00:00,NOT COMPETED,,3M OPPS PRICER MAINTENANCE AND SUPPORT,https://www.usaspending.gov/award/CONT_AWD_HT001521C0001_9700_-NONE-_-NONE-
other,sole_source,1,1421589.06,Defense Health Agency,AUDSOFT INC.,DA01,2024-08-12,2029-08-11 00:00:00,NOT COMPETED,,AUDBASE SOFTWARE SUPPORT AND DEVELOPMENT SERVICES,https://www.usaspending.gov/award/CONT_AWD_HT001124C0022_9700_-NONE-_-NONE-
claims_payment_integrity,sole_source,1,1420591.0,Centers for Medicare and Medicaid Services,"CERTUS IT CONSULTANTS, LLC",DA01,2025-07-18,2030-08-20 00:00:00,NOT COMPETED,,THE PURPOSE OF THIS REQUIREMENT IS TO OBTAIN TECHNICAL PROFESSIONAL SERVICES TO ASSIST THE CENTERS FOR MEDICARE & MEDICAID SERVICES' (CMS') DIVISION OF AUDIT MANAGEMENT AND RESOLUTION (DAMR) IN THE PERFORMANCE OF ITS FUNCTIONS THROUGH ENHANCEMENT AND,https://www.usaspending.gov/award/CONT_AWD_75FCMC25CJ009_7530_-NONE-_-NONE-
infrastructure_ops,sole_source,1,1417038.34,Office of the Assistant Secretary for Administration,BOLDBRIX LLC,D316,2016-12-29,2020-12-31 00:00:00,FULL AND OPEN COMPETITION AFTER EXCLUSION OF SOURCES,,IGF::CL::IGF INFRASTRUCTURE SUPPORT SERVICES,https://www.usaspending.gov/award/CONT_AWD_HHSP233201700031G_7570_GS06F0986Z_4732
infrastructure_ops,sole_source,1,1416949.29,Department of Veterans Affairs,VETERANS FIRST INDUSTRIES LLC,DH10,2026-09-23,2030-09-24 00:00:00,NOT AVAILABLE FOR COMPETITION,,JAMES H. QUILLEN VA MEDICAL CENTER RADIATION ONCOLOGY INFORMATION SYSTEMS (ROISVIE) FULLSCALE HOSTING. VARIAN TREATMENT SOFTWARE,https://www.usaspending.gov/award/CONT_AWD_36C24926P0529_3600_-NONE-_-NONE-
other,sole_source,1,1416085.5,Defense Health Agency,"LOUI CONSULTING GROUP, INC.",DA01,2023-05-31,2024-05-31 00:00:00,FULL AND OPEN COMPETITION,,SYSTEM AND DATABASE ADMINISTRATION INPATIENT CLINICAL INFORMATION SYSTEM SUPPORT SERVICES,https://www.usaspending.gov/award/CONT_AWD_HT001123F0036_9700_GS35F437CA_4732
grants_contracts_admin,sole_source,1,1414635.61,Office of the Assistant Secretary for Administration,"STARRY ASSOCIATES, LLC",D399,2020-08-19,2021-02-25 00:00:00,FULL AND OPEN COMPETITION,,UNITED FINANCIAL MANAGEMENT (UFMS) FINANCIAL BUSINESS INTELLIGENCE SYSTEM (FBIS) SITE SUPPORT,https://www.usaspending.gov/award/CONT_AWD_75P00120F80184_7570_47QTCA20D00DG_4732
other,sole_source,1,1405275.11,Department of Veterans Affairs,AGILERANK LLC,DA01,2025-08-28,2026-08-31 00:00:00,NOT COMPETED UNDER SAP,,VISN1 RTLS SUSTAINMENT AND ADAPTIVE MAINTENANCE,https://www.usaspending.gov/award/CONT_AWD_36C24125N1360_3600_36C24125A0104_3600
other,sole_source,1,1395006.99,Office of the Assistant Secretary for Administration,"ICF INCORPORATED, L.L.C.",D301,2017-05-08,2025-10-30 00:00:00,FULL AND OPEN COMPETITION,,IGF::OT::IGF    DEFINE AND IMPLEMENT THE PSC DIGITAL STRATEGY,https://www.usaspending.gov/award/CONT_AWD_HHSP233201700121W_7570_HHSN316201200028W_7529
other,sole_source,,1393054.14,Office of the Inspector General,CELLCO PARTNERSHIP,D304,2020-06-12,2024-05-15 00:00:00,NOT COMPETED,,TASK ORDER FOR ADDITIONAL CALLING PLANS,https://www.usaspending.gov/award/CONT_AWD_75040120F46027_7504_HHSP233201700024I_7570
other,sole_source,,1384512.36,Food and Drug Administration,"EXECUTIVE INFORMATION SYSTEMS, L.L.C.",DA10,2022-05-04,2023-05-02 00:00:00,FULL AND OPEN COMPETITION,,SAS SERVICE CONTINUATION,https://www.usaspending.gov/award/CONT_AWD_75F40122F19007_7524_75F40121A00013_7524
other,sole_source,,1384332.3,Department of Veterans Affairs,DATA INNOVATIONS LLC,DA10,2026-08-26,2030-08-31 00:00:00,FULL AND OPEN COMPETITION,,EO 14398,https://www.usaspending.gov/award/CONT_AWD_36C24226N0716_3600_36C24225A0019_3600
analytics_reporting,sole_source,1,1381032.18,Centers for Medicare and Medicaid Services,ESIMPLICITY INC,DA01,2022-08-31,2026-08-31 00:00:00,NOT AVAILABLE FOR COMPETITION,,QUALITY DATA ANALYTICS (QDA),https://www.usaspending.gov/award/CONT_AWD_75FCMC22C0041_7530_-NONE-_-NONE-
other,sole_source,1,1380066.63,Department of Veterans Affairs,DAL MEDIA SOLUTIONS INC.,DA10,2021-09-17,2027-03-19 00:00:00,NOT COMPETED UNDER SAP,,MAINTENANCE AND REPAIR ACCESS CONTROL SYSTEM,https://www.usaspending.gov/award/CONT_AWD_36C26021P1052_3600_-NONE-_-NONE-
other,sole_source,,1377542.4,Food and Drug Administration,VERSATECH/IMPYRIAN TECHNOLOGY NETWORK LLC,DA01,2023-09-19,2028-09-26 00:00:00,NOT AVAILABLE FOR COMPETITION,,WHITE OAK - AV PROGRAM MANAGEMENT AND PLANNING,https://www.usaspending.gov/award/CONT_AWD_75F40123F19003_7524_75F40122D00024_7524
other,sole_source,1,1373762.8,Department of Veterans Affairs,TERARECON INC,DA10,2022-09-01,2027-09-11 00:00:00,NOT COMPETED,,3-D ADVANCED VISUALIZATION SYSTEM - VISN 20,https://www.usaspending.gov/award/CONT_AWD_36C26022P1027_3600_-NONE-_-NONE-
other,sole_source,1,1369508.98,Department of Veterans Affairs,DF/NET RESEARCH INC,DA10,2025-06-04,2028-03-08 00:00:00,NOT COMPETED,,"DATAFAX SOFTWARE LICENSES, MAINTENANCE, SUPPORT, TRAINING, AND USER SEATS",https://www.usaspending.gov/award/CONT_AWD_36C10A25C0005_3600_-NONE-_-NONE-
infrastructure_ops,sole_source,1,1369247.62,Office of the Assistant Secretary for Financial Resources,OXALIS SOLUTIONS LLC,DD01,2024-08-23,2029-08-25 00:00:00,NOT AVAILABLE FOR COMPETITION,,ADVANCED RESEARCH PROJECT AGENCY FOR HEALTH (ARPA-H) - ATLASSIAN CLOUD PRODUCTS AND PROFESSIONAL SERVICES,https://www.usaspending.gov/award/CONT_AWD_75N98024C00020_7529_-NONE-_-NONE-
other,sole_source,1,1364726.4,Defense Health Agency,"BUSINESS ENABLED ACQUISITION AND TECHNOLOGY, INC.",D321,2020-09-29,2022-09-30 00:00:00,NOT AVAILABLE FOR COMPETITION,,"PROVIDE PROGRAM AND PROJECT MANAGEMENT, PROGRAM COMMUNICATION AND COORDINATION, COORDINATE SECURITY ARCHITECTURE INSTALLATION, CIRCUIT COORDINATION, DATA COLLECTION ANALYSIS, PROCESSING AND VALIDATION.",https://www.usaspending.gov/award/CONT_AWD_HT001120C0029_9700_-NONE-_-NONE-
other,sole_source,,1362447.49,Office of the Assistant Secretary for Administration,CELLCO PARTNERSHIP,D304,2017-07-13,2020-06-28 00:00:00,NOT COMPETED,,IGF::OT::IGF  ANNUAL WIRELESS SERVICES,https://www.usaspending.gov/award/CONT_AWD_HHSP23337001T_7570_HHSP233201700024I_7570
grants_contracts_admin,sole_source,1,1357965.86,Defense Health Agency,"1DTS, LLC",DA01,2023-09-25,2027-03-29 00:00:00,NOT COMPETED UNDER SAP,,FINANCIAL MANAGEMENT SUSTAINMENT SERVICES,https://www.usaspending.gov/award/CONT_AWD_HT942523P0158_9700_-NONE-_-NONE-
grants_contracts_admin,sole_source,,1353721.24,National Institutes of Health,MALBAIE SOLUTIONS INC.,DA01,2023-09-13,2024-09-27 00:00:00,NOT AVAILABLE FOR COMPETITION,,NCI BUDGET AND FINANCE MODERNIZATION PROJECT,https://www.usaspending.gov/award/CONT_AWD_75N91023F00001_7529_75N91023D00013_7529
other,sole_source,1,1349513.86,Food and Drug Administration,CORMAC CORPORATION,D324,2020-09-18,2024-03-26 00:00:00,FULL AND OPEN COMPETITION,,DATABASE ADMINISTRATION FOR THREE (3) MICROSOFT ACCESS DATABASES,https://www.usaspending.gov/award/CONT_AWD_75F40120F80520_7524_HHSM500201600051I_7530
other,sole_source,1,1344545.96,Centers for Disease Control and Prevention,"CENTER FOR MEDICAL INTEROPERABILITY, INC.",D302,2019-09-03,2022-04-10 00:00:00,NOT COMPETED,,PPE DATABASE,https://www.usaspending.gov/award/CONT_AWD_75D30119C04197_7523_-NONE-_-NONE-
portal_web,sole_source,1,1336501.0,Centers for Medicare and Medicaid Services,ANIKA SYSTEMS INCORPORATED,DA01,2024-07-19,2026-07-22 00:00:00,FULL AND OPEN COMPETITION AFTER EXCLUSION OF SOURCES,,BASE YEAR CMCS MEDICAID & IKN WEB SITE QUALITY ASSURANCE SUPPORT (QUALITY ASSURANCE SUPPORT AND IMPLEMENTATION,https://www.usaspending.gov/award/CONT_AWD_75FCMC24F0145_7530_47QTCB21D0306_4732
other,sole_source,1,1331933.6,Office of the Assistant Secretary for Administration,DSSG LLC,DF01,2024-09-30,2025-01-05 00:00:00,FULL AND OPEN COMPETITION AFTER EXCLUSION OF SOURCES,,ENTERPRISE IT SERVICES - INTERIM BRIDGE CONTRACT FOR 3.5 MONTHS,https://www.usaspending.gov/award/CONT_AWD_75P00124F80189_7570_47QTCB22D0430_4732
clinical_it_ehr,sole_source,1,1330983.43,Department of Veterans Affairs,"DOCUMENT STORAGE SYSTEMS, INC.",DA10,2021-12-01,2026-11-30 00:00:00,NOT COMPETED UNDER SAP,,B+4 DSS DATABRIDGE ANNUAL SERVICE & SOFTWARE UPGRADE DSS DATABRIDGE : ARK CIS TO VISTA INTERFACE,https://www.usaspending.gov/award/CONT_AWD_36C24122P0148_3600_-NONE-_-NONE-
analytics_reporting,sole_source,1,1323641.51,Indian Health Service,"MIAMI TRIBAL SYSTEMS INTEGRATORS, LLC",DG01,2026-03-19,2031-03-19 00:00:00,NOT AVAILABLE FOR COMPETITION,,"THIS IS A SOLE-SOURCE 8 (A) SET-ASIDE PROCUREMENT FOR THE NEW NSSC I-35 WAREHOUSE INFRASTRUCTURE. THE OBJECTIVE IS TO ENSURE RELIABLE CONNECTIVITY, EFFICIENT DATA MANAGEMENT, AND OPERATIONAL SUPPORT THROUGH THE INSTALLATION AND MAINTENANCE OF WI-FI,",https://www.usaspending.gov/award/CONT_AWD_75H71126C00004_7527_-NONE-_-NONE-
other,sole_source,1,1321354.4,Office of the Assistant Secretary for Administration,"A1FEDIMPACT,LLC",DA10,2024-08-01,2029-08-04 00:00:00,FULL AND OPEN COMPETITION AFTER EXCLUSION OF SOURCES,,PSC RLO SERVICENOW DEVELOPMENT AND NUVOLO LICENSE SUBSCRIPTION,https://www.usaspending.gov/award/CONT_AWD_75P00124F80116_7570_47QTCB21D0427_4732
other,sole_source,1,1318813.22,Defense Health Agency,"TRANSFORMCARE, INC.",DA01,2025-09-30,2026-06-29 00:00:00,NOT COMPETED,,ACCELERATING CARE TRANSFORMATION SUPPORT,https://www.usaspending.gov/award/CONT_AWD_HT001125CE022_9700_-NONE-_-NONE-
other,sole_source,1,1316847.34,Office of the Assistant Secretary for Financial Resources,AT-IMPACT LLC,DH01,2023-08-12,2028-08-14 00:00:00,FULL AND OPEN COMPETITION AFTER EXCLUSION OF SOURCES,,SERVICENOW OPERATIONS AND MAINTENANCE,https://www.usaspending.gov/award/CONT_AWD_75P00123F80142_7570_75N98120D00242_7529
other,sole_source,1,1314632.89,Department of Veterans Affairs,"SOLVENTUM HEALTH INFORMATION SYSTEMS, INC.",DK10,2026-05-21,2029-05-22 00:00:00,NOT COMPETED,,"SOLVENTUM REVCYCLE HEALTH SERVICES PLATFORM SOFTWARE, SUPPORT AND MAINTENANCE",https://www.usaspending.gov/award/CONT_AWD_36C10B26C0046_3600_-NONE-_-NONE-
other,sole_source,1,1312622.83,Department of Veterans Affairs,"AGILE SIX APPLICATIONS, INC",DA01,2025-09-16,2026-11-25 00:00:00,NOT COMPETED,,CONTRACTOR SHALL DIGITALIZE VA FORMS,https://www.usaspending.gov/award/CONT_AWD_36C10B25C0045_3600_-NONE-_-NONE-
other,sole_source,1,1312344.27,Centers for Disease Control and Prevention,"CHENEGA ENTERPRISE SYSTEMS & SOLUTIONS, LLC",DF01,2021-09-03,2024-03-26 00:00:00,NOT AVAILABLE FOR COMPETITION,,CENTRALIZED IT LAB SUPPORT,https://www.usaspending.gov/award/CONT_AWD_75D30121C12649_7523_-NONE-_-NONE-
document_processing,sole_source,1,1308544.25,Food and Drug Administration,"CHICKASAW STRATEGIC POINTE, LLC",DA01,2024-01-19,2025-10-02 00:00:00,NOT AVAILABLE FOR COMPETITION,,LABOR HOUR AWARD CENTER FOR DRUG EVALUATION AND RESEARCH (CDER) OFFICE OF INFORMATION MANAGEMENT AND TECHNOLOGY (OIMT) DOCUMENT ARCHIVE REGULATORY REPORTS TRACKING SYSTEM (DARRTS) TECHNICAL & REPORTING SERVICES   NOTICE TO PROCEED WAS ISSUED,https://www.usaspending.gov/award/CONT_AWD_75F40124C00008_7524_-NONE-_-NONE-
infrastructure_ops,sole_source,1,1301059.2,Office of the Assistant Secretary for Administration,"TRIPOINT SOLUTIONS, LLC",DF01,2021-09-10,2022-09-19 00:00:00,NOT COMPETED UNDER SAP,,PROFESSIONAL SERVICES / SPLUNK MIGRATION,https://www.usaspending.gov/award/CONT_AWD_75P00121C00038_7570_-NONE-_-NONE-
other,sole_source,,1295467.28,Food and Drug Administration,VERSATECH/IMPYRIAN TECHNOLOGY NETWORK LLC,DA01,2024-09-18,2025-09-30 00:00:00,NOT AVAILABLE FOR COMPETITION,,"TO INSTALL AND TEST VIDEO TELECONFERENCE EQUIPMENT FOR AUDIO VISUAL SUPPORT, DESIGN, INSTALLATION AND EQUIPMENT/SYSTEM SERVICES.",https://www.usaspending.gov/award/CONT_AWD_75F40124F19014_7524_75F40122D00024_7524
infrastructure_ops,sole_source,1,1290935.54,Department of Veterans Affairs,"EQUINIX, INC.",DG10,2021-09-24,2024-09-25 00:00:00,FULL AND OPEN COMPETITION,,ECLOUD ACCESS SERVICE,https://www.usaspending.gov/award/CONT_AWD_36C10A21F0332_3600_GS35F401BA_4732
other,sole_source,1,1286780.9,Department of Veterans Affairs,VERTICAL DESIGN INC.,DA01,2026-09-08,2030-09-28 00:00:00,NOT COMPETED,,"MENTAL HEALTH MOBILE APPS DESIGN, DEVELOPMENT, AND RESEARCH SUPPORT",https://www.usaspending.gov/award/CONT_AWD_36C10B26C0084_3600_-NONE-_-NONE-
other,sole_source,1,1278947.0,Defense Health Agency,"UPTODATE, INC",DA10,2024-04-19,2025-05-18 00:00:00,NOT COMPETED UNDER SAP,,POINT OF CARE RESOURCE TOOL - UPTODATE,https://www.usaspending.gov/award/CONT_AWD_HT001124C0014_9700_-NONE-_-NONE-
other,sole_source,1,1271448.0,Centers for Disease Control and Prevention,"EWING COMPONENTS, INC.",DG01,2024-09-25,2028-03-31 00:00:00,NOT COMPETED UNDER SAP,,MANAGE ZONE CORE MAINTENANCE,https://www.usaspending.gov/award/CONT_AWD_75D30124C19217_7523_-NONE-_-NONE-
other,sole_source,1,1261967.0,Substance Abuse and Mental Health Services Administration,POLICY RESEARCH INC,DA10,2023-07-31,2025-07-31 00:00:00,NOT COMPETED,,PROJECTS FOR ASSISTANCE IN TRANSITION FROM HOMELESSNESS(PATH) DATA EXCHANGE(PDX),https://www.usaspending.gov/award/CONT_AWD_75S20223P00001_7522_-NONE-_-NONE-
other,sole_source,,1260539.12,Indian Health Service,GEONORTH INFORMATION SYSTEMS LLC,DA01,2023-11-07,2024-11-23 00:00:00,NOT AVAILABLE FOR COMPETITION,,"TO PROVIDE CONTRACTOR SUPPORT FOR THE DSFC PROGRAM AND TO MAINTAIN, ENHANCE, OPTIMIZE AND MATURE DATA SYSTEMS AND ENTERPRISE PLATFORMS WHICH PRIMARILY INCLUDE BUT ARE NOT LIMITED TO THE STARS AND GIS/MAPPING ENVIRONMENTS.",https://www.usaspending.gov/award/CONT_AWD_75H70124F30021_7527_75H70120D00029_7527
other,sole_source,1,1258541.64,Centers for Disease Control and Prevention,TANAQ MANAGEMENT SERVICES LLC,DA10,2024-09-27,2029-09-29 00:00:00,NOT COMPETED UNDER SAP,,INFORMATION TECHNOLOGY SUPPORT FOR VESSEL SANITATION PROGRAM (VSP) AND ENVIRONMENTAL FOOD SAFETY (EFS),https://www.usaspending.gov/award/CONT_AWD_75D30124P20124_7523_-NONE-_-NONE-
other,sole_source,1,1256686.43,National Institutes of Health,"CORELOGIX ASCLEPIUS JV, LLC",DH01,2022-08-03,2023-09-03 00:00:00,FULL AND OPEN COMPETITION AFTER EXCLUSION OF SOURCES,,"PROJECT MANAGEMENT AND APPLICATION SUPPORT SERVICES FOR THE NATIONAL CANCER INSTITUTE, CENTER FOR CANCER RESEARCH",https://www.usaspending.gov/award/CONT_AWD_75N91022F00229_7529_47QTCB21D0139_4732
analytics_reporting,sole_source,1,1250028.67,Office of the Assistant Secretary for Financial Resources,"CHIRALITY CAPITAL CONSULTING, LLC",DA10,2026-06-30,2026-12-31 00:00:00,FULL AND OPEN COMPETITION,,"THE PURPOSE OF THIS SOLICITATION IS TO ACQUIRE BUSINESS INTELLIGENCE, DATA ENGINEERING, AND PAYROLL SUPPORT SERVICES FOR HHS/OCIO. THIS CONTRACT IS BROKEN INTO THREE (3) FOCUS AREAS: 1) BUSINESS INTELLIGENCE (BIIS); 2) DATA ENGINEERING; AND 3) PAYROL",https://www.usaspending.gov/award/CONT_AWD_7571TE26F80010_7571_47QTCA18D005N_4732
analytics_reporting,sole_source,1,1250000.0,Office of the Assistant Secretary for Financial Resources,INSILICA LLC,DH01,2025-09-29,2027-09-29 00:00:00,NOT AVAILABLE FOR COMPETITION,,FDA CLINICAL TRIALS.GOV REPORTING &ASD RESEARCH PROGRAM - SBIR III,https://www.usaspending.gov/award/CONT_AWD_75F40125P00297_7524_-NONE-_-NONE-
registry_surveillance,sole_source,1,1249832.14,Defense Health Agency,"SPECPRO MANAGEMENT SERVICES, LLC",DA01,2023-06-30,2024-02-29 00:00:00,FULL AND OPEN COMPETITION,,HEALTH SERVICES SUPPORT (HSS) AEROMEDICAL SERVICES INFORMATION MANAGEMENT SYSTEM (ASIMS)-PATIENT QUEUING AND NOTIFICATION SYSTEM (PQNS)-DOD CANCER REGISTRY (DOD CR)-SURGERY SCHEDULING SYSTEM (S3),https://www.usaspending.gov/award/CONT_AWD_HT001123F0062_9700_47QRAA19D007P_4732
other,sole_source,,1240905.28,Office of the Inspector General,CELLCO PARTNERSHIP,D304,2019-06-20,2024-05-31 00:00:00,NOT COMPETED,,CHANGES TO OPTION YEAR 2,https://www.usaspending.gov/award/CONT_AWD_75040119F46026_7504_HHSP233201700024I_7570
other,sole_source,1,1237890.0,Food and Drug Administration,DULLESSYSTEMS INC,DA01,2022-09-29,2025-09-29 00:00:00,NOT AVAILABLE FOR COMPETITION,,"THE IV&V CONTRACTOR SHALL PROVIDE TECHNICAL SUPPORT TO THE COR AND CDRH DT PROJECT MANAGERS, IN THE REVIEW AND EVALUATION OF MANAGEMENT PLANS, MANAGEMENT REPORTS, DELIVERABLE PRODUCTS INCLUDING TECHNICAL AND FUNCTIONAL REQUIREMENTS, PROGRAM AND P",https://www.usaspending.gov/award/CONT_AWD_75F40122C00205_7524_-NONE-_-NONE-
other,sole_source,1,1236180.96,Department of Veterans Affairs,SIEMENS INDUSTRY INC,DA10,2021-10-19,2026-10-31 00:00:00,FULL AND OPEN COMPETITION,,EO14042 ACCESS CONTROL CCTV SYSTEM MAINTENANCE,https://www.usaspending.gov/award/CONT_AWD_36C24422F0031_3600_GS07F217CA_4732
other,sole_source,1,1234999.98,Defense Health Agency,"ASM RESEARCH, LLC",DA01,2024-09-27,2025-03-28 00:00:00,NOT COMPETED,,VETERINARY SERVICE SYSTEMS MANAGEMENT,https://www.usaspending.gov/award/CONT_AWD_HT001124C0029_9700_-NONE-_-NONE-
other,sole_source,1,1231904.4,Department of Veterans Affairs,"POTOMACWAVE, INC.",DA10,2025-06-26,2030-06-29 00:00:00,FULL AND OPEN COMPETITION,,FPDS-NG DATA VALIDATION & QUALITY IMPROVEMENT SERVICES,https://www.usaspending.gov/award/CONT_AWD_36C10X25F0034_3600_GS00F0007X_4732
other,sole_source,1,1230000.0,Food and Drug Administration,EQUINOXYS INC.,DF01,2024-05-19,2025-06-19 00:00:00,FULL AND OPEN COMPETITION,,DAAAS SUPPORT SERVICES POP 5 20 2024 - 5 19 2024,https://www.usaspending.gov/award/CONT_AWD_75F40124F80130_7524_GS35F0331V_4730
other,sole_source,1,1229013.6,Department of Veterans Affairs,MEDICOM TECHNOLOGIES INC,DA10,2022-02-08,2027-02-14 00:00:00,NOT COMPETED UNDER SAP,,MEDICOM IMAGEX,https://www.usaspending.gov/award/CONT_AWD_36C24422P0251_3600_-NONE-_-NONE-
other,sole_source,1,1207750.0,Substance Abuse and Mental Health Services Administration,POLICY RESEARCH INC,DA10,2025-09-30,2030-09-29 00:00:00,NOT COMPETED UNDER SAP,,TITLE: PROJECTS FOR ASSISTANCE IN TRANSITION FROM HOMELESSNESS (PATH) DATA EXCHANGE (PDX) SYSTEM AWARD TYPE: FIRM FIXED PRICE,https://www.usaspending.gov/award/CONT_AWD_75S20325P00002_7522_-NONE-_-NONE-
other,sole_source,1,1203597.96,Centers for Disease Control and Prevention,STCHEALTH LLC,DA10,2023-07-21,2026-07-16 00:00:00,FULL AND OPEN COMPETITION,,IMMUNIZATION SYSTEMS MAINTENANCE AND SERVICE,https://www.usaspending.gov/award/CONT_AWD_75D30123F16539_7523_GS35F0548S_4730
infrastructure_ops,sole_source,1,1203532.61,Office of the Assistant Secretary for Administration,"AMENTUM TECHNOLOGY, INC.",D399,2019-09-27,2020-12-29 00:00:00,FULL AND OPEN COMPETITION,,"OIS BRIDGE - CYBERSECURITY GOVERNANCE, COMPLIANCE AND RISK MANAGEMENT SUPPORT",https://www.usaspending.gov/award/CONT_AWD_75P00119F80234_7570_GS35F0541P_4730
other,sole_source,1,1202461.32,Defense Health Agency,KATMAI MANAGEMENT SERVICES LLC,DE01,2023-09-21,2027-03-24 00:00:00,FULL AND OPEN COMPETITION AFTER EXCLUSION OF SOURCES,,"ICD IT PROGRAMMING AND DEVELOPMENT SUPPORT SERVICES FOR THE USAMRICD AT ABERDEEN, MD.",https://www.usaspending.gov/award/CONT_AWD_HT942523F0366_9700_47QTCB21D0366_4732
other,sole_source,1,1199575.47,Department of Veterans Affairs,"AXON ENTERPRISE, INC.",DA10,2023-04-24,2028-04-23 00:00:00,NOT COMPETED,,BODY CAMERA,https://www.usaspending.gov/award/CONT_AWD_36C10M23C0001_3600_-NONE-_-NONE-
other,sole_source,,1196265.53,Centers for Disease Control and Prevention,"NORIDIAN HEALTHCARE SOLUTIONS, LLC",DA01,2024-09-27,2026-09-26 00:00:00,NOT COMPETED,,IMMUNIZATION INFORMATION SERVICES IDIQ,https://www.usaspending.gov/award/CONT_AWD_75D30124F00001_7523_75D30124D20217_7523
portal_web,sole_source,1,1194796.8,Centers for Medicare and Medicaid Services,"SIERRA7, INC.",DG11,2022-09-06,2024-09-14 00:00:00,FULL AND OPEN COMPETITION,,"THE PURPOSE OF THIS CONTRACT IS TO PROVIDE CONTINUED ENTERPRISE INFRASTRUCTURE SOLUTIONS TRANSITION SUPPORT. SPECIFICALLY, CMS REQUIRES CONTINUED SUPPORT OF THEIR HIGHLY SPECIALIZED TELECOMMUNICATIONS INFRASTRUCTURE IN ADDITION TO PROGRAM MANAGEMENT",https://www.usaspending.gov/award/CONT_AWD_75FCMC22F0106_7530_GS35F0834R_4730
other,sole_source,1,1194480.0,Office of the Assistant Secretary for Financial Resources,"RED CEDAR CONSULTANCY, LLC",DB02,2023-10-12,2028-09-29 00:00:00,NOT COMPETED,,"CONTRACTOR SHALL DEVELOP AND IMPLEMENT A PLAN WITH THE CURRENT AND FUTURE SERVICENOW APPLICATION OWNERS TO UNDERGO 508 COMPLIANCE TESTING ON AN APPLICATION LEVEL FOR EVALUATION, REMEDIATION, AND FINAL COMPLIANCE ACCEPTANCE.",https://www.usaspending.gov/award/CONT_AWD_75P00124C00004_7570_-NONE-_-NONE-
other,sole_source,1,1191765.1,Department of Veterans Affairs,"PICIS CLINICAL SOLUTIONS, INC.",DF10,2021-10-01,2026-09-30 00:00:00,NOT COMPETED UNDER SAP,,CLINICAL INFORMATION SYSTEMS (CIS) AND ANESTHESIA RECORD KEEPING (ARK) SYSTEMS HARDWARE AND SOFTWARE SUPPORT SERVICES (CIS/ARK SERVICES),https://www.usaspending.gov/award/CONT_AWD_36C24222N0115_3600_36C10G21A0007_3600
other,sole_source,1,1190302.2,Department of Veterans Affairs,"DEXTERITECH SOLUTIONS - NEXT GEN, LLC",DA01,2026-03-11,2029-03-15 00:00:00,NOT AVAILABLE FOR COMPETITION,,"PERSONAL IDENTITY VERIFICATION (PIV) SYSTEM OPERATIONS, MAINTENANCE SUSTAINMENT & ENGINEERING SUPPORT SERVICES",https://www.usaspending.gov/award/CONT_AWD_36C10B26C0031_3600_-NONE-_-NONE-
clinical_it_ehr,sole_source,,1183974.43,Department of Veterans Affairs,"DOCUMENT STORAGE SYSTEMS, INC.",DA01,2024-01-29,2028-01-31 00:00:00,NOT COMPETED,,NATIONAL DIALYSIS EHR SOFTWARE SOLUTION,https://www.usaspending.gov/award/CONT_AWD_36C10A24N0022_3600_36C10A22D0003_3600
other,sole_source,,1183211.62,Indian Health Service,GEONORTH INFORMATION SYSTEMS LLC,DA10,2025-07-25,2026-06-25 00:00:00,NOT AVAILABLE FOR COMPETITION,,"THE PRIMARY PURPOSE OF THIS SOO IS TO OBTAIN CONTRACTOR SUPPORT FOR THE DSFC PROGRAM AND TO MAINTAIN, ENHANCE, OPTIMIZE AND MATURE DATA SYSTEMS AND ENTERPRISE PLATFORMS WHICH PRIMARILY INCLUDE BUT ARE NOT LIMITED TO THE STARS AND GIS/MAPPING ENVIRONM",https://www.usaspending.gov/award/CONT_AWD_75H70125F30028_7527_75H70120D00029_7527
document_processing,sole_source,1,1182133.0,Defense Health Agency,"PATTERSON COMPANIES, INC.",DA10,2022-10-28,2026-09-30 00:00:00,NOT COMPETED,,"ARMY, AIR FORCE AND NAVY IMAGING SOFTWARE AND SUPPORT",https://www.usaspending.gov/award/CONT_AWD_HT001523C0002_9700_-NONE-_-NONE-
infrastructure_ops,sole_source,1,1175874.18,Centers for Medicare and Medicaid Services,"RADIANT INFOTECH, LLC",D399,2020-09-16,2025-09-15 00:00:00,FULL AND OPEN COMPETITION,,"WORKFLOW DESIGNS, AUTOMATION OF STEPS WITHIN WORKFLOWS TO ALLOW FOR STREAMLINED PROCESSING CAPABILITY TO BUILD A KNOWLEDGE BASE, COLLABORATION OF SYSTEMS WITHIN THE RAMT AND TRAIN END USERS ON THE ENHANCED RAMT.",https://www.usaspending.gov/award/CONT_AWD_75FCMC20F0104_7530_47QTCA19D001G_4732
other,sole_source,1,1164170.31,Office of the Assistant Secretary for Administration,INTELLIX SOLUTIONS LLC,D304,2016-12-30,2019-08-31 00:00:00,NOT AVAILABLE FOR COMPETITION,,IGF::OT::IGF IT SUPPORT SERVICES,https://www.usaspending.gov/award/CONT_AWD_HHSP233201700010C_7570_-NONE-_-NONE-
other,sole_source,1,1161574.48,Department of Veterans Affairs,PHILIPS NORTH AMERICA LLC,7010,2019-12-23,2020-12-25 00:00:00,NOT COMPETED UNDER SAP,,CIS LICENSE&SUPPORT,https://www.usaspending.gov/award/CONT_AWD_36C26320N0319_3600_VA11917A0192_3600
other,sole_source,1,1160671.51,Department of Veterans Affairs,CHOISYS TECHNOLOGY INC.,DG11,2024-09-30,2027-09-29 00:00:00,NOT COMPETED,,PATIENTPOINT COMMUNICATION SYSTEM,https://www.usaspending.gov/award/CONT_AWD_36C26224P2134_3600_-NONE-_-NONE-
other,sole_source,,1155718.12,National Institutes of Health,"CHICKASAW STRATEGIC POINTE, LLC",DB02,2024-06-07,2025-05-30 00:00:00,NOT AVAILABLE FOR COMPETITION,,FUNDING FOR OPTION YEAR TWO PERIOD OF PERFORMANCE: 5/30/2024-5/29/2025,https://www.usaspending.gov/award/CONT_AWD_75N98024F00001_7529_75N98022D00018_7529
other,sole_source,1,1155079.19,Food and Drug Administration,INDEX ANALYTICS LLC,DA01,2024-09-03,2025-09-11 00:00:00,FULL AND OPEN COMPETITION AFTER EXCLUSION OF SOURCES,,"MEDDRA BASED ADVERSE EVENT DIAGNOSTICS (MAED) MAINTENANCE, SUPPORT, AND ENHANCEMENT SERVICES",https://www.usaspending.gov/award/CONT_AWD_75F40124F80279_7524_47QTCB21D0217_4732
other,sole_source,1,1154443.86,Defense Health Agency,"EQUINIX, INC.",DB02,2022-09-20,2026-09-01 00:00:00,FULL AND OPEN COMPETITION,,EQUINIX CONSOLIDATED SERVICES,https://www.usaspending.gov/award/CONT_AWD_HT001522F0173_9700_GS35F401BA_4732
other,sole_source,1,1153500.0,Office of the Assistant Secretary for Administration,LEXISNEXIS RISK SOLUTIONS INC,DB10,2023-08-30,2025-08-31 00:00:00,NOT COMPETED,,HHS ADAPTIVE AND CONTINUOUS AUTHENTICATION - LEXISNEXIS/BEHAVIOSEC (PILOT),https://www.usaspending.gov/award/CONT_AWD_75P00123P00079_7570_-NONE-_-NONE-
other,sole_source,1,1151598.84,Department of Veterans Affairs,"EXECUTIVE INFORMATION SYSTEMS, L.L.C.",DA10,2024-08-21,2028-08-30 00:00:00,FULL AND OPEN COMPETITION,,SOFTWARE MAINTENANCE,https://www.usaspending.gov/award/CONT_AWD_36C10B24F0190_3600_47QTCA18D0081_4732
other,sole_source,1,1147217.97,Department of Veterans Affairs,"FRONTIER COMMUNICATIONS HOLDINGS, LLC",DG11,2023-07-25,2026-02-28 00:00:00,NOT COMPETED,,"LEC SERVICES FOR ALABAMA, FLORIDA, GEORGIA, ILLINOIS, INDIANA, MICHIGAN, MINNESOTA, NORTH CAROLINA, OHIO AND SOUTH CAROLINA",https://www.usaspending.gov/award/CONT_AWD_36C10A23P0027_3600_-NONE-_-NONE-
other,sole_source,1,1145295.0,Department of Veterans Affairs,JOINT COMMISSION ON ACCREDITATION OF HEALTHCARE ORGANIZATIONS,D317,2019-08-22,2024-09-29 00:00:00,NOT COMPETED,,ORYX PERFORMANCE MEASURES,https://www.usaspending.gov/award/CONT_AWD_36C77619P0078_3600_-NONE-_-NONE-
other,sole_source,,1136593.11,Defense Health Agency,"VISTA DEFENSE TECHNOLOGIES, LLC",D306,2020-03-21,2025-03-24 00:00:00,NOT AVAILABLE FOR COMPETITION,,POPULATION HEALTH NURSE INFORMATICIST SERVICES,https://www.usaspending.gov/award/CONT_AWD_HT001520F0029_9700_HT001520D0001_9700
infrastructure_ops,sole_source,1,1135111.06,Food and Drug Administration,INFINETIX INC,DH01,2025-07-29,2030-07-29 00:00:00,NOT AVAILABLE FOR COMPETITION,,EDISCOVERY INFRASTRUCTURE AND OPERATIONAL SUPPORT.,https://www.usaspending.gov/award/CONT_AWD_75F40125P00125_7524_-NONE-_-NONE-
analytics_reporting,sole_source,1,1135095.72,Office of the Assistant Secretary for Financial Resources,INITIATE GOVERNMENT SOLUTIONS LLC,DA01,2025-12-31,2028-04-30 00:00:00,FULL AND OPEN COMPETITION,,BUSINESS INTELLIGENCE REPORTING AND ANALYTICS SUPPORT SERVICES (BIRASS),https://www.usaspending.gov/award/CONT_AWD_75P00126F37004_7570_75P00119A00089_7570
other,sole_source,1,1133047.79,Department of Veterans Affairs,TURNING POINT GLOBAL SOLUTIONS LLC,DA10,2023-03-14,2024-08-31 00:00:00,FULL AND OPEN COMPETITION,,OSS NIOS SOFTWARE,https://www.usaspending.gov/award/CONT_AWD_36C10A23F0051_3600_GS35F0528P_4730
other,sole_source,1,1131771.0,National Institutes of Health,TRIPLE POINT SECURITY INC,DF01,2021-08-25,2023-08-24 00:00:00,FULL AND OPEN COMPETITION AFTER EXCLUSION OF SOURCES,,ITAC NHLBI CHIEF INFORMATION SECURITY OFFICER (CISO) SUPPORT SERVICES,https://www.usaspending.gov/award/CONT_AWD_75N92021F00001_7529_75N98119D00035_7529
infrastructure_ops,sole_source,1,1130711.16,Department of Veterans Affairs,REGAN TECHNOLOGIES CORP,DK01,2024-12-31,2027-12-31 00:00:00,NOT COMPETED UNDER SAP,,MADISON VAMC ONCOLOGY SERVER FARM MAINTENANCE AND SUPPORT,https://www.usaspending.gov/award/CONT_AWD_36C10A25P0002_3600_-NONE-_-NONE-
other,sole_source,1,1126524.6,National Institutes of Health,"NETCOMM, INC.",DA10,2024-02-20,2029-01-31 00:00:00,FULL AND OPEN COMPETITION,,BEACON HR-FY24,https://www.usaspending.gov/award/CONT_AWD_75N96024F00014_7529_GS35F0564P_4730
infrastructure_ops,sole_source,,1119800.0,Office of the Assistant Secretary for Financial Resources,THE MITRE CORPORATION,DG01,2024-09-25,2026-09-29 00:00:00,NOT COMPETED,,"THE DEPARTMENT OF HEALTH AND HUMAN SERVICES (DHHS) HAS A REQUIREMENT FOR SUPPORT TO IMPROVE HHS OCIO OPERATIONAL EFFICIENCY WITH ITS ENTERPRISE NETWORK MANAGEMENT, ACHIEVED BY CREATING ENHANCED SITUATIONAL AWARENESS OF THE STATE OF THE NETWORK MANAGE",https://www.usaspending.gov/award/CONT_AWD_75P00124F80164_7570_75FCMC23D0004_7530
other,sole_source,1,1114824.0,Department of Veterans Affairs,CLINICOMP INTERNATIONAL INC,DA10,2026-08-31,2031-08-31 00:00:00,NOT COMPETED,,CLINICOMP CIS SUSTAINMENT AND SUPPORT EO 14398,https://www.usaspending.gov/award/CONT_AWD_36C10B26C0080_3600_-NONE-_-NONE-
other,sole_source,1,1096799.57,Office of the Assistant Secretary for Financial Resources,EX LIBRIS USA INC,DD01,2025-06-06,2030-06-06 00:00:00,NOT COMPETED UNDER SAP,,ALMA/PRIMO VE LIBRARY SERVICES PLATFORM AND DISCOVERY SYSTEM,https://www.usaspending.gov/award/CONT_AWD_75N97025P00060_7529_-NONE-_-NONE-
other,sole_source,1,1096492.53,Indian Health Service,PAUL BUNYAN RURAL TELEPHONE COOPERATIVE,D316,2019-12-20,2025-06-30 00:00:00,NOT COMPETED,,VOIP TELEPHONE SERVICE.,https://www.usaspending.gov/award/CONT_AWD_75H70520C00001_7527_-NONE-_-NONE-
other,sole_source,,1092291.12,Centers for Disease Control and Prevention,"SAGE PURSUITS, INC",DA01,2026-09-19,2029-09-20 00:00:00,NOT COMPETED,,EO 14398,https://www.usaspending.gov/award/CONT_AWD_75D30126F00002_7523_75D30124D19332_7523
other,sole_source,1,1090407.03,Office of the Assistant Secretary for Financial Resources,THE CENTECH GROUP INC.,DJ01,2023-03-01,2027-02-01 00:00:00,FULL AND OPEN COMPETITION,,"THE SECURITY MANAGER (SM) APPLICATION IS AN ENTERPRISE SOLUTION THAT SUPPORTS THE ONS DPS AND HHS STAKEHOLDERS. ONS VIA SOFTWARE LICENSES FROM THE INCUMBENT CONTRACTOR, CENTECH, HAS BEEN PROVIDING MAINTENANCE AND LIFE CYCLE OF ONS PERSONNEL SECURITY",https://www.usaspending.gov/award/CONT_AWD_75P00123F80048_7570_47QTCA18D00GB_4732
analytics_reporting,sole_source,,1087018.15,Health Resources and Services Administration,"SAPIENT GOVERNMENT SERVICES, INC.",DA01,2026-09-25,2027-09-26 00:00:00,FULL AND OPEN COMPETITION,,THE PURPOSE OF THIS REQUIREMENT IS TO UTILIZE HRSA'S ENTERPRISE DATA SCIENCE AND ANALYTIC PLATFORM AND TRANSPLANT DATA SERVICES PLATFORM TO  DESIGN AND DEVELOP APPLICATION PROGRAMMING INTERFACES AND STANDARDS TO ACCEPT PRE-WAITLIST DATA FROM TR,https://www.usaspending.gov/award/CONT_AWD_75R60226F34009_7526_75R60226A00001_7526
other,sole_source,1,1085752.44,Department of Veterans Affairs,"EVIDEON, LLC",D317,2020-10-15,2026-04-17 00:00:00,NOT COMPETED,,E-VIDEON SERVICES,https://www.usaspending.gov/award/CONT_AWD_36C25621P0083_3600_-NONE-_-NONE-
other,sole_source,1,1082180.32,Office of the Assistant Secretary for Financial Resources,INDEX ANALYTICS LLC,DA01,2025-07-18,2026-09-11 00:00:00,FULL AND OPEN COMPETITION AFTER EXCLUSION OF SOURCES,,FY25 MAED ANNUAL SUPPORT TASK ORDER,https://www.usaspending.gov/award/CONT_AWD_75F40125F80124_7524_47QTCB21D0217_4732
other,sole_source,1,1078042.96,Office of the Assistant Secretary for Administration,"KONIAG PROFESSIONAL SERVICES, LLC",DF01,2024-09-19,2029-09-29 00:00:00,FULL AND OPEN COMPETITION,,"THE DEPARTMENT OF HEALTH AND HUMAN SERVICES (DHHS) HAS A REQUIREMENT FOR PROGRAM MANAGEMENT SUPPORT.  THE SUPPORT SHALL HELP OCIO-OPS EFFECTIVELY OVERSEE AND MANAGE A RANGE OF PROJECTS WITH DIFFERENT LEVEL OF COMPLEXITY, BOTH SHORT AND LONG TERM.",https://www.usaspending.gov/award/CONT_AWD_75P00124F80158_7570_47QTCA24D008M_4732
infrastructure_ops,sole_source,1,1075200.0,Office of the Assistant Secretary for Administration,RED RIVER TECHNOLOGY LLC,7045,2020-04-03,2021-04-02 00:00:00,FULL AND OPEN COMPETITION AFTER EXCLUSION OF SOURCES,,PALO ALTO NETWORK PROCESSING CARD FOR DHHS OCIO OIS,https://www.usaspending.gov/award/CONT_AWD_75P00120F80077_7570_NNG15SC85B_8000
other,sole_source,1,1073447.44,Defense Health Agency,CELLCO PARTNERSHIP,D304,2020-05-15,2023-06-09 00:00:00,FULL AND OPEN COMPETITION,,VERIZON CELL SERVICE AND SUPPORT,https://www.usaspending.gov/award/CONT_AWD_HT001520F0057_9700_N0024418D0003_9700
other,sole_source,,1067298.0,Food and Drug Administration,"EXECUTIVE INFORMATION SYSTEMS, L.L.C.",DA01,2023-05-08,2026-05-02 00:00:00,FULL AND OPEN COMPETITION,,CDER SAS VIYA SERVICE SUPPORT CONTINUATION,https://www.usaspending.gov/award/CONT_AWD_75F40123F19013_7524_75F40121A00013_7524
other,sole_source,,1063914.36,Defense Health Agency,"VISTA DEFENSE TECHNOLOGIES, LLC",DD01,2021-09-21,2025-09-26 00:00:00,NOT AVAILABLE FOR COMPETITION,,ARTIFICIAL INTELLIGENCE CAPABILITIES,https://www.usaspending.gov/award/CONT_AWD_HT001521F0194_9700_HT001520D0001_9700
other,sole_source,1,1057303.05,Department of Veterans Affairs,MYSTIC VENTURES GROUP LLC,DA01,2026-08-14,2031-08-16 00:00:00,NOT COMPETED,,RADIOPHARMACEUTICAL INVENTORY FOR NUCLEAR MEDICINE (RAIN) SYSTEM,https://www.usaspending.gov/award/CONT_AWD_36C10B26C0071_3600_-NONE-_-NONE-
other,sole_source,1,1056971.76,Office of the Assistant Secretary for Administration,"IRON BOW TECHNOLOGIES, LLC",D314,2020-09-11,2024-09-28 00:00:00,FULL AND OPEN COMPETITION,,CISCO STEALTHWATCH THREAT INTELLIGENCE PACKAGE,https://www.usaspending.gov/award/CONT_AWD_75P00120F80204_7570_GS35F0251V_4730
other,sole_source,1,1051620.91,Food and Drug Administration,TIO-TEK LLC,DG10,2025-09-28,2028-09-28 00:00:00,NOT COMPETED,,OPERATIONS AND MAINTENANCE AND DEVELOPMENT MODERNIZATION AND ENHANCEMENTS (DME) OF PHONETIC AND ORTHOGRAPHIC COMPUTER ANALYSIS (POCA) SYSTEM,https://www.usaspending.gov/award/CONT_AWD_75F40125C00104_7524_-NONE-_-NONE-
other,sole_source,1,1047860.78,Defense Health Agency,"CHENEGA IT ENTERPRISE SERVICES, LLC",D314,2019-07-16,2023-07-16 00:00:00,NOT COMPETED UNDER SAP,,IMIT SUPPORT SERVICES REQUIREMENT FOR USAMMA,https://www.usaspending.gov/award/CONT_AWD_W81XWH19C0172_9700_-NONE-_-NONE-
infrastructure_ops,sole_source,1,1046497.88,Department of Veterans Affairs,MEMPHIS GOODWILL INDUSTRIES INC,DD01,2025-10-01,2026-09-30 00:00:00,NOT COMPETED UNDER SAP,,SWITCHBOARD OPERATOR SYSTEM,https://www.usaspending.gov/award/CONT_AWD_36C24926N0074_3600_36C24924A0036_3600
portal_web,sole_source,1,1043038.82,Centers for Medicare and Medicaid Services,"AVB DIGITAL, LLC",DA01,2026-03-06,2030-05-08 00:00:00,FULL AND OPEN COMPETITION AFTER EXCLUSION OF SOURCES,,"THE DEPARTMENT OF HEALTH AND HUMAN SERVICES (HHS), CENTERS FOR MEDICARE & MEDICAID SERVICES (CMS) HAS A REQUIREMENT TO ASSIST CENTER FOR MEDICAID AND CHIP SERVICES (CMCS) WITH THE COMPREHENSIVE CONTENT MANAGEMENT OF THEIR WEBSITES: MEDICAID.GOV, INSU",https://www.usaspending.gov/award/CONT_AWD_75FCMC26F0043_7530_47QTCB22D0570_4732
other,sole_source,1,1040549.12,Food and Drug Administration,"COMMONWEALTH INFORMATICS, INC.",DA10,2026-05-06,2027-04-06 00:00:00,FULL AND OPEN COMPETITION,,EMPIRICA SIGNAL SUPPORT OPERATIONS & MAINTENANCE (O&M),https://www.usaspending.gov/award/CONT_AWD_75F40126F80041_7524_GS35F349BA_4732
other,sole_source,1,1026339.0,Department of Veterans Affairs,"SIEMENS MEDICAL SOLUTIONS USA, INC.",DA10,2024-03-27,2029-03-31 00:00:00,NOT COMPETED,,SYNGO.VIA UPGRADES (SUBSCRIPTION BASED MODULE),https://www.usaspending.gov/award/CONT_AWD_36C25924P0655_3600_-NONE-_-NONE-
scheduling_referral_community_care,sole_source,1,1025195.89,Department of Veterans Affairs,"GOVERNMENT MARKETING AND PROCUREMENT, LLC",DA10,2025-02-04,2027-12-14 00:00:00,FULL AND OPEN COMPETITION,,THIS IS A SCHEDULING SOFTWARE SERVICE PROVIDED TO MEDICAL PROFESSIONALS.,https://www.usaspending.gov/award/CONT_AWD_36C10A25F0007_3600_GS07F187GA_4732
other,sole_source,1,1022571.28,Department of Veterans Affairs,"FOUR POINTS TECHNOLOGY, L.L.C.",DA01,2025-03-17,2028-03-16 00:00:00,FULL AND OPEN COMPETITION AFTER EXCLUSION OF SOURCES,,TRACKCORE SOFTWARE AND SUPPORT,https://www.usaspending.gov/award/CONT_AWD_36C10B25F0081_3600_NNG15SD22B_8000
infrastructure_ops,sole_source,1,1019810.69,Food and Drug Administration,DIGITAL MANAGEMENT LLC,DJ01,2026-09-22,2027-09-29 00:00:00,FULL AND OPEN COMPETITION,,SOFTWARE DEFINED NETWORKING,https://www.usaspending.gov/award/CONT_AWD_75F40126F80188_7524_47QTCA20D00AD_4732
other,sole_source,,1013776.0,Defense Health Agency,"VISTA DEFENSE TECHNOLOGIES, LLC",D306,2020-08-25,2025-09-29 00:00:00,NOT AVAILABLE FOR COMPETITION,,PROGRAM MANAGER OFFICE TECHNICAL AND PROFESSIONAL SUPPORT SERVICES,https://www.usaspending.gov/award/CONT_AWD_HT001520F0128_9700_HT001520D0001_9700
infrastructure_ops,sole_source,1,1009643.82,Department of Veterans Affairs,MEMPHIS GOODWILL INDUSTRIES INC,DD01,2024-10-01,2025-09-30 00:00:00,NOT COMPETED UNDER SAP,,SWITCHBOARD OPERATOR SYSTEM,https://www.usaspending.gov/award/CONT_AWD_36C24925N0123_3600_36C24924A0036_3600
clinical_it_ehr,sole_source,1,1004700.75,Department of Veterans Affairs,"MINBURN TECHNOLOGY GROUP, LLC",DE01,2023-10-01,2024-03-31 00:00:00,FULL AND OPEN COMPETITION AFTER EXCLUSION OF SOURCES,,CLINICAL DECISION SUPPORT TOOL BRIDGE,https://www.usaspending.gov/award/CONT_AWD_36C24424F0003_3600_NNG15SD34B_8000
other,sole_source,1,1001267.33,Department of Veterans Affairs,"COMPUTRITION, INC.",DA10,2022-09-21,2025-09-21 00:00:00,FULL AND OPEN COMPETITION,,VISN04 COMPUTRITION AUTOMATION SOFTWARE AND LICENSING,https://www.usaspending.gov/award/CONT_AWD_36C10B22F0346_3600_47QTCA21D005U_4732
other,sole_source,1,999999.0,Department of Veterans Affairs,"ISCHEMAVIEW, INC.",DA01,2026-09-21,2029-09-21 00:00:00,NOT AVAILABLE FOR COMPETITION,,RAPIDAI ENTERPRISE IMPLEMENTATION - NATIONAL TELESTROKE PROGRAM (NTSP),https://www.usaspending.gov/award/CONT_AWD_36C10B26C0089_3600_-NONE-_-NONE-
other,sole_source,1,999764.55,National Institutes of Health,SUMMOME NATIVE VENTURES LLC,DJ01,2024-09-19,2025-09-15 00:00:00,NOT AVAILABLE FOR COMPETITION,,SECTION 508 COMPLIANCE SUPPORT SERVICES,https://www.usaspending.gov/award/CONT_AWD_75N97024C00005_7529_-NONE-_-NONE-
other,sole_source,1,999495.0,Centers for Medicare and Medicaid Services,VITG CORP,DA10,2022-06-07,2023-12-06 00:00:00,NOT AVAILABLE FOR COMPETITION,,DATA DISSEMINATION SERVICE MODERNIZATION,https://www.usaspending.gov/award/CONT_AWD_75FCMC22C0027_7530_-NONE-_-NONE-
portal_web,sole_source,,997246.61,Health Resources and Services Administration,"SAPIENT GOVERNMENT SERVICES, INC.",DA01,2026-07-21,2027-09-29 00:00:00,FULL AND OPEN COMPETITION,,OIT- SERVICES34 C 7250. TELEHEALTH WEBSITE OPERATION AND MAINTENANCE (O&M).,https://www.usaspending.gov/award/CONT_AWD_75R60226F34004_7526_75R60226A00001_7526
other,sole_source,1,994990.0,Department of Veterans Affairs,"ABBOTT RAPID DIAGNOSTICS INFORMATICS, INC",DA10,2021-09-14,2028-09-30 00:00:00,NOT COMPETED,,RALS PLUS UPGRADES,https://www.usaspending.gov/award/CONT_AWD_36C10B21C0037_3600_-NONE-_-NONE-
clinical_it_ehr,sole_source,1,994611.5,Health Resources and Services Administration,MICROHEALTH LLC,DA01,2026-03-26,2028-09-27 00:00:00,FULL AND OPEN COMPETITION,,NHDP172 C 7174 ELECTRONIC HEALTH RECORD SYSTEM,https://www.usaspending.gov/award/CONT_AWD_75R60226F80033_7526_GS35F413BA_4732
document_processing,sole_source,1,994475.04,Department of Veterans Affairs,"AINS, LLC",DA10,2026-07-10,2027-10-31 00:00:00,FULL AND OPEN COMPETITION,,AINS EFOIA SOFTWARE LICENSES AND MAINTENANCE SERVICES.,https://www.usaspending.gov/award/CONT_AWD_36C10B26F0203_3600_GS35F576GA_4732
other,sole_source,,993894.82,Centers for Disease Control and Prevention,"OPTIMOZ, INC",DA01,2024-07-26,2026-07-22 00:00:00,NOT COMPETED,,IMMUNIZATION INFORMATION SYSTEMS IDIQ,https://www.usaspending.gov/award/CONT_AWD_75D30124F00001_7523_75D30124D19333_7523
registry_surveillance,sole_source,1,992582.4,Defense Health Agency,"CHEROKEE NATION OPERATIONAL SOLUTIONS, L.L.C.",DA10,2026-03-25,2027-03-31 00:00:00,NOT COMPETED,,DEPARTMENT OF DEFENSE TRAUMA REGISTRY (DODTR) INFORMATION MANAGEMENT/ INFORMATION TECHNOLOGY (IM/IT) SUPPORT SERVICES,https://www.usaspending.gov/award/CONT_AWD_HT942726PE006_9700_-NONE-_-NONE-
infrastructure_ops,sole_source,1,988297.77,Defense Health Agency,CELLCO PARTNERSHIP,DG11,2024-09-10,2029-09-29 00:00:00,FULL AND OPEN COMPETITION,,"VERIZON WIRELESS TELECOMMUNICATIONS, SERVICE AND EQUIPMENT",https://www.usaspending.gov/award/CONT_AWD_HT001524F0124_9700_N0024424D0010_9700
other,sole_source,1,987823.78,Department of Veterans Affairs,"SIERRA7, INC.",DA10,2025-10-01,2026-09-30 00:00:00,FULL AND OPEN COMPETITION,,AVASURE TELESITTER SOFTWARE LINCENSE AND SUPPORT,https://www.usaspending.gov/award/CONT_AWD_36C24926F0017_3600_GS35F235BA_4732
infrastructure_ops,sole_source,,985248.25,Food and Drug Administration,ARLLUK TECHNOLOGY SOLUTIONS LLC,DC01,2022-09-22,2023-09-24 00:00:00,NOT AVAILABLE FOR COMPETITION,,CONTAINERS AS A SERVICE (CAAS) O&M INFRASTRUCTURE SUPPORT SERVICES,https://www.usaspending.gov/award/CONT_AWD_75F40122F19006_7524_HHSF223201710036I_7524
other,sole_source,,983616.58,Health Resources and Services Administration,DIGITAL MANAGEMENT LLC,DF10,2024-09-09,2025-09-09 00:00:00,FULL AND OPEN COMPETITION,,OIT-SERVICES40 C 6797 - FY24 EHBS ZERO TRUST ARCHITECTURE OPERATIONAL ENHANCEMENTS-1,https://www.usaspending.gov/award/CONT_AWD_75R60224F34006_7526_75R60224A00036_7526
other,sole_source,,978141.71,National Institutes of Health,"CHICKASAW STRATEGIC POINTE, LLC",DB02,2023-05-30,2024-05-29 00:00:00,NOT AVAILABLE FOR COMPETITION,,"CHICKASAW STRATEGIC POINTE, LLC:1349474 [23-002118]",https://www.usaspending.gov/award/CONT_AWD_75N98023F00002_7529_75N98022D00018_7529
portal_web,sole_source,,974503.08,Office of the Assistant Secretary for Administration,ACISTEK LLC,D308,2011-09-20,2012-09-25 00:00:00,NOT AVAILABLE FOR COMPETITION,,WEB SITE REDESIGN,https://www.usaspending.gov/award/CONT_AWD_HHSP23337001T_7555_HHSP23320110002YI_7555
other,sole_source,1,966386.8,Department of Veterans Affairs,GCI COMMUNICATION CORP.,DG11,2021-09-02,2024-09-30 00:00:00,NOT COMPETED,,LEC SERVICES IN THE STATE OF ALASKA,https://www.usaspending.gov/award/CONT_AWD_36C10B21C0023_3600_-NONE-_-NONE-
other,sole_source,1,962000.0,Department of Veterans Affairs,"SUPRAVISTA MEDICAL DSS, LLC",DA10,2024-07-29,2025-09-24 00:00:00,NOT COMPETED UNDER SAP,,OY1 TASK ORDER FOR SOFTWARE LICENSING,https://www.usaspending.gov/award/CONT_AWD_36C26324N0775_3600_36C26323A0042_3600
other,sole_source,,959600.6,Food and Drug Administration,"EXECUTIVE INFORMATION SYSTEMS, L.L.C.",DA01,2023-05-02,2024-07-02 00:00:00,FULL AND OPEN COMPETITION,,CDER SAS SERVICES CONTINUATION FY23,https://www.usaspending.gov/award/CONT_AWD_75F40123F19012_7524_75F40121A00013_7524
other,sole_source,,958957.99,National Institutes of Health,PALANTIR TECHNOLOGIES INC.,DH10,2023-03-24,2024-02-11 00:00:00,NOT COMPETED,,ASPIRE 6-MONTH PILOT,https://www.usaspending.gov/award/CONT_AWD_75N95023F00004_7529_75N95022D00025_7529
other,sole_source,1,958775.92,Department of Veterans Affairs,ARCHITECHTURE SOLUTIONS LLC,DE01,2023-01-31,2024-05-09 00:00:00,NOT COMPETED UNDER SAP,,VETERAN ENTERPRISE CONTRACTING FOR TRANSFORMATION AND OPERATIONAL READINESS (VECTOR) PROGRAM SUPPORT FUNCTIONS,https://www.usaspending.gov/award/CONT_AWD_36C10X23P0029_3600_-NONE-_-NONE-
other,sole_source,1,951458.71,Defense Health Agency,CHANGE HEALTHCARE TECHNOLOGIES LLC,DA01,2026-05-20,2026-08-19 00:00:00,NOT COMPETED UNDER SAP,,ANNUAL SECURE MESSAGING APPLICATION SUPPORT AND MANAGEMENT,https://www.usaspending.gov/award/CONT_AWD_HT001126PE015_9700_-NONE-_-NONE-
other,sole_source,1,949745.13,Department of Veterans Affairs,"DOCUMENT STORAGE SYSTEMS, INC.",DE01,2023-03-30,2023-09-30 00:00:00,FULL AND OPEN COMPETITION,,THERODOC SOFTWARE UPGRADE,https://www.usaspending.gov/award/CONT_AWD_36C24423F0248_3600_47QTCA23D005Q_4732
infrastructure_ops,sole_source,1,948960.0,Office of the Assistant Secretary for Administration,RED RIVER TECHNOLOGY LLC,7035,2020-03-26,2021-03-26 00:00:00,FULL AND OPEN COMPETITION AFTER EXCLUSION OF SOURCES,,PALO ALTO NETWORK EQUIPMENT TO AUGMENT NETWORK INFRASTRUCTURE TO RESPOND TO THE COVID-19 IT NEEDS.,https://www.usaspending.gov/award/CONT_AWD_75P00120F80068_7570_NNG15SC85B_8000
infrastructure_ops,sole_source,1,945000.0,Office of the Assistant Secretary for Administration,"CSP ENTERPRISES, LLC",D310,2017-06-26,2020-06-26 00:00:00,NOT COMPETED,,IGF::CL::IGF COMPELLENT - RENEWAL AND MAINTENANCE OF 12 SITES FOR COMPELLENT SAN INFRASTRUCTURE,https://www.usaspending.gov/award/CONT_AWD_HHSP233201750069A_7570_-NONE-_-NONE-
registry_surveillance,sole_source,,944629.96,Office of the Assistant Secretary for Financial Resources,"EXECUTIVE INFORMATION SYSTEMS, L.L.C.",DA01,2023-08-28,2026-08-28 00:00:00,FULL AND OPEN COMPETITION,,CDER - DATA ANALYTICS FOR QUALITY SURVEILLANCE (SAS BAP TO),https://www.usaspending.gov/award/CONT_AWD_75F40123F19014_7524_75F40121A00013_7524
other,sole_source,1,941870.39,Department of Veterans Affairs,"HAWAIIAN TELCOM, INC.",DG11,2021-09-28,2026-10-01 00:00:00,NOT COMPETED,,LEC SERVICES FOR THE STATE OF HAWAII,https://www.usaspending.gov/award/CONT_AWD_36C10B21C0040_3600_-NONE-_-NONE-
other,sole_source,1,941313.0,Office of the Assistant Secretary for Financial Resources,SARA SOFTWARE SYSTEMS LLC,DA10,2024-09-06,2029-09-15 00:00:00,FULL AND OPEN COMPETITION,,OAPS ENTERPRISE APPLICATIONS SOFTWARE DEVELOPMENT SUPPORT,https://www.usaspending.gov/award/CONT_AWD_75P00124F80142_7570_47QTCA18D00D6_4732
registry_surveillance,sole_source,1,937392.54,Centers for Medicare and Medicaid Services,JOS GROUP LLC,DA01,2026-02-20,2031-01-19 00:00:00,FULL AND OPEN COMPETITION,,"CMS ARTS - THE CENTERS FOR MEDICARE & MEDICAID SERVICES ANALYSIS, REPORTING AND TRACKING SYSTEM IS THE CMS SYSTEM OF RECORD FOR TRACKING CONTRACTOR BUSINESS PROPOSALS, COST REPORTS, DELIVERABLES, AND WORKLOAD INFORMATION FOR VARIOUS DEPARTMENTS WITHI",https://www.usaspending.gov/award/CONT_AWD_75FCMC26F0033_7530_47QTCA23D0072_4732
other,sole_source,1,922044.08,Department of Veterans Affairs,RICOH USA INC,DA10,2024-07-05,2026-06-30 00:00:00,NOT COMPETED,,EPHESOFT TRANSACT AND NINTEX FOXTROT RPA SOFTWARE (LICENSE/INSTALL/SUPPORT),https://www.usaspending.gov/award/CONT_AWD_36C25724P0412_3600_-NONE-_-NONE-
other,sole_source,,908077.84,Office of the Assistant Secretary for Financial Resources,"HIGHPOINT DIGITAL, INC.",DA10,2025-08-29,2026-08-24 00:00:00,FULL AND OPEN COMPETITION,,"NEW CALL ORDER UNDER HIGH POINT DIGITAL CONTRACT 75P00121A00011/75P00125F37007 FOR THE EXTENSION OF FEDERAL LAW ENFORCEMENT TRAINING CENTER (FLETC) LICENSES. PERIOD OF PERFORMANCE SEPTEMBER 1, 2025 THROUGH AUGUST 24, 2026.",https://www.usaspending.gov/award/CONT_AWD_75P00125F37007_7570_75P00121A00011_7570
other,sole_source,1,894615.79,Defense Health Agency,ELSEVIER INC.,DA10,2024-07-10,2025-03-31 00:00:00,NOT COMPETED UNDER SAP,,CLINICAL SKILLS SUBSCRIPTION,https://www.usaspending.gov/award/CONT_AWD_HT001124P0013_9700_-NONE-_-NONE-
other,sole_source,1,890480.0,Department of Veterans Affairs,HEALTHCARE CONTROL SYSTEMS INC,DA10,2023-01-30,2028-02-29 00:00:00,NOT COMPETED,,SOFTWARE,https://www.usaspending.gov/award/CONT_AWD_36C24723P0349_3600_-NONE-_-NONE-
other,sole_source,1,888001.0,Centers for Disease Control and Prevention,"THE HENRY M. JACKSON FOUNDATION FOR THE ADVANCEMENT OF MILITARY MEDICINE, INC.",DA01,2021-08-10,2026-02-08 00:00:00,NOT COMPETED UNDER SAP,,HENRY M. JACKSON FOUNDATION FOR THE ADVANCE OF MILITARY MEDICINE INC. - MILITARY HEALTH SYS,https://www.usaspending.gov/award/CONT_AWD_75D30121P11747_7523_-NONE-_-NONE-
other,sole_source,1,886220.86,Centers for Medicare and Medicaid Services,CLEARAVENUE LLC,D399,2018-08-31,2023-09-02 00:00:00,FULL AND OPEN COMPETITION,,IGF::OT::IGF,https://www.usaspending.gov/award/CONT_AWD_75FCMC18F0001_7530_HHSM500201600044I_7530
document_processing,sole_source,1,885500.0,National Institutes of Health,TRANSPERFECT TRANSLATIONS INTERNATIONAL INC,DA10,2024-09-04,2026-03-03 00:00:00,NOT COMPETED UNDER SAP,,"TRANSPERFECT TRIAL INTERACTIVE ETMF SAAS AND SUPPORTING SERVICES. TASKS FOCUS ON OPERATION AND SUPPORT OF THE PRODUCTION SYSTEM. SERVICES INCLUDE TRAINING, DETERMINING AND DOCUMENTING REQUIREMENTS, CONFIGURING, EVALUATING, REVISING MASTER TEMPLATES A",https://www.usaspending.gov/award/CONT_AWD_75N93024P01082_7529_-NONE-_-NONE-
other,sole_source,1,883307.56,Food and Drug Administration,"KAIVA STRATEGIES 2 JV, LLC",DA10,2026-09-09,2027-09-29 00:00:00,NOT AVAILABLE FOR COMPETITION,,OCS CONNECT,https://www.usaspending.gov/award/CONT_AWD_75F40126P00238_7524_-NONE-_-NONE-
other,sole_source,1,877490.72,Department of Veterans Affairs,CHARTER COMMUNICATIONS OPERATING LLC,DG10,2023-07-23,2028-06-30 00:00:00,NOT COMPETED,,CABLE TV WIFI SERVICES,https://www.usaspending.gov/award/CONT_AWD_36C24223C0147_3600_-NONE-_-NONE-
clinical_it_ehr,sole_source,,869995.2,Department of Veterans Affairs,"IRON BOW TECHNOLOGIES, LLC",DD01,2023-09-14,2024-11-29 00:00:00,NOT COMPETED,,TELEHEALTH TECHNOLOGY DEPLOYMENT SUPPORT V,https://www.usaspending.gov/award/CONT_AWD_36C10G23N0089_3600_36C10G21D0016_3600
other,sole_source,,865419.54,Indian Health Service,GEONORTH INFORMATION SYSTEMS LLC,DA10,2024-10-31,2025-07-24 00:00:00,NOT AVAILABLE FOR COMPETITION,,"THE CONTRACTOR SHALL SUPPORT THE DSFC PROGRAM AND TO MAINTAIN, ENHANCE, OPTIMIZE AND MATURE DATA SYSTEMS AND ENTERPRISE PLATFORMS WHICH PRIMARILY INCLUDE BUT ARE NOT LIMITED TO THE STARS AND GIS/MAPPING ENVIRONMENTS.",https://www.usaspending.gov/award/CONT_AWD_75H70125F30026_7527_75H70120D00029_7527
document_processing,sole_source,1,865311.7,Food and Drug Administration,DIACONIA LLC,DA01,2022-09-29,2025-07-29 00:00:00,FULL AND OPEN COMPETITION AFTER EXCLUSION OF SOURCES,,OCI EDISCOVERY PLATFORM FOR DOCUMENT REVIEW,https://www.usaspending.gov/award/CONT_AWD_75F40122F80459_7524_47QTCB22D0490_4732
call_center_contact,sole_source,1,862311.76,Defense Health Agency,"INNOVATIVE MANAGEMENT CONCEPTS, INC",DE01,2023-03-02,2024-03-07 00:00:00,FULL AND OPEN COMPETITION AFTER EXCLUSION OF SOURCES,,HELPDESK SERVICE,https://www.usaspending.gov/award/CONT_AWD_HT001523F0039_9700_47QTCH18D0028_4732
other,sole_source,1,860111.21,Department of Veterans Affairs,GCI COMMUNICATION CORP.,DG11,2024-09-20,2029-08-31 00:00:00,NOT COMPETED UNDER SAP,,GCI ALASKA,https://www.usaspending.gov/award/CONT_AWD_36C10A24P0015_3600_-NONE-_-NONE-
other,sole_source,1,856453.33,Office of the Assistant Secretary for Administration,STERLING COMPUTERS CORPORATION,D308,2018-09-21,2023-09-20 00:00:00,FULL AND OPEN COMPETITION,,SOCIAL MEDIA ARCHIVE TOOL   IMPLEMENTATION SERVICES,https://www.usaspending.gov/award/CONT_AWD_75P00118F00228_7570_HHSN316201500043W_7529
other,sole_source,1,855871.83,Department of Veterans Affairs,EBSCO INDUSTRIES INC,DG10,2021-02-26,2025-12-30 00:00:00,COMPETED UNDER SAP,,BATE'S SUBSCRIPTION  TASK ORDER OFF OF THE LIBRARY SUBSCRIPTIONS IDIQ,https://www.usaspending.gov/award/CONT_AWD_36C77621N1488_3600_36C77621D0004_3600
other,sole_source,,852666.86,Food and Drug Administration,"EMERGINT TECHNOLOGIES, LLC",D311,2012-09-14,2013-09-14 00:00:00,NOT AVAILABLE FOR COMPETITION,,OIM 12 DOS CFSAN CAERS 160,https://www.usaspending.gov/award/CONT_AWD_HHSF22301003T_7524_HHSF223201000055I_7524
document_processing,sole_source,1,851940.0,Office of the Assistant Secretary for Administration,ABSCUS INC.,D324,2019-08-16,2021-08-15 00:00:00,NOT COMPETED UNDER SAP,,"THE DEPARTMENT OF HEALTH AND HUMAN SERVICES (DHHS), OFFICE OF THE SECRETARY (OS), OFFICE OF CIVIL RIGHTS (OCR) SEEKS THE SERVICES OF A CONTRACTOR TO PROVIDE BROAD-BASED IT PROJECT MANAGEMENT SUPPORT IN THE REPLACEMENT OF THE PROGRAM INFORMATION MANA",https://www.usaspending.gov/award/CONT_AWD_75P00119P00129_7570_-NONE-_-NONE-
analytics_reporting,sole_source,,845504.64,Defense Health Agency,"VISTA DEFENSE TECHNOLOGIES, LLC",DD01,2021-01-27,2025-02-24 00:00:00,NOT AVAILABLE FOR COMPETITION,,COMMANDER RISK REDUCTION DASHBOARD SUPPORT SERVICES,https://www.usaspending.gov/award/CONT_AWD_HT001521F0023_9700_HT001520D0001_9700
other,sole_source,1,841723.65,National Institutes of Health,"AXON ENTERPRISE, INC.",DA10,2024-08-12,2029-08-11 00:00:00,NOT COMPETED,,"AXON ENTERPRISE, BODY CAMERA",https://www.usaspending.gov/award/CONT_AWD_75N98024P02645_7529_-NONE-_-NONE-
other,sole_source,1,841238.89,Department of Veterans Affairs,"AURORA CONVENTION CENTER HOTEL LESSEE, LLC",DB01,2023-07-25,2023-08-08 00:00:00,NOT COMPETED,,AWIS CONFERENCE,https://www.usaspending.gov/award/CONT_AWD_36C10X23C0037_3600_-NONE-_-NONE-
other,sole_source,,840195.6,Department of Veterans Affairs,"CENSIS TECHNOLOGIES, INC.",DA10,2026-03-24,2027-03-23 00:00:00,NOT COMPETED,,CENSITRAC AND RELATED CENSIS SOFTWARE IDIQ,https://www.usaspending.gov/award/CONT_AWD_36C10B26F0101_3600_36C10B26D0007_3600
other,sole_source,1,837312.0,Department of Veterans Affairs,CLINICOMP INTERNATIONAL INC,DA10,2025-10-01,2026-09-30 00:00:00,NOT COMPETED UNDER SAP,,CLINICOMP,https://www.usaspending.gov/award/CONT_AWD_36C24126N0008_3600_36C10G21A0002_3600
other,sole_source,1,831987.2,Defense Health Agency,"MALAMA, LLC",DA10,2023-06-30,2024-02-29 00:00:00,NOT AVAILABLE FOR COMPETITION,,VETERINARY SERVICE INFORMATION MANAGEMENT SYSTEM SUPPORT SERVICES,https://www.usaspending.gov/award/CONT_AWD_HT001123C0086_9700_-NONE-_-NONE-
other,sole_source,1,831525.5,Department of Veterans Affairs,PAYTON MERGER SUB II LLC,DA10,2024-04-29,2026-10-31 00:00:00,FULL AND OPEN COMPETITION,,VHA VISN 10 - AUDIOCARE MODULES,https://www.usaspending.gov/award/CONT_AWD_36C25024F0750_3600_47QTCA22D00CM_4732
other,sole_source,1,831249.94,Defense Health Agency,"ESO SOLUTIONS, INC.",D302,2020-09-18,2025-09-28 00:00:00,NOT COMPETED,,MAINTENANCE AND SUPPORT FOR STORE AND FORWARD,https://www.usaspending.gov/award/CONT_AWD_W81XWH20P0178_9700_-NONE-_-NONE-
other,sole_source,1,830236.0,Food and Drug Administration,NTELX INC.,D311,2020-02-20,2025-02-28 00:00:00,NOT COMPETED,,NTELX SOFTWARE MAINTENANCE AND UPGRADE AGREEMENT,https://www.usaspending.gov/award/CONT_AWD_75F40120C00013_7524_-NONE-_-NONE-
infrastructure_ops,sole_source,1,829943.6,Office of Assistant Secretary for Preparedness and Response,ATT MOBILITY LLC,DD01,2024-04-01,2029-03-29 00:00:00,FULL AND OPEN COMPETITION,,FIRSTNET MOBILE COMMUNICATOINS,https://www.usaspending.gov/award/CONT_AWD_75A50224F80007_7505_47QTCA19D00MV_4732
other,sole_source,,829835.87,Indian Health Service,GEONORTH INFORMATION SYSTEMS LLC,DA10,2021-11-24,2022-11-23 00:00:00,NOT AVAILABLE FOR COMPETITION,,EO14042 CONTRACTOR TO PROVIDE ALL LABOR AND SERVICES NECESSARY TO SUPPORT THE 2022 DIVISION OF SANITATION FACILITIES CONSTRUCTION (DSFC) PROFESSIONAL AND IT SUPPORT SERVICES,https://www.usaspending.gov/award/CONT_AWD_75H70122F30008_7527_75H70120D00029_7527
other,sole_source,1,828199.92,Department of Veterans Affairs,OLYMPUS AMERICA INC,DA10,2021-08-05,2026-09-28 00:00:00,NOT AVAILABLE FOR COMPETITION,,OLYMPUS OPERATING ROOM SOFTWARE PLUS SERVICE PLAN,https://www.usaspending.gov/award/CONT_AWD_36C25621P0956_3600_-NONE-_-NONE-
other,sole_source,1,825263.6,Office of the Assistant Secretary for Financial Resources,INITIATE GOVERNMENT SOLUTIONS LLC,DA10,2026-07-29,2029-08-01 00:00:00,FULL AND OPEN COMPETITION,,ENTERPRISE SOFTWARE PROGRAM DEVELOPMENT SUPPORT SERVICES,https://www.usaspending.gov/award/CONT_AWD_7571TE26F66005_7571_75P00119A00089_7570
portal_web,sole_source,,824935.08,National Institutes of Health,"PBG CONSULTING, LLC",D399,2020-07-13,2024-07-14 00:00:00,NOT AVAILABLE FOR COMPETITION,,"PROVIDE WEBSITE MAINTENANCE TO CSSI, NCI OFFICE OF THE DIRECTOR, AND OTHER SUPPORTING NCI DIVISIONS/CENTERS/OFFICES.",https://www.usaspending.gov/award/CONT_AWD_75N91020F00001_7529_75N91020D00004_7529
other,sole_source,1,822950.26,Centers for Disease Control and Prevention,"CARTER CONSULTING, INC.",D399,2016-03-02,2021-01-03 00:00:00,FULL AND OPEN COMPETITION,,IGF::OT::IGF,https://www.usaspending.gov/award/CONT_AWD_HHSD2002010372030011_7523_HHSD200201037203I_7523
infrastructure_ops,sole_source,1,820467.0,Department of Veterans Affairs,PAYTON MERGER SUB II LLC,DA10,2024-05-01,2029-04-30 00:00:00,FULL AND OPEN COMPETITION,,"CONTRACTOR SHALL PROVIDE AUDIOPREFILL, TM-PREFILL, AUDIOCOMMUNICATOR STANDARD, TM-COMMUNICATOR, AUDIOCOMMUNICATOR-DM MODULES AND ANNUAL SUPPORT LICENSING AND TEXT MESSAGING FOR MULTIPLE FACILITIES WITHIN VSIN 12.",https://www.usaspending.gov/award/CONT_AWD_36C25224N0364_3600_47QTCA22D00CM_4732
other,sole_source,,816553.6,Department of Veterans Affairs,"CENSIS TECHNOLOGIES, INC.",DA10,2026-08-31,2027-08-31 00:00:00,NOT COMPETED,,CENSITRAC AND RELATED CENSIS SOFTWARE IDIQ EO 14398,https://www.usaspending.gov/award/CONT_AWD_36C10B26F0295_3600_36C10B26D0007_3600
other,sole_source,1,816062.26,Department of Veterans Affairs,ALVAREZ LLC,DA01,2021-02-24,2025-04-30 00:00:00,FULL AND OPEN COMPETITION AFTER EXCLUSION OF SOURCES,,"CLINTEGRITY 360 CDI PRO & VERA ANALYZER LICENSES, IMPLEMENTATION, AND TRAINING.",https://www.usaspending.gov/award/CONT_AWD_36C24421F0182_3600_NNG15SD19B_8000
other,sole_source,1,812904.0,Department of Veterans Affairs,CLINICOMP INTERNATIONAL INC,DA10,2024-10-01,2025-09-30 00:00:00,NOT COMPETED UNDER SAP,,CLINICOMP SAC BPA TASK ORDER YEAR 3 ANNUAL SYAAS RENEWAL/ANNUAL PM VISN 1,https://www.usaspending.gov/award/CONT_AWD_36C24125N0028_3600_36C10G21A0002_3600
registry_surveillance,sole_source,1,812785.64,Department of Veterans Affairs,"CENSIS TECHNOLOGIES, INC.",DA10,2025-12-30,2026-12-31 00:00:00,FULL AND OPEN COMPETITION,,VA HAS A REQUIREMENT TO RENEW THE EXISTING CENSITRAC INSTRUMENT TRACKING SYSTEM (ITS) SOFTWARE.,https://www.usaspending.gov/award/CONT_AWD_36C10B26F0053_3600_GS35F0462X_4732
other,sole_source,1,804840.0,Office of the Assistant Secretary for Financial Resources,SARA SOFTWARE SYSTEMS LLC,DH10,2023-09-28,2028-09-29 00:00:00,NOT AVAILABLE FOR COMPETITION,,INDIAN HEALTH SERVICE (IHS) SERVICENOW DEVELOPMENT AND SUPPORT,https://www.usaspending.gov/award/CONT_AWD_75P00123C00053_7570_-NONE-_-NONE-
credentialing_provider_data,sole_source,1,803625.0,Department of Veterans Affairs,SYMPLR SOFTWARE LLC,DA10,2024-05-20,2027-05-19 00:00:00,NOT COMPETED UNDER SAP,,SYMPLR CREDENTIALING SOFTWARE AND TRAINING,https://www.usaspending.gov/award/CONT_AWD_36C10B24C0016_3600_-NONE-_-NONE-
other,sole_source,1,795667.0,Office of the Assistant Secretary for Financial Resources,INTEUM CO LLC,DA01,2024-08-16,2029-07-15 00:00:00,FULL AND OPEN COMPETITION,,SOFTWARE LICENSE AND SUPPORT FOR NIH PATENT MANAGEMENT SYSTEM.,https://www.usaspending.gov/award/CONT_AWD_75N93024F00352_7529_GS35F369DA_4732
clinical_it_ehr,sole_source,1,795501.4,Defense Health Agency,STARLIMS CORPORATION,DA10,2024-09-23,2029-09-23 00:00:00,NOT COMPETED UNDER SAP,,ENTERPRISE LABORATORY INFORMATION MANAGEMENT SYSTEM (ELIMS) MAINTENANCE SERVICES AND TRAININGS,https://www.usaspending.gov/award/CONT_AWD_HT942524P0182_9700_-NONE-_-NONE-
other,sole_source,1,790830.17,Centers for Medicare and Medicaid Services,AVANZ SYSTEMS INC,DA01,2026-07-22,2031-07-23 00:00:00,NOT COMPETED,,OVERSEEING THE ANNUAL DATA COLLECTION AND MANAGEMENT OF THE HEALTHCARE EFFECTIVENESS DATA AND INFORMATION SET (HEDIS) PATIENT- LEVEL DETAIL (PLD) DATA COLLECTION FOR MEDICARE ADVANTAGE (MA) ORGANIZATIONS FOR THE CENTERS FOR MEDICARE & MEDICAID SERVIC,https://www.usaspending.gov/award/CONT_AWD_75FCMC26C0023_7530_-NONE-_-NONE-
other,sole_source,1,789888.0,Department of Veterans Affairs,CLINICOMP INTERNATIONAL INC,DF10,2022-12-27,2023-12-26 00:00:00,NOT COMPETED UNDER SAP,,1 YEAR OF MAINTENANCE AND SITE LICENSE FEES FOR THE CLINICOMP ICU CLINICAL INFORMATION SYSTEMS AT THE VA MEDICAL CENTERS FOR VISN 9 OF THE VETERANS HEALTH ADMINISTRATION.,https://www.usaspending.gov/award/CONT_AWD_36C24923N0179_3600_36C10G21A0002_3600
other,sole_source,1,789228.0,Department of Veterans Affairs,CLINICOMP INTERNATIONAL INC,DA10,2023-10-01,2027-09-30 00:00:00,NOT COMPETED UNDER SAP,,EXERCISE CLINICOMP ANNUAL PM OPTION YEAR 2 VISN 1: 10/01/23-09/30/24,https://www.usaspending.gov/award/CONT_AWD_36C24124N0021_3600_36C10G21A0002_3600
other,sole_source,1,788312.0,Department of Veterans Affairs,CROSS LINK MEDIA LLC,DH10,2021-05-11,2024-05-31 00:00:00,NOT COMPETED,,TEXT CODE FOR VETERANS IN CRISIS TO USE FROM CELLPHONE,https://www.usaspending.gov/award/CONT_AWD_36C24521P0397_3600_-NONE-_-NONE-
other,sole_source,,788238.0,National Institutes of Health,INSTEM LSS (NORTH AMERICA) LIMITED,DF01,2026-05-14,2028-02-29 00:00:00,NOT COMPETED,,SUPPORT FOR NTP PROVANTIS,https://www.usaspending.gov/award/CONT_AWD_75N96026F00001_7529_75N96023D00001_7529
other,sole_source,1,787095.0,Defense Health Agency,"EBSCO INFORMATION SERVICES, LLC",DA10,2025-12-29,2030-12-30 00:00:00,NOT COMPETED,,COMPREHENSIVE NURSING AND ALLIED HEALTH LITERATURE DATABASE,https://www.usaspending.gov/award/CONT_AWD_HT001126CE008_9700_-NONE-_-NONE-
portal_web,sole_source,1,786945.0,Centers for Medicare and Medicaid Services,NATIONAL COUNCIL FOR PRESCRIPTION DRUG PROGRAMS INC,D309,2019-12-23,2024-12-31 00:00:00,NOT COMPETED,,THIS EFFORT IS TO PROCURE A MULTI-YEAR ARRANGEMENT WITH NCPDP FOR SUBSCRIPTIONS TO THE HCIDEA AND DATAQ STANDARD OUTPUT FILES FOR ELECTRONIC DELIVERY TO CMS WITH A MONTHLY MASTER FILE DISTRIBUTION.,https://www.usaspending.gov/award/CONT_AWD_75FCMC20C0004_7530_-NONE-_-NONE-
infrastructure_ops,sole_source,1,786373.47,Department of Veterans Affairs,DATA INNOVATIONS LLC,DH01,2023-03-01,2025-08-31 00:00:00,NOT COMPETED,,UNIVERSAL LABORATORY INTERFACE SYSTEM SUPPORT,https://www.usaspending.gov/award/CONT_AWD_36C25223P0423_3600_-NONE-_-NONE-
other,sole_source,,784322.52,Office of Assistant Secretary for Preparedness and Response,EAGLE HARBOR SOLUTIONS LLC,DD01,2024-01-11,2025-09-29 00:00:00,NOT AVAILABLE FOR COMPETITION,,AUDIO VISUAL SYSTEM OPERATIONS AND MAINTENANCE SUPPORT SERVICE,https://www.usaspending.gov/award/CONT_AWD_75A50224F62013_7505_75A50120D00025_7505
other,sole_source,1,783629.34,Department of Veterans Affairs,CARAHSOFT TECHNOLOGY CORP,DA10,2024-01-01,2028-12-31 00:00:00,FULL AND OPEN COMPETITION,,NUANCE POWERSCRIBE,https://www.usaspending.gov/award/CONT_AWD_36C24124F0058_3600_NNG15SC27B_8000
scheduling_referral_community_care,sole_source,1,783511.35,Department of Veterans Affairs,"GOVERNMENT MARKETING AND PROCUREMENT, LLC",DA10,2023-11-06,2026-11-06 00:00:00,FULL AND OPEN COMPETITION,,NATIONAL TELERADIOLOGY PROGRAM QGENDA SCHEDULING LICENSES,https://www.usaspending.gov/award/CONT_AWD_36C10B24F0021_3600_GS07F187GA_4732
other,sole_source,1,781819.26,National Institutes of Health,"THE BIOTEAM, LLC",DA01,2021-05-12,2022-11-30 00:00:00,FULL AND OPEN COMPETITION,,NHLBI BIODATA CATALYST ASSESSMENT,https://www.usaspending.gov/award/CONT_AWD_75N92021F00135_7529_47QTCA19D00JP_4732
other,sole_source,1,781626.25,Department of Veterans Affairs,HEALTHINFONET,D316,2020-03-31,2025-01-31 00:00:00,NOT COMPETED,,HEALTH INFORMATION EXCHANGE SERVICES,https://www.usaspending.gov/award/CONT_AWD_36C24120C0018_3600_-NONE-_-NONE-
other,sole_source,1,781196.85,Department of Veterans Affairs,"UNICOM GOVERNMENT, INC.",DA10,2024-04-03,2028-03-31 00:00:00,FULL AND OPEN COMPETITION,,UNICOM SOFTWARE MAINTENANCE,https://www.usaspending.gov/award/CONT_AWD_36C10B24F0102_3600_NNG15SD56B_8000
other,sole_source,1,777503.66,National Institutes of Health,"BELL INDUSTRIES, INC",D399,2018-07-20,2023-07-31 00:00:00,NOT COMPETED UNDER SAP,,"IS - PLEASE ISSUE A REQUISITION TO BELL TECHLOGIX - MS EES AGREEMENT MEEC CONTRACT #12477 IN THE AMOUNT OF $158,212.74",https://www.usaspending.gov/award/CONT_AWD_75N97018P00106_7529_-NONE-_-NONE-
portal_web,sole_source,1,775691.0,National Institutes of Health,"INFORMATION MANAGEMENT SERVICES, INC.",D308,2020-07-24,2026-01-26 00:00:00,NOT COMPETED UNDER SAP,,"GSA CONTRACT #: GS-35F-0448W TITLE: ""CANCER MOONSHOT BIOBANK ONLINE CATALOG."" NON-SEVERABLE (BASE PERIOD) / T&M TYPE BPA CALL. BPA CALL BASE PERIOD OF PERFORMANCE: 07/27/2020 TO 07/26/2022",https://www.usaspending.gov/award/CONT_AWD_75N91020F00004_7529_HHSN261201500002B_7529
other,sole_source,1,772483.99,Department of Veterans Affairs,"DOCUMENT STORAGE SYSTEMS, INC.",DA01,2024-10-01,2028-12-31 00:00:00,FULL AND OPEN COMPETITION,,DATABRIDGE SOFTWARE SUBSCRIPTION MAINTENANCE AND SUPPORT SERVICES CONTRACT.,https://www.usaspending.gov/award/CONT_AWD_36C26325F0009_3600_47QTCA23D005Q_4732
other,sole_source,1,772285.28,Office of the Assistant Secretary for Financial Resources,"INOVALON PROVIDER, INC",DA10,2021-08-30,2027-02-28 00:00:00,NOT COMPETED,,INSURANCE VERIFICATION SOFTWARE SERVICE FOR THE PHOENIX INDIAN MEDICAL CENTER,https://www.usaspending.gov/award/CONT_AWD_75H71221C00017_7527_-NONE-_-NONE-
other,sole_source,,768855.3,National Institutes of Health,INSTEM LSS (NORTH AMERICA) LIMITED,DF01,2025-05-21,2028-02-29 00:00:00,NOT COMPETED,,NTP PROVANTIS SUPPORT IDIQ,https://www.usaspending.gov/award/CONT_AWD_75N96025F00001_7529_75N96023D00001_7529
other,sole_source,1,765623.0,Department of Veterans Affairs,"WAVEMARK, INC",DA01,2023-12-19,2028-11-13 00:00:00,NOT COMPETED,,"WAVEMARK INVENTORY MANAGEMENT SUPPORT AND MAINTENANCE FOR PUGET SOUND, BOISE AND PORTLAND VAMC'S",https://www.usaspending.gov/award/CONT_AWD_36C26024P0143_3600_-NONE-_-NONE-
other,sole_source,1,756072.85,Indian Health Service,ARDENT TECHNOLOGIES INC,D399,2019-06-07,2024-06-09 00:00:00,NOT AVAILABLE FOR COMPETITION,,"PROVIDE TRAINING AND SUPPORT SERVICES NECESSARY TO PROVIDE RPMS/HER SUPPORT FOR TRIBAL AND URBAN PROGRAMS THAT FALL WITHIN THE BOUNDARIES OF THE IHS, CALIFORNIA AREA OFFICE.",https://www.usaspending.gov/award/CONT_AWD_75H70319P00019_7527_-NONE-_-NONE-
other,sole_source,1,755873.22,Department of Veterans Affairs,COLOSSAL CONTRACTING LLC,DC10,2025-09-16,2030-09-24 00:00:00,FULL AND OPEN COMPETITION AFTER EXCLUSION OF SOURCES,,FORENSIC ENCLAVE CONTINUING OPERATIONS,https://www.usaspending.gov/award/CONT_AWD_36C10M25F50089_3600_NNG15SD72B_8000
other,sole_source,1,755163.37,National Institutes of Health,KNZ SOLUTIONS INC,7035,2020-07-08,2021-07-07 00:00:00,NOT COMPETED UNDER SAP,,KNZ SOLUTIONS INC:1337152 [20-010496] THE NIH AND CC IS STANDARDIZED ON CISCO. FOR REASONS OF COMPATIBILITY AND INTEROPERABILITY NO SUBSTITUTIONS OR ALTERNATIVES WILL BE ACCEPTED. ALL CISCO PARTS MUST BE SEALED AND GENUINE CISCO TO MAINTAIN EXISTING,https://www.usaspending.gov/award/CONT_AWD_75N90020P00548_7529_-NONE-_-NONE-
other,sole_source,1,750326.0,Office of the Assistant Secretary for Financial Resources,CREDAL.AI CORPORATION,DA01,2026-07-24,2030-08-18 00:00:00,NOT COMPETED,,"THIS AWARD RESULTS FROM THE TRANSFER OF CONTRACT NO. 140D0425C0056, ADMINISTRATION FOR CHILDREN AND FAMILIES (ACF) TECH ENTERPRISE GENERATIVE ARTIFICIAL INTELLIGENCE (GENAI) PLATFORM REQUIREMENT., ORIGINALLY AWARDED BY THE DEPARTMENT OF INTERIOR (DOI",https://www.usaspending.gov/award/CONT_AWD_7571TE26C00003_7571_-NONE-_-NONE-
other,sole_source,1,746926.4,Food and Drug Administration,VERSATECH INC,DF01,2022-08-25,2023-08-24 00:00:00,FULL AND OPEN COMPETITION AFTER EXCLUSION OF SOURCES,,CFSAN AV SUPPORT AND MAINTENANCE,https://www.usaspending.gov/award/CONT_AWD_75F40122F80325_7524_75N98119D00077_7529
survey_measurement,sole_source,1,745788.89,Indian Health Service,"ACCESS COMMUNICATIONS GROUP, LLC",DJ01,2022-09-16,2024-04-14 00:00:00,NOT COMPETED UNDER SAP,,"CONTRACTOR WILL COMPLETE A SITE SURVEY AT EACH LOCATION TO DETERMINE WHAT IS CURRENTLY IMPLEMENTED, AREAS OF FOCUS ON CAMERAS, REVIEW POSSIBLE PROBLEMATIC AREAS, REVIEW AND DISCUSSIONS ON CCTV SYSTEM REQUIREMENTS, AND REVIEW ADDITIONAL INFORMATION AN",https://www.usaspending.gov/award/CONT_AWD_75H71022P01950_7527_-NONE-_-NONE-
clinical_it_ehr,sole_source,1,745000.0,Department of Veterans Affairs,DATA INNOVATIONS LLC,DH10,2026-09-01,2027-09-14 00:00:00,FULL AND OPEN COMPETITION,,HTM/BIOMED VISN 23 DATA INNOVATIONS (DI) ORACLE MIGRATION PROFESSIONAL SERVICES FOR THE INTEGRATION OF ITS EXISTING DI INSTRUMENT MANAGER LABORATORY MIDDLEWARE PLATFORM WITHIN VISN 23 WITH ORACLE HEALTH FEDERAL ELECTRONIC HEALTH RECORD.  EO 14398,https://www.usaspending.gov/award/CONT_AWD_36C10B26F0326_3600_GS35F389DA_4732
analytics_reporting,sole_source,1,743942.38,Food and Drug Administration,"SALIENT CRGT, INC.",DA01,2023-03-23,2023-11-23 00:00:00,FULL AND OPEN COMPETITION,,FDA DATA DASHBOARD BRIDGE ORDER,https://www.usaspending.gov/award/CONT_AWD_75F40123F80075_7524_47QTCA21D001Y_4732
other,sole_source,1,741851.0,Defense Health Agency,LOVELACE BIOMEDICAL RESEARCH INSTITUTE,DF01,2022-09-16,2027-09-19 00:00:00,NOT COMPETED UNDER SAP,,"LICENSE AND MAINTENANCE SUPPORT, ON-SITE SUPPORT SERVICES FOR VSP WRAIR.",https://www.usaspending.gov/award/CONT_AWD_W81XWH22P0157_9700_-NONE-_-NONE-
other,sole_source,1,739174.62,Centers for Disease Control and Prevention,STUDIO 361 INC,D308,2005-08-03,2007-07-21 00:00:00,NOT COMPETED,,"200-2005-13064 STUDIO 361 INTERACTIVE, INC.",https://www.usaspending.gov/award/CONT_AWD_HHSD200200513064C_7523_-NONE-_-NONE-
other,sole_source,1,736810.0,Department of Veterans Affairs,911INET LLC,DG11,2023-09-19,2027-02-28 00:00:00,NOT COMPETED,,"RADIO COMMUNICATION SERVICE JESSE BROWN VA MEDICAL CENTER, CHICAGO, IL",https://www.usaspending.gov/award/CONT_AWD_36C25223P1115_3600_-NONE-_-NONE-
other,sole_source,1,730000.0,Defense Health Agency,SWINGTIDE INC,DF01,2025-10-31,2026-08-31 00:00:00,NOT COMPETED UNDER SAP,,MARKET INTELLIGENCE SUPPORT SERVICES,https://www.usaspending.gov/award/CONT_AWD_HT003826CE001_9700_-NONE-_-NONE-
other,sole_source,1,728442.75,National Institutes of Health,TTEC GOVERNMENT SOLUTIONS LLC,DA10,2024-09-11,2025-09-02 00:00:00,FULL AND OPEN COMPETITION,,"OPERATIONS AND MAINTENANCE SUPPORT FOR ORBIT, THE DIVISION OF TRANSLATIONAL TOXICOLOGY ORGANIZATIONAL RESOURCE AND BUSINESS INFORMATION TOOL.",https://www.usaspending.gov/award/CONT_AWD_75N96024F00056_7529_GS35F151GA_4732
other,sole_source,1,727619.82,National Institutes of Health,SOFTWARE CONSULTANTS INC,DA01,2024-09-20,2025-03-19 00:00:00,FULL AND OPEN COMPETITION,,TECHNICAL SUPPORT FOR DISCOVERY SERVICE FOR WOMEN'S HEALTH RESEARCH,https://www.usaspending.gov/award/CONT_AWD_75N97024F00100_7529_47QTCA23D00BQ_4732
other,sole_source,,721038.48,Food and Drug Administration,"DUN & BRADSTREET, INC",D399,2020-09-04,2025-09-21 00:00:00,NOT COMPETED,,"DUNS AND BRADSTREET SERVICES FOR OFFICE OF OPERATIONS (OO), OFFICE OF ETHICS AND INTEGRITY (OEI)",https://www.usaspending.gov/award/CONT_AWD_75F40120F19007_7524_75F40120D00005_7524
infrastructure_ops,sole_source,1,715700.0,Department of Veterans Affairs,"LRP PUBLICATIONS, INC.",DA10,2023-09-21,2028-09-03 00:00:00,FULL AND OPEN COMPETITION,,HCS OFO CYBERFEDS,https://www.usaspending.gov/award/CONT_AWD_36C10D23F0087_3600_47QTCA20D002P_4732
document_processing,sole_source,1,713506.0,National Institutes of Health,TRANSPERFECT TRANSLATIONS INTERNATIONAL INC,DA01,2026-03-04,2026-12-03 00:00:00,NOT COMPETED,,"TRANSPERFECT TRIAL INTERACTIVE ETMF SAAS AND SUPPORTING SERVICES. TASKS FOCUS ON OPERATION AND SUPPORT OF THE PRODUCTION SYSTEM. SERVICES INCLUDE TRAINING, DETERMINING AND DOCUMENTING REQUIREMENTS, CONFIGURING, EVALUATING, REVISING MASTER TEMPLATES A",https://www.usaspending.gov/award/CONT_AWD_75N98026P00085_7529_-NONE-_-NONE-
other,sole_source,1,712598.5,Department of Veterans Affairs,"GOVERNMENT MARKETING AND PROCUREMENT, LLC",DA10,2025-05-02,2028-04-30 00:00:00,FULL AND OPEN COMPETITION,,VISN 8 QGENDA SOFTWARE LICENSES AND MAINTENANCE.,https://www.usaspending.gov/award/CONT_AWD_36C10B25F0116_3600_GS07F187GA_4732
other,sole_source,1,711921.47,Centers for Disease Control and Prevention,"CHENEGA SERVICES & FEDERAL SOLUTIONS, LLC",DD01,2026-06-18,2030-06-21 00:00:00,NOT COMPETED UNDER SAP,,EO 14398  SERVICES TO SUPPORT THE INFORMATION SECURITY (INFOSEC) AND IT SHARED SERVICES ACTIVITIES,https://www.usaspending.gov/award/CONT_AWD_75D30126P20949_7523_-NONE-_-NONE-
portal_web,sole_source,1,711151.62,Office of the Assistant Secretary for Administration,BRUNET-GARCIA ADVERTISING LLC,D314,2017-09-05,2020-09-29 00:00:00,FULL AND OPEN COMPETITION,,IGF::OT::IGF COMMUNICATIONS AND WEBSITE MANAGEMENT FOR THE HEALTH PROFESSION OPPORTUNITY GRANTS,https://www.usaspending.gov/award/CONT_AWD_HHSP233201700254G_7570_GS07F0495Y_4732
document_processing,sole_source,1,710401.3,Office of the Assistant Secretary for Financial Resources,"AINS, LLC",DF01,2021-06-02,2026-08-30 00:00:00,FULL AND OPEN COMPETITION,,FOIAXPRESS,https://www.usaspending.gov/award/CONT_AWD_75P00121F80115_7570_GS35F576GA_4732
other,sole_source,1,708298.5,Department of Veterans Affairs,"DOCUMENT STORAGE SYSTEMS, INC.",DA10,2022-05-26,2026-05-01 00:00:00,FULL AND OPEN COMPETITION,,PERIOP SOFTWARE,https://www.usaspending.gov/award/CONT_AWD_36C25022F0499_3600_GS35F0485N_4730
other,sole_source,1,707994.6,Food and Drug Administration,MSM TECHNOLOGY LLC,DA01,2022-06-01,2023-06-05 00:00:00,FULL AND OPEN COMPETITION AFTER EXCLUSION OF SOURCES,,"THE PURPOSE OF THIS TASK ORDER IS TO ACQUIRE FULL SYSTEM LIFE CYCLE SUPPORT SERVICES FOR THE FDA EBO BI SUITE OF SOFTWARE PRODUCTS, EBO ENVIRONMENTS AND EBO DME WORK.",https://www.usaspending.gov/award/CONT_AWD_75F40122F80158_7524_47QTCB21D0354_4732
analytics_reporting,sole_source,1,707893.89,Food and Drug Administration,EQUINOXYS INC.,DF01,2025-06-24,2026-06-19 00:00:00,FULL AND OPEN COMPETITION,,FY 25 DATA ANALYTICS AS A SERVICE (DAAAS) SUPPORT,https://www.usaspending.gov/award/CONT_AWD_75F40125F80092_7524_47QTCA25D007F_4732
other,sole_source,,705566.76,National Institutes of Health,"CHICKASAW FUTREND TECHNOLOGIES ALLIANCE, LLC",DD01,2026-09-11,2027-09-29 00:00:00,NOT AVAILABLE FOR COMPETITION,,"CCIT OPERATIONS AND MAINTENANCE WITH CHICKASAW FUTREND TECHNOLOGIES ALLIANCE, LLC:1499239 [26-008336]",https://www.usaspending.gov/award/CONT_AWD_75N98026F00006_7529_75N90024D00007_7529
other,sole_source,1,702380.0,Health Resources and Services Administration,SLSTECHNOGENJV LLC,DE01,2025-09-30,2028-09-29 00:00:00,NOT COMPETED UNDER SAP,,OIT-SERVICES38 C 6581 CONFERENCE TECHNOLOGY MANAGEMENT,https://www.usaspending.gov/award/CONT_AWD_75R60225C00009_7526_-NONE-_-NONE-
document_processing,sole_source,1,700750.05,Department of Veterans Affairs,"OMNIGO SOFTWARE, LLC",D309,2020-09-22,2024-03-30 00:00:00,NOT COMPETED,,VA LAW ENFORCEMENT TRAINING CENTER POLICE RECORDS MANAGEMENT SYSTEM,https://www.usaspending.gov/award/CONT_AWD_36C10X20P0150_3600_-NONE-_-NONE-
other,sole_source,1,700616.86,Centers for Disease Control and Prevention,"COMCAST CABLE COMMUNICATIONS, LLC",D322,2019-03-12,2023-03-10 00:00:00,NOT COMPETED,,COMCAST INTERNET AND CABLE SERVICES,https://www.usaspending.gov/award/CONT_AWD_75D30119C04287_7523_-NONE-_-NONE-
other,sole_source,1,700000.0,Department of Veterans Affairs,GOVCONNECTION INC,DA01,2025-10-01,2027-09-30 00:00:00,FULL AND OPEN COMPETITION,,VITRIA BUSINESSWARE LICENSES AND MAINTENANCE,https://www.usaspending.gov/award/CONT_AWD_36C10B26F0004_3600_NNG15SC36B_8000
other,sole_source,1,699886.66,Food and Drug Administration,TRIGENT SOLUTIONS INC,DA10,2024-09-11,2025-03-11 00:00:00,FULL AND OPEN COMPETITION AFTER EXCLUSION OF SOURCES,,SCIENTIFIC DATA SYSTEM SUPPORT & MODERNIZATION (SDSSM) BRIDGE ORDER,https://www.usaspending.gov/award/CONT_AWD_75F40124F80333_7524_75N98120D00098_7529
other,sole_source,1,699117.25,National Institutes of Health,CDW GOVERNMENT LLC,7021,2019-08-07,2020-08-07 00:00:00,FULL AND OPEN COMPETITION,,"COMPUTER REPLACEMENTS NIAID CENTRALIZED COMPUTER ACQUISITION, CONFIGURATION, AND DISTRIBUTION PROGRAM",https://www.usaspending.gov/award/CONT_AWD_75N93019F00139_7529_HHSN316201500011W_7529
other,sole_source,1,699033.52,Administration for Children and Families,"ZOLON PCS, LLC",DC01,2024-09-30,2025-09-29 00:00:00,NOT COMPETED UNDER SAP,,ZOLON TECH TO PROVIDE ADDITIONAL RESOURCES TO EFFECTIVELY SUPPORT THE OPTIMAL STRATEGY FOR MIGRATING UP TO 30 APPLICATIONS FROM ACF'S LEGACY AWS ENVIRONMENT TO NGSC,https://www.usaspending.gov/award/CONT_AWD_75ACF124P00022_7590_-NONE-_-NONE-
other,sole_source,,698338.36,Food and Drug Administration,"EXECUTIVE INFORMATION SYSTEMS, L.L.C.",DA10,2025-05-01,2026-05-02 00:00:00,FULL AND OPEN COMPETITION,,FY25 SAS SERVICE CONTINUATION,https://www.usaspending.gov/award/CONT_AWD_75F40125F19017_7524_75F40121A00013_7524
other,sole_source,1,695375.07,Indian Health Service,"ENVIRONMENTAL SYSTEMS RESEARCH INSTITUTE, INC.",DA10,2024-09-25,2026-02-17 00:00:00,FULL AND OPEN COMPETITION,,ENVIRONMENTAL SYSTEMS RESEARCH INSITITUTE (ESRI) SOFTWARE LICENSES AND SUPPORT,https://www.usaspending.gov/award/CONT_AWD_75H70424F80018_7527_GS35F253CA_4732
other,sole_source,1,695181.0,Department of Veterans Affairs,HEALTHCARE CONTROL SYSTEMS INC,DA10,2024-07-03,2029-08-22 00:00:00,NOT COMPETED UNDER SAP,,ORCONTROL SOFTWARE LICENSE AND SUPPORT,https://www.usaspending.gov/award/CONT_AWD_36C25724P0417_3600_-NONE-_-NONE-
grants_contracts_admin,sole_source,1,690800.0,National Institutes of Health,"PLEXON, INC",DA10,2024-07-03,2025-06-30 00:00:00,NOT COMPETED UNDER SAP,,THE BRIGGS LSR LAB WILL HAVE 4 RIGS TO PERFORM NEURONAL RECORDINGS. EACH RIG REQUIRES A DATA ACQUISITION SYSTEM THAT WILL RECORD NEURONAL ACTIVITY. THIS QUOTE IS FOR FOUR IDENTICAL DATA ACQUISITION SYSTEMS (1 PER RIG) MANUFACTURED BY PLEXON.,https://www.usaspending.gov/award/CONT_AWD_75N98024P01925_7529_-NONE-_-NONE-
other,sole_source,1,686060.63,Defense Health Agency,"E2 OPTICS, LLC",7035,2018-12-14,2020-07-15 00:00:00,NOT AVAILABLE FOR COMPETITION,,AUDIO VISUAL AND VIDEO TELECONFERENCING EQUIPMENT,https://www.usaspending.gov/award/CONT_AWD_HT001519C0001_9700_-NONE-_-NONE-
infrastructure_ops,sole_source,1,684785.0,Substance Abuse and Mental Health Services Administration,CENTERPOINT LLC,DJ01,2026-08-21,2026-11-23 00:00:00,FULL AND OPEN COMPETITION AFTER EXCLUSION OF SOURCES,,"SUBSTANCE ABUSE AND MENTAL HEALTH SERVICES ADMINISTRATION (SAMHSA), OFFICE OF MANAGEMENT, TECHNOLOGY AND OPERATIONS, DIVISION OF TECHNOLOGY MANAGEMENT (OMTO/DTM) CYBERSECURITY AND MANAGEMENT SUPPORT",https://www.usaspending.gov/award/CONT_AWD_75S20326F80003_7522_75N98118D00043_7529
other,sole_source,1,683112.52,Department of Veterans Affairs,"COMPUTRITION, INC.",DA10,2025-04-03,2029-03-31 00:00:00,FULL AND OPEN COMPETITION,,COMPUTRITION SOFTWARE,https://www.usaspending.gov/award/CONT_AWD_36C10B25F0087_3600_47QTCA21D005U_4732
other,sole_source,1,681175.26,Department of Veterans Affairs,"CENSIS TECHNOLOGIES, INC.",DA01,2025-12-03,2028-12-05 00:00:00,NOT COMPETED,,CENSITRAC SUBSCRIPTIONS AND SUPPORT,https://www.usaspending.gov/award/CONT_AWD_36C10B26C0012_3600_-NONE-_-NONE-
other,sole_source,1,677545.39,Department of Veterans Affairs,"MINBURN TECHNOLOGY GROUP, LLC",DF01,2021-10-26,2025-11-08 00:00:00,FULL AND OPEN COMPETITION AFTER EXCLUSION OF SOURCES,,DSS LIVE DATA SOFTWARE LICENSING SERVICE AND SUPPORT,https://www.usaspending.gov/award/CONT_AWD_36C26122F0016_3600_NNG15SD34B_8000
other,sole_source,1,674309.88,Centers for Disease Control and Prevention,H3 SOLUTIONS INC,D399,2019-03-15,2022-04-14 00:00:00,FULL AND OPEN COMPETITION,,ENHANCEMENT AND MAINTENANCE OF THE NIOSH PROJECT PLANNING AND MANAGEMENT SYSTEM,https://www.usaspending.gov/award/CONT_AWD_75D30119F03779_7523_GS35F0178U_4730
other,sole_source,1,671920.0,Food and Drug Administration,HP INC.,D399,2007-09-17,2008-09-19 00:00:00,NON-COMPETITIVE DELIVERY ORDER,,IT SERVICES,https://www.usaspending.gov/award/CONT_AWD_HHSF223200750682G_7524_GS35F0066N_4730
other,sole_source,,670551.0,Office of the Assistant Secretary for Financial Resources,"GARTNER, INC.",DA01,2026-09-24,2031-09-29 00:00:00,FULL AND OPEN COMPETITION,,IHS GARTNER SUBSCRIPTIONS ORDER,https://www.usaspending.gov/award/CONT_AWD_7571PS26F68010_7571_7571PS26A00003_7571
other,sole_source,3,669612.95,National Institutes of Health,ATT MOBILITY LLC,D304,2018-09-26,2021-03-31 00:00:00,FULL AND OPEN COMPETITION,,IGF::OT::IGF CELLULAR SERVICE WITH AT&T MOBILITY LLC:1109552 [18-014631],https://www.usaspending.gov/award/CONT_AWD_75N94018F00284_7529_GS35F0297K_4730
other,sole_source,1,667355.58,Department of Veterans Affairs,WEST PUBLISHING CORPORATION,DA10,2022-01-31,2026-11-30 00:00:00,FULL AND OPEN COMPETITION,,WESTLAW WEB-BASED LEGAL RESEARCH SUBSCRIPTION,https://www.usaspending.gov/award/CONT_AWD_36C10D22F0009_3600_GS02F026DA_4732
other,sole_source,1,666594.02,Department of Veterans Affairs,"VARIAN MEDICAL SYSTEMS, INC",DA10,2024-09-30,2026-03-23 00:00:00,NOT COMPETED,,SOFTWARE SERVICES FOR RADIATION THERAPY,https://www.usaspending.gov/award/CONT_AWD_36C26224P2386_3600_-NONE-_-NONE-
other,sole_source,1,664478.02,Indian Health Service,"LUMEN TECHNOLOGIES GOVERNMENT SOLUTIONS, INC",DE11,2024-08-21,2026-10-31 00:00:00,NOT COMPETED UNDER SAP,,T1 DATA AND VOICE CIRCUITS SERVICES,https://www.usaspending.gov/award/CONT_AWD_75H71024P01214_7527_-NONE-_-NONE-
other,sole_source,1,662922.81,National Institutes of Health,"WEBFIRST, LLC",DA01,2023-04-19,2025-05-02 00:00:00,FULL AND OPEN COMPETITION AFTER EXCLUSION OF SOURCES,,"MAINTENANCE, SUPPORT, AND ENHANCEMENTS FOR NIHLIBRARY.NIH.GOV SITE",https://www.usaspending.gov/award/CONT_AWD_75N98023F00001_7529_HHSN316201200189W_7529
other,sole_source,,662713.6,Food and Drug Administration,VERSATECH/IMPYRIAN TECHNOLOGY NETWORK LLC,DA01,2026-08-24,2029-08-24 00:00:00,NOT AVAILABLE FOR COMPETITION,,"AUDIO-VISUAL SUPPORT SERVICES, AV TECHNICAL SUPPORT, LABOR SUPPORT, STANDARD CONFERENCE SUPPLIES, AND EQUIPMENT REPAIR AND MAINTENANCE FOR THE FDA HEADQUARTERS SUPPORT OFFICES.",https://www.usaspending.gov/award/CONT_AWD_75F40126F19020_7524_75F40122D00024_7524
other,sole_source,,659175.63,Food and Drug Administration,"ELEMENTS 5, LLC",DG01,2024-03-26,2024-11-25 00:00:00,NOT AVAILABLE FOR COMPETITION,,"THE OBJECTIVE OF THE CONTRACT IS TO MEET THE MODERNIZED RE-DESIGN APPROACH BY INSTALLING OF NINE HUNDRED AND SEVENTY-NINE (979) WAPS AND RELOCATING ONE HUNDRED AND TWENTY-TWO (122) WAPS.  THROUGHOUT THE DESIGNATED FACILITY, ALL ASSOCIATED EQUIPMENT R",https://www.usaspending.gov/award/CONT_AWD_75F40124F19002_7524_75F40123D00042_7524
other,sole_source,,656535.0,Office of the Assistant Secretary for Financial Resources,"GARTNER, INC.",DA01,2026-09-21,2031-09-29 00:00:00,FULL AND OPEN COMPETITION,,TO OBTAIN ACCESS TO EXECUTIVE SUBSCRIPTIONS FOR NIH/OD.,https://www.usaspending.gov/award/CONT_AWD_7571PS26F68006_7571_7571PS26A00003_7571
other,sole_source,,655113.6,Department of Veterans Affairs,"CENSIS TECHNOLOGIES, INC.",DA10,2026-06-25,2027-06-30 00:00:00,NOT COMPETED,,CENSITRAC AND RELATED CENSIS SOFTWARE IDIQ,https://www.usaspending.gov/award/CONT_AWD_36C10B26F0192_3600_36C10B26D0007_3600
analytics_reporting,sole_source,1,653824.94,Defense Health Agency,"EXECUTIVE INFORMATION SYSTEMS, L.L.C.",DD01,2022-08-19,2025-07-30 00:00:00,FULL AND OPEN COMPETITION,,STATISTICAL ANALYSIS SOFTWARE SUPPORT,https://www.usaspending.gov/award/CONT_AWD_HT001522F0119_9700_47QTCA18D0081_4732
other,sole_source,,650552.8,Department of Veterans Affairs,"CENSIS TECHNOLOGIES, INC.",DA10,2026-05-26,2027-06-30 00:00:00,NOT COMPETED,,CENSITRAC AND RELATED CENSIS SOFTWARE IDIQ,https://www.usaspending.gov/award/CONT_AWD_36C10B26F0135_3600_36C10B26D0007_3600
infrastructure_ops,sole_source,,650552.8,Department of Veterans Affairs,"CENSIS TECHNOLOGIES, INC.",DA10,2025-05-29,2026-06-30 00:00:00,FULL AND OPEN COMPETITION,,SUBSCRIPTION CENSITRAC CLOUD SERVER. MOD TO ADD LINE ITEMS,https://www.usaspending.gov/award/CONT_AWD_36C24125N0721_3600_36C24121A0057_3600
infrastructure_ops,sole_source,,650552.8,Department of Veterans Affairs,"CENSIS TECHNOLOGIES, INC.",DA10,2024-03-11,2025-06-30 00:00:00,FULL AND OPEN COMPETITION,,SUBSCRIPTION CENSITRAC CLOUD SERVER. DEOB REMAINNG FUNDS.,https://www.usaspending.gov/award/CONT_AWD_36C24124N0506_3600_36C24121A0057_3600
other,sole_source,1,650000.0,Department of Veterans Affairs,CURAPATIENT INC,DA01,2021-07-26,2024-06-02 00:00:00,NOT COMPETED,,CURAPATIENT SOFTWARE LICENSES AND SERVICES,https://www.usaspending.gov/award/CONT_AWD_36C10B21C0018_3600_-NONE-_-NONE-
other,sole_source,,649152.96,Food and Drug Administration,"PINNACLE 21, LLC",DA01,2023-08-03,2025-09-12 00:00:00,NOT COMPETED,,DATAFIT SUPPORT SERVICES,https://www.usaspending.gov/award/CONT_AWD_75F40123F19009_7524_75F40121D00014_7524
other,sole_source,1,648169.25,Department of Veterans Affairs,"MINBURN TECHNOLOGY GROUP, LLC",DA10,2023-09-25,2024-09-30 00:00:00,FULL AND OPEN COMPETITION AFTER EXCLUSION OF SOURCES,,PERIOP SOFTWARE UPGRADE AND HARDWARE REFRESH,https://www.usaspending.gov/award/CONT_AWD_36C24123F0295_3600_NNG15SD34B_8000
other,sole_source,,648000.0,National Institutes of Health,PALANTIR TECHNOLOGIES INC.,DH10,2024-08-20,2025-08-17 00:00:00,NOT COMPETED,,NIDAP ELECTRONIC SCIENTIFIC REVIEW ASSISTANCE (ESRA) APPLICATION SUPPORT,https://www.usaspending.gov/award/CONT_AWD_75N95024F00002_7529_75N95022D00025_7529
other,sole_source,1,645294.07,Department of Veterans Affairs,"PICIS CLINICAL SOLUTIONS, INC.",DA10,2023-09-19,2024-09-29 00:00:00,NOT COMPETED UNDER SAP,,PICIS ENVISION,https://www.usaspending.gov/award/CONT_AWD_36C26223N0930_3600_36C10G21A0007_3600
infrastructure_ops,sole_source,1,645224.25,Office of the Assistant Secretary for Financial Resources,"BDR SOLUTIONS, LLC",DA10,2025-09-12,2028-09-15 00:00:00,FULL AND OPEN COMPETITION,,UNITED STATES HEALTH TERMINOLOGY SERVER (USHTS),https://www.usaspending.gov/award/CONT_AWD_75P00125F80108_7570_47QTCA21D00CM_4732
other,sole_source,1,644433.95,National Institutes of Health,"DIGITAL INFUZION, LLC",DA01,2024-09-10,2025-09-12 00:00:00,FULL AND OPEN COMPETITION AFTER EXCLUSION OF SOURCES,,DATA HARMONIZATION NEUROBIOBANK,https://www.usaspending.gov/award/CONT_AWD_75N98124F00001_7529_HHSN316201200128W_7529
other,sole_source,1,640378.2,Department of Veterans Affairs,"COMCAST CABLE COMMUNICATIONS, LLC",DG01,2022-05-31,2027-05-31 00:00:00,NOT COMPETED,,CABLE SERVICE FOR MEDICAL CENTER AND CLC,https://www.usaspending.gov/award/CONT_AWD_36C24422P0530_3600_-NONE-_-NONE-
infrastructure_ops,sole_source,1,640149.6,Indian Health Service,SIRIUS FEDERAL LLC,DG01,2023-09-25,2026-09-30 00:00:00,NOT COMPETED,,NON-PERSONAL SERVICES ONSITE NETWORK ENGINEER - PIMC,https://www.usaspending.gov/award/CONT_AWD_75H71223P00211_7527_-NONE-_-NONE-
document_processing,sole_source,1,639839.4,Defense Health Agency,"BUSINESS ENABLED ACQUISITION AND TECHNOLOGY, INC.",DE01,2021-08-26,2025-08-28 00:00:00,NOT COMPETED UNDER SAP,,DENTAL IMAGING COLLABORATIVE ENVIRONMENT,https://www.usaspending.gov/award/CONT_AWD_HT001521C5007_9700_-NONE-_-NONE-
other,sole_source,,638516.68,Department of Veterans Affairs,WELLSPRING WORLDWIDE INC,DH10,2026-07-29,2027-07-31 00:00:00,NOT COMPETED,,EO 14398 SOPHIA SOFTWARE AND PROFESSIONAL SERVICES,https://www.usaspending.gov/award/CONT_AWD_36C24E26N0213_3600_36C24E24D0029_3600
other,sole_source,1,637425.0,Office of the Assistant Secretary for Administration,"BLOOMBERG INDUSTRY GROUP, INC.",DA10,2021-06-22,2026-06-30 00:00:00,NOT COMPETED,,"THE HHS/OGC LAW LIBRARY IS SEEKING TO PROCURE THE BLOOMBERG LAW ELECTRONIC LEGAL DATABASE SERVICE FOR A BASE PERIOD, PLUS FOUR (4) OPTION YEARS, AT A FIRM-FIXED PRICE AND INVOICED IN ANNUAL INSTALLMENTS.",https://www.usaspending.gov/award/CONT_AWD_75P00121P00086_7570_-NONE-_-NONE-
other,sole_source,1,637356.16,Defense Health Agency,"FEDITC, LLC",DA01,2025-07-15,2026-07-14 00:00:00,FULL AND OPEN COMPETITION,,TESTING AND EVALUATION SERVICES,https://www.usaspending.gov/award/CONT_AWD_HT001125F0088_9700_GS35F0269W_4730
other,sole_source,1,636962.88,Department of Veterans Affairs,NOKIA OF AMERICA CORPORATION,DG11,2023-09-27,2025-09-28 00:00:00,NOT COMPETED UNDER SAP,,"WIRELESS EQUIPMENT INSTALLATION, 2050 VIRTUAL OPERATING ROOM",https://www.usaspending.gov/award/CONT_AWD_36C10X23P0120_3600_-NONE-_-NONE-
other,sole_source,1,636888.8,Food and Drug Administration,"MACKSON CONSULTING, LLC",DF10,2024-11-26,2025-09-26 00:00:00,FULL AND OPEN COMPETITION,,JOINT ADMINISTRATION APPLICATION DEVELOPMENT ENVIRONMENT 2 OPERATIONS & MAINTENANCE (O&M) TASK ORDER (TO),https://www.usaspending.gov/award/CONT_AWD_75F40125F80006_7524_GS35F0393Y_4732
infrastructure_ops,sole_source,1,635600.0,Department of Veterans Affairs,"VARIAN MEDICAL SYSTEMS, INC",DA01,2022-02-11,2024-03-14 00:00:00,NOT COMPETED UNDER SAP,,DATA HOSTING FOR VARIAN LINAC SOFTWARE (ECLIPSE/ARIA),https://www.usaspending.gov/award/CONT_AWD_36C25022P0546_3600_-NONE-_-NONE-
other,sole_source,1,634103.71,Defense Health Agency,T AND T CONSULTING SERVICES INC.,D302,2016-07-14,2017-06-30 00:00:00,FULL AND OPEN COMPETITION AFTER EXCLUSION OF SOURCES,,IGF::OT::IGF HBSS IN SUPPORT OF EBMS,https://www.usaspending.gov/award/CONT_AWD_HT001516F0049_9700_GS06F1204Z_4732
other,sole_source,1,633474.8,Department of Veterans Affairs,"ARXIUM, INC.",7035,2020-07-07,2025-11-28 00:00:00,NOT COMPETED,,OPTIFILL UPGRADE,https://www.usaspending.gov/award/CONT_AWD_36C25920P0692_3600_-NONE-_-NONE-
other,sole_source,,632906.0,Food and Drug Administration,"EXECUTIVE INFORMATION SYSTEMS, L.L.C.",DH01,2024-06-28,2026-06-08 00:00:00,FULL AND OPEN COMPETITION,,CDER - SAS CONTINUATION (10 MONTHS),https://www.usaspending.gov/award/CONT_AWD_75F40124F19015_7524_75F40121A00013_7524
infrastructure_ops,sole_source,1,631642.2,Department of Veterans Affairs,"CENSIS TECHNOLOGIES, INC.",DH10,2023-08-29,2025-02-28 00:00:00,NOT COMPETED UNDER SAP,,"ANNUAL RENEWAL OF CENSITRAC, CENSISCOPE, SERVICE+, AND GOVCLOUD SERVICES FOR VISN9.",https://www.usaspending.gov/award/CONT_AWD_36C24923P0925_3600_-NONE-_-NONE-
claims_payment_integrity,sole_source,1,628294.0,Centers for Medicare and Medicaid Services,"TRUE POINT, INCORPORATED",DA01,2023-01-12,2025-07-15 00:00:00,FULL AND OPEN COMPETITION,,"TO OBTAIN SERVICES THAT PROVIDE SOFTWARE ANALYSIS, DESIGN, PROGRAM CODING, UNIT TESTING, AND VALIDATION FOR CAFM SYSTEM ENHANCEMENT, MODIFICATION, AND MAINTENANCE EFFORT.  PROVIDE SOFTWARE ANALYSIS, DESIGN, PROGRAM CODING, UNIT TESTING, AND VALIDATIO",https://www.usaspending.gov/award/CONT_AWD_75FCMC23F0012_7530_GS35F0492W_4730
other,sole_source,1,624000.0,Office of the Assistant Secretary for Financial Resources,PR SYSTEMS LLC,DA01,2025-08-12,2027-08-12 00:00:00,NOT AVAILABLE FOR COMPETITION,,SCIENTIFIC DATA SYSTEM SUPPORT & MODERNIZATION (SDSSM),https://www.usaspending.gov/award/CONT_AWD_75F40125C00050_7524_-NONE-_-NONE-
other,sole_source,,623406.0,Defense Health Agency,"VISTA DEFENSE TECHNOLOGIES, LLC",DD01,2021-09-21,2026-09-26 00:00:00,NOT AVAILABLE FOR COMPETITION,,PAIN MANAGEMENT INNOVATION PROGRAM,https://www.usaspending.gov/award/CONT_AWD_HT001521F0203_9700_HT001520D0001_9700
other,sole_source,1,621855.52,National Institutes of Health,"MASTERCONTROL SOLUTIONS, INC.",DA10,2024-07-01,2025-12-31 00:00:00,NOT COMPETED UNDER SAP,,"ANNUAL RENEWAL OF MASTERCONTROL ELECTONIC QUALITY MANAGEMENT SYSTEM (EQMS) LICENSES. INCLUDES QX COMPLETE FULL NAMED AND BASIC NAMED USER LICENSES, ANNUAL VALIDATION, AND OPTIONS FOR ADDITIONAL QX COMPLETE USER LICENSES.",https://www.usaspending.gov/award/CONT_AWD_75N93024P00805_7529_-NONE-_-NONE-
other,sole_source,1,620575.7,Department of Veterans Affairs,"MAYHEW TECHNOLOGY SOLUTIONS, LLC",DA10,2022-06-13,2027-04-30 00:00:00,NOT COMPETED,,SOFTWARE SERVICE AGREEMENTS (AMERICAN DYNAMIC AND SOFTWARE HOUSE) AND ON-SITE TECHNICAL SUPPORT,https://www.usaspending.gov/award/CONT_AWD_36C25722P0576_3600_-NONE-_-NONE-
other,sole_source,1,619044.0,Department of Veterans Affairs,"WAVEMARK, INC",DA10,2025-10-01,2030-09-30 00:00:00,NOT COMPETED,,WAVEMARK INTERFACE,https://www.usaspending.gov/award/CONT_AWD_36C25626P0023_3600_-NONE-_-NONE-
other,sole_source,1,617722.68,Defense Health Agency,CELLCO PARTNERSHIP,DG10,2023-05-04,2024-05-01 00:00:00,FULL AND OPEN COMPETITION,,WIRELESS SERVICES AND DEVICES,https://www.usaspending.gov/award/CONT_AWD_HT001123F0027_9700_N0024418D0003_9700
other,sole_source,1,617610.62,Department of Veterans Affairs,"GOVERNMENT MARKETING AND PROCUREMENT, LLC",D399,2019-10-01,2023-09-30 00:00:00,FULL AND OPEN COMPETITION,,VOCERA VOICE AND ENGAGE SUPPORT SERVICES,https://www.usaspending.gov/award/CONT_AWD_36C24920N0080_3600_GS35F0858N_4730
other,sole_source,1,617496.7,Food and Drug Administration,ILABS INC,DA10,2022-06-21,2025-06-30 00:00:00,NOT AVAILABLE FOR COMPETITION,,CTP SRMS AND CIA SUPPORT SERVICES,https://www.usaspending.gov/award/CONT_AWD_75F40122P00183_7524_-NONE-_-NONE-
other,sole_source,1,617120.64,Indian Health Service,PAYTON MERGER SUB II LLC,DG11,2025-09-17,2027-03-15 00:00:00,FULL AND OPEN COMPETITION,,PHOENIX AREA-WIDE AUTOMATED REFILL PHARMACY PROGRAM,https://www.usaspending.gov/award/CONT_AWD_75H71225F80100_7527_47QTCA22D00CM_4732
infrastructure_ops,sole_source,1,614255.02,National Institutes of Health,SCRIPTPRO USA INC,7010,2019-09-26,2023-05-31 00:00:00,NOT COMPETED UNDER SAP,,SERVER AND INTERACTIVE VOICE RESPONSE SYSTEM UPGRADE FROM SCRIPTPRO USA INC:1178704 [POTS: 19-008572],https://www.usaspending.gov/award/CONT_AWD_75N90019P00786_7529_-NONE-_-NONE-
other,sole_source,1,614100.23,Food and Drug Administration,THE DASTON CORPORATION,DG10,2026-08-08,2026-08-08 00:00:00,NOT COMPETED UNDER SAP,,GOOGLE VERTEX AI PLATFORM,https://www.usaspending.gov/award/CONT_AWD_75F40126P00018_7524_-NONE-_-NONE-
other,sole_source,1,614065.44,Defense Health Agency,CELLCO PARTNERSHIP,DG11,2025-04-30,2030-05-01 00:00:00,FULL AND OPEN COMPETITION,,WIRELESS SERVICES AND DATA,https://www.usaspending.gov/award/CONT_AWD_HT001125F0081_9700_N0024424D0010_9700
other,sole_source,1,611789.56,Department of Veterans Affairs,DRAEGER INC,DA10,2023-10-01,2024-09-30 00:00:00,NOT COMPETED UNDER SAP,,DRAEGER ANNUAL SOFTWARE/HARDWARE MAINTENANCE & SUPPORT 10/01/23-09/30/24. TASK ORDER SAC BPA 36C10G23A0004.,https://www.usaspending.gov/award/CONT_AWD_36C24124N0029_3600_36C10G23A0004_3600
other,sole_source,1,609811.2,Food and Drug Administration,"IVYHILL-ZAI, LLC",DD01,2026-09-17,2027-09-20 00:00:00,NOT COMPETED UNDER SAP,,"DIRECT 8(A) ONE (1) BASE YEAR, FIRM FIXED-PRICE (FFP) PURCHASE ORDER FOR HUMAN FOOD PROGRAM (HFP).",https://www.usaspending.gov/award/CONT_AWD_75F40126P00311_7524_-NONE-_-NONE-
other,sole_source,1,609514.55,Department of Veterans Affairs,"COMPUTRITION, INC.",DA10,2022-03-31,2025-09-30 00:00:00,FULL AND OPEN COMPETITION,,COMPUTRITION AUTOMATION SOFTWARE AND LICENSING,https://www.usaspending.gov/award/CONT_AWD_36C10B22F0097_3600_47QTCA21D005U_4732
other,sole_source,1,607065.99,Department of Veterans Affairs,DRAEGER INC,DA10,2022-10-01,2024-04-10 00:00:00,NOT COMPETED,,DRAEGER ARK CIS ANNUAL SOFTWARE MAINTENANCE & SUPPORT VISN 1,https://www.usaspending.gov/award/CONT_AWD_36C24123P0003_3600_-NONE-_-NONE-
other,sole_source,1,606837.93,Office of the Assistant Secretary for Administration,"STARRY ASSOCIATES, LLC",D301,2019-09-13,2020-02-11 00:00:00,FULL AND OPEN COMPETITION,,LSJ FOLLOW-ON STARRY,https://www.usaspending.gov/award/CONT_AWD_75P00119F80194_7570_GS35F0534K_4730
other,sole_source,1,605037.87,Department of Veterans Affairs,MICROTECHNOLOGIES LLC,DA10,2026-09-03,2031-09-14 00:00:00,FULL AND OPEN COMPETITION,,EPHESOFT SOFTWARE BASE PLUS 4,https://www.usaspending.gov/award/CONT_AWD_36C24926F0225_3600_NNG15SC42B_8000
infrastructure_ops,sole_source,1,603706.9,National Institutes of Health,"UNIQNET S3, LLC",DA01,2024-09-23,2025-09-30 00:00:00,FULL AND OPEN COMPETITION AFTER EXCLUSION OF SOURCES,,COLLECTION OF ALTERNATIVE METHODS FOR REGULATORY APPLICATION (CAMERA) DATABASE AND WEB APPLICATION DEVELOPMENT AND SUPPORT SERVICES,https://www.usaspending.gov/award/CONT_AWD_75N96024F00066_7529_47QTCB22D0415_4732
document_processing,sole_source,1,602569.63,Food and Drug Administration,"IVYHILL-ZAI, LLC",DA01,2025-08-18,2026-09-21 00:00:00,NOT COMPETED UNDER SAP,,HFP/DITM/RDB/O&M RECORDS MANAGEMENT,https://www.usaspending.gov/award/CONT_AWD_75F40125C00052_7524_-NONE-_-NONE-
clinical_it_ehr,sole_source,1,602486.41,Department of Veterans Affairs,CYNERGY PROFESSIONAL SYSTEMS LLC,DJ10,2026-03-31,2026-11-29 00:00:00,FULL AND OPEN COMPETITION AFTER EXCLUSION OF SOURCES,,"UPGRADES TO THE EXISTING PHYSICAL ACCESS CONTROL SYSTEM (PACS) SYSTEM TO INCLUDE HARDWARE, SOFTWARE, AND FIRMWARE",https://www.usaspending.gov/award/CONT_AWD_36C24926F0118_3600_NNG15SD20B_8000
infrastructure_ops,sole_source,1,602369.05,Department of Veterans Affairs,"CENSIS TECHNOLOGIES, INC.",DA10,2022-11-30,2023-11-30 00:00:00,NOT COMPETED,,"CENSITRAC OPERATIONS AND MAINTENANCE SOLUTIONS INCLUDING HARDWARE MAINTENANCE, SOFTWARE MAINTENANCE, AND SUPPORT SERVICES TO VISN 12 FACILITIES (9 FACILITIES), TO INCLUDE THE APPROVED GOVCLOUD SOLUTION",https://www.usaspending.gov/award/CONT_AWD_36C25223P0088_3600_-NONE-_-NONE-
other,sole_source,1,601826.82,Department of Veterans Affairs,"FOUR POINTS TECHNOLOGY, L.L.C.",7050,2019-06-28,2026-09-30 00:00:00,FULL AND OPEN COMPETITION,,ALARIS COMPONENTS AND SERVICES FOR VISN 20.,https://www.usaspending.gov/award/CONT_AWD_36C26019F0435_3600_HHSN316201500034W_7529
other,sole_source,,601333.0,Office of the Assistant Secretary for Financial Resources,"PINNACLE 21, LLC",DA01,2025-09-10,2026-09-27 00:00:00,NOT COMPETED,,DATAFIT SYSTEMS OPERATIONS & MAINTENANCE SERVICES,https://www.usaspending.gov/award/CONT_AWD_75F40125F19013_7524_75F40121D00014_7524
other,sole_source,1,600797.82,Centers for Medicare and Medicaid Services,RELI GROUP INC,DA01,2024-05-21,2024-08-30 00:00:00,FULL AND OPEN COMPETITION,,ADMINISTRATIVE SIMPLIFICATION ENFORCEMENT AND TESTING TOOL,https://www.usaspending.gov/award/CONT_AWD_75FCMC24F0092_7530_HHSM500201700045I_7530
other,sole_source,1,600195.1,Defense Health Agency,"GARTNER, INC.",DF01,2022-04-05,2023-03-31 00:00:00,FULL AND OPEN COMPETITION,,ANNUAL DEFENSE HEALTH MANAGEMENT SYSTEMS ENTERPRISE INTELLIGENCE & DATA SOLUTIONS (EIDS)PHASE ONE TRANSITION READINESS ASSESSMENT,https://www.usaspending.gov/award/CONT_AWD_HT001122F0040_9700_N6600119A0049_9700
other,sole_source,1,600000.0,National Institutes of Health,SAVVIS FEDERAL SYSTEMS INC,DC10,2024-07-29,2025-01-29 00:00:00,FULL AND OPEN COMPETITION,,"NIH CONSOLIDATED COLOCATION SITE FOR NLM 6-MONTH BRIDGE CONTRACT IN THE AMOUNT OF $600,000, USING CAN 8371779",https://www.usaspending.gov/award/CONT_AWD_75N97024F00070_7529_GS35F0164M_4730
other,sole_source,1,599375.96,Department of Veterans Affairs,"WAVEMARK, INC",DA01,2023-10-01,2028-09-30 00:00:00,NOT COMPETED,,WAVEMARK HARDWARE AND SOFTWARE MAINTENANCE SUPPORT,https://www.usaspending.gov/award/CONT_AWD_36C24224P0010_3600_-NONE-_-NONE-
other,sole_source,1,594301.16,Department of Veterans Affairs,DRAEGER INC,DA10,2024-10-01,2025-09-30 00:00:00,NOT COMPETED UNDER SAP,,SAC BPA TASK ORDER DRAEGER ANNUAL HARDWARE SOFTWARE PM VISN 1,https://www.usaspending.gov/award/CONT_AWD_36C24125N0035_3600_36C10G23A0004_3600
document_processing,sole_source,1,594240.91,Department of Veterans Affairs,AGFA HEALTHCARE CORPORATION,DA10,2025-10-01,2026-10-03 00:00:00,NOT COMPETED UNDER SAP,,CLINICAL IMAGING EQUIPMENT SERVER MAINTENANCE,https://www.usaspending.gov/award/CONT_AWD_36C26226P0037_3600_-NONE-_-NONE-
other,sole_source,,589020.96,Food and Drug Administration,"PINNACLE 21, LLC",DA01,2024-06-18,2025-09-27 00:00:00,NOT COMPETED,,CDER DATAFIT SUPPORT SERVICES,https://www.usaspending.gov/award/CONT_AWD_75F40124F19011_7524_75F40121D00014_7524
infrastructure_ops,sole_source,1,587857.81,Defense Health Agency,CELLCO PARTNERSHIP,DG10,2024-05-01,2025-05-01 00:00:00,FULL AND OPEN COMPETITION,,NETWORK SERVICES AND DEVICES,https://www.usaspending.gov/award/CONT_AWD_HT001124F0015_9700_N0024418D0003_9700
other,sole_source,,582927.84,National Institutes of Health,"CHICKASAW FUTREND TECHNOLOGIES ALLIANCE, LLC",DA10,2026-09-09,2027-09-29 00:00:00,NOT AVAILABLE FOR COMPETITION,,"FULL STACK DEVELOPER (IT OPERATIONS AND MAINTENANCE SUPPORT) FROM CHICKASAW FUTREND TECHNOLOGIES ALLIANCE, LLC:1499239 [26-010087]",https://www.usaspending.gov/award/CONT_AWD_75N98026F00004_7529_75N90024D00007_7529
other,sole_source,1,580517.74,National Institutes of Health,UNISON SOFTWARE INC,D302,2017-09-25,2018-09-29 00:00:00,FULL AND OPEN COMPETITION,,"IGF::OT::IGF - ITAC - ONSITE PRISM SUPPORT - COMPUSEARCH SOFTWARE SYSTEMS, INC.",https://www.usaspending.gov/award/CONT_AWD_HHSN268201700286U_7529_GS35F0585J_4730
other,sole_source,1,575174.94,Department of Veterans Affairs,"THUNDERCAT TECHNOLOGY, LLC",DH10,2025-10-10,2030-10-10 00:00:00,FULL AND OPEN COMPETITION AFTER EXCLUSION OF SOURCES,,PATIENT WAYFINDING WIFI SERVICES FOR VA SOUTHERN NEVADA HEALTHCARE SYSTEM (VASNHCS).,https://www.usaspending.gov/award/CONT_AWD_36C26126F0029_3600_NNG15SD26B_8000
infrastructure_ops,sole_source,1,575075.33,Department of Veterans Affairs,VERIZON BUSINESS NETWORK SERVICES LLC,D304,2019-08-23,2025-02-28 00:00:00,NOT COMPETED,,REGION 3 LOCAL EXCHANGE CARRIER (LEC) TELECOMMUNICATIONS VOICE AND DATE SERVICES FOR LIMITED AREA IN VIRGINIA,https://www.usaspending.gov/award/CONT_AWD_36C10B19C0048_3600_-NONE-_-NONE-
other,sole_source,,573942.42,Health Resources and Services Administration,"SAPIENT GOVERNMENT SERVICES, INC.",DA01,2026-08-03,2027-08-07 00:00:00,FULL AND OPEN COMPETITION,,"INSURE KIDS NOW (IKN) ENHANCEMENTS, OPERATIONS, MAINTENANCE, AND CUSTOMER SUPPORT - OIT- SERVICES34 C 7251",https://www.usaspending.gov/award/CONT_AWD_75R60226F34007_7526_75R60226A00001_7526
other,sole_source,1,572306.45,National Institutes of Health,UNISON SOFTWARE INC,D399,2016-09-29,2017-09-29 00:00:00,FULL AND OPEN COMPETITION,,"IGF::OT::IGF - COMPUSEARCH SOFTWARE SYSTEMS INC., PRISM SUPPORT, FY16, $338,979.18",https://www.usaspending.gov/award/CONT_AWD_HHSN268201600303U_7529_GS35F0585J_4730
other,sole_source,1,566631.28,Office of the Assistant Secretary for Administration,DATA FEDERAL CORPORATION,D313,2019-06-07,2026-04-23 00:00:00,FULL AND OPEN COMPETITION AFTER EXCLUSION OF SOURCES,,IGF::OT::IGF OHR INTRANET IT SYSTEM REDESIGN,https://www.usaspending.gov/award/CONT_AWD_75P00119F80107_7570_GS06F1125Z_4732
other,sole_source,1,564338.51,Defense Health Agency,CELLCO PARTNERSHIP,DG10,2023-09-25,2024-09-29 00:00:00,FULL AND OPEN COMPETITION,,"VERIZON WIRELESS PHONES, ACCESSORIES AND SERVICE",https://www.usaspending.gov/award/CONT_AWD_HT001523F0171_9700_N0024418D0003_9700
other,sole_source,1,564118.46,Indian Health Service,"ENVIRONMENTAL SYSTEMS RESEARCH INSTITUTE, INC.",DA10,2023-09-27,2024-09-25 00:00:00,FULL AND OPEN COMPETITION,,ENVIRONMENTAL SYSTEMS RESEARCH INSTITUTE (ERSI),https://www.usaspending.gov/award/CONT_AWD_75H70423F80019_7527_GS35F253CA_4732
other,sole_source,,562483.2,Department of Veterans Affairs,"IRON BOW TECHNOLOGIES, LLC",DD01,2022-07-28,2024-05-30 00:00:00,NOT COMPETED,,MEDICAL EQUIPMENT & SERVICES SUPPORT,https://www.usaspending.gov/award/CONT_AWD_36C10G22N0072_3600_36C10G21D0016_3600
analytics_reporting,sole_source,1,558876.0,Centers for Disease Control and Prevention,OPENCLINICA LLC,DH10,2024-04-23,2025-10-31 00:00:00,NOT COMPETED,,OPENCLINICA TRIAL DATA MANAGEMENT SYSTEM,https://www.usaspending.gov/award/CONT_AWD_75D30124P18668_7523_-NONE-_-NONE-
analytics_reporting,sole_source,1,555452.91,Office of the Assistant Secretary for Financial Resources,DAS FEDERAL LLC,DA01,2023-09-29,2028-09-29 00:00:00,NOT COMPETED UNDER SAP,,"ACQUIRE PROFESSIONAL DEVELOPMENT SERVICES TO DEVELOP AND ENHANCE ASPR SNS AND ASPR H-CORE SERVICENOW APPLICATIONS AND CAPABILITIES FOR IMPLEMENTATION INCLUDING: INCIDENT MANAGEMENT, CONFIGURATION MANAGEMENT, REPORTING, KNOWLEDGE MANAGEMENT, TESTING,",https://www.usaspending.gov/award/CONT_AWD_75P00123C00059_7570_-NONE-_-NONE-
infrastructure_ops,sole_source,1,551383.0,Department of Veterans Affairs,"FIDIUM ENTERPRISE SERVICES, LLC",DG11,2022-08-17,2026-10-31 00:00:00,NOT COMPETED,,TELECOMMUNICATIONS SERVICES,https://www.usaspending.gov/award/CONT_AWD_36C10A22C0015_3600_-NONE-_-NONE-
infrastructure_ops,sole_source,1,550000.0,Office of the Assistant Secretary for Financial Resources,ATT MOBILITY LLC,DG11,2021-06-02,2026-10-22 00:00:00,FULL AND OPEN COMPETITION,,MOBILE TELECOMMUNICATION SERVICES,https://www.usaspending.gov/award/CONT_AWD_75Q80121F80003_7528_47QTCA19D00MV_4732
other,sole_source,,549797.8,Office of Assistant Secretary for Preparedness and Response,LBO TECHNOLOGY LLC,DA10,2023-07-19,2024-07-20 00:00:00,NOT COMPETED UNDER SAP,,SATELLITE COMMUNICATIONS,https://www.usaspending.gov/award/CONT_AWD_75A50223F62003_7505_75A50119D00011_7505
clinical_it_ehr,sole_source,1,547800.0,Centers for Disease Control and Prevention,CERNER CORPORATION,DC10,2021-07-16,2022-02-15 00:00:00,NOT COMPETED,,CERNER REALWORLD DATA HEALTH:LAB TEST,https://www.usaspending.gov/award/CONT_AWD_75D30121P11042_7523_-NONE-_-NONE-
other,sole_source,1,547294.51,Department of Veterans Affairs,AGILERANK LLC,DA01,2025-12-23,2027-01-29 00:00:00,NOT COMPETED UNDER SAP,,VISN 1 ENVIRONMENTAL MONITORING RTLS MAINTENANCE AND SUSTAINMENT BPA,https://www.usaspending.gov/award/CONT_AWD_36C24126N0179_3600_36C24123A0050_3600
other,sole_source,,546187.5,Department of Veterans Affairs,KNOWLEDGE FACTOR INC,DA10,2024-08-08,2025-08-14 00:00:00,NOT COMPETED,,EDUCATION SOFTWARE LICENSING,https://www.usaspending.gov/award/CONT_AWD_36C25924N0384_3600_36C25922D0065_3600
other,sole_source,1,545966.04,Department of Veterans Affairs,"CHARTER COMMUNICATIONS OPERATING, LLC",DG11,2022-05-18,2027-06-30 00:00:00,NOT COMPETED,,SPECTRUM WIFI AND CABLE SERVICES,https://www.usaspending.gov/award/CONT_AWD_36C24722C0100_3600_-NONE-_-NONE-
other,sole_source,,544022.04,Food and Drug Administration,VERSATECH/IMPYRIAN TECHNOLOGY NETWORK LLC,DA01,2025-09-05,2027-09-08 00:00:00,NOT AVAILABLE FOR COMPETITION,,MULTIMEDIA SPECIALIST SERVICES,https://www.usaspending.gov/award/CONT_AWD_75F40125F19017_7524_75F40122D00024_7524
other,sole_source,1,541314.04,Department of Veterans Affairs,MEDICOM TECHNOLOGIES INC,DA10,2025-09-24,2029-09-25 00:00:00,NOT COMPETED,,MEDICOM IMAGEX WITH ASSISTANT EDITION SOFTWARE AND SUPPORT SERVICES.,https://www.usaspending.gov/award/CONT_AWD_36C10B25C0059_3600_-NONE-_-NONE-
other,sole_source,1,539880.0,Indian Health Service,CELLCO PARTNERSHIP,DE11,2025-08-01,2026-07-31 00:00:00,FULL AND OPEN COMPETITION,,ENTERPRISE MOBILE SERVICES PROGRAM. VERIZON BRIDGE AWARD. BASE PERIOD.,https://www.usaspending.gov/award/CONT_AWD_75H70425F80011_7527_47QTCA20D00B5_4732
portal_web,sole_source,1,539076.12,National Institutes of Health,CARAHSOFT TECHNOLOGY CORP,D399,2017-09-14,2022-09-22 00:00:00,FULL AND OPEN COMPETITION,,IGF::OT::IGF NIDCR DRUPAL HOSTING (ACQUIA),https://www.usaspending.gov/award/CONT_AWD_HHSN268201700276U_7529_GS35F0119Y_4732
other,sole_source,1,534974.93,Department of Veterans Affairs,SPACELABS HEALTHCARE LLC,DA10,2022-02-08,2026-02-07 00:00:00,NOT COMPETED,,EO14042 - SPACELABS SOFTWARE MAINTENANCE,https://www.usaspending.gov/award/CONT_AWD_36C10B22C0016_3600_-NONE-_-NONE-
infrastructure_ops,sole_source,1,534794.49,Department of Veterans Affairs,"FM:SYSTEMS GROUP, LLC",DA10,2023-09-26,2028-05-31 00:00:00,FULL AND OPEN COMPETITION,,"FM SYSTEMS: WORKPLACE MANAGEMENT SUITE MIGRATION, SOFTWARE MAINTENANCE AND CUSTOMER SUPPORT",https://www.usaspending.gov/award/CONT_AWD_36C10B23F0344_3600_GS35F0028T_4730
analytics_reporting,sole_source,1,534718.64,Department of Veterans Affairs,"PICIS CLINICAL SOLUTIONS, INC.",DF10,2024-07-01,2026-07-14 00:00:00,NOT COMPETED UNDER SAP,,CLINICAL INFORMATION SYSTEM (CIS)/ANESTHESIA RECORD KEEPING (ARK) ANALYTICS SOLUTION (VISN 21),https://www.usaspending.gov/award/CONT_AWD_36C26124N0737_3600_36C10G21A0007_3600
other,sole_source,1,533442.0,Department of Veterans Affairs,PHILIPS NORTH AMERICA LLC,D399,2019-10-01,2024-09-30 00:00:00,NOT COMPETED UNDER SAP,,SOFTWARE MAINT,https://www.usaspending.gov/award/CONT_AWD_36C24520N0001_3600_VA11917A0192_3600
other,sole_source,,530741.24,Office of the Assistant Secretary for Administration,CARAHSOFT TECHNOLOGY CORP,7050,2020-09-04,2021-05-30 00:00:00,FULL AND OPEN COMPETITION,,TITLE: HHS FDA OIMT SPLUNK DHS CONTINUOUS DIAGNOSTIC AND MITIGATION (CDM) PROGRAM LICENSES AND MAINTENANCE,https://www.usaspending.gov/award/CONT_AWD_75P00120F37002_7570_75P00119A00074_7570
other,sole_source,1,528720.0,Office of Assistant Secretary for Preparedness and Response,SARA SOFTWARE SYSTEMS LLC,DA01,2024-03-22,2025-03-21 00:00:00,FULL AND OPEN COMPETITION,,SERVICENOW HUMAN RESOURCE (HR) MODULES DEVELOPMENT,https://www.usaspending.gov/award/CONT_AWD_75A50224F80006_7505_47QTCA18D00D6_4732
infrastructure_ops,sole_source,1,525500.0,Office of the Assistant Secretary for Financial Resources,"DNANEXUS, INC.",DH10,2024-08-20,2027-09-08 00:00:00,NOT COMPETED,,DNANEXUS PLATFORM AS A SERVICE (PAAS) FOR A CLOUD-BASED DATA ANALYSIS AND MANAGEMENT PLATFORM TO SUPPORT THE CONFLUENCE PROJECT,https://www.usaspending.gov/award/CONT_AWD_75N91024P00555_7529_-NONE-_-NONE-
other,sole_source,1,521609.8,National Institutes of Health,"PLATINUM BUSINESS SERVICES, LLC",DJ01,2022-09-26,2025-09-26 00:00:00,NOT AVAILABLE FOR COMPETITION,,NICHD SERVICES: FIC SECURITY AUTHORIZATION AND ASSESSMENT,https://www.usaspending.gov/award/CONT_AWD_75N94022C00006_7529_-NONE-_-NONE-
other,sole_source,1,521599.39,National Institutes of Health,"DLH, LLC",D399,2018-07-25,2024-02-12 00:00:00,FULL AND OPEN COMPETITION AFTER EXCLUSION OF SOURCES,,"GROVE RESOURCE SOLUTIONS, INC.:1214111 [18-006572]",https://www.usaspending.gov/award/CONT_AWD_75N98018F00002_7529_HHSN316201200145W_7529
other,sole_source,1,518485.15,Office of the Assistant Secretary for Financial Resources,"UPTODATE, INC",DA01,2022-06-23,2027-06-30 00:00:00,NOT COMPETED UNDER SAP,,UP-TO-DATE SOFTWARE FOR CLINICIANS.,https://www.usaspending.gov/award/CONT_AWD_75H70522P00055_7527_-NONE-_-NONE-
other,sole_source,1,516631.58,Food and Drug Administration,"ORGANIZATIONAL DEVELOPMENT RESOURCE GROUP, LLC",DA10,2024-09-06,2026-03-29 00:00:00,NOT AVAILABLE FOR COMPETITION,,DELEGATIONS OF AUTHORITY (DOA) PROGRAM SUPPORT,https://www.usaspending.gov/award/CONT_AWD_75F40124C00082_7524_-NONE-_-NONE-
infrastructure_ops,sole_source,,512464.24,Defense Health Agency,KADIAK LLC,DB10,2023-09-27,2024-09-30 00:00:00,NOT AVAILABLE FOR COMPETITION,,AMAZON WEB/CLOUD HOSTING SERVICES,https://www.usaspending.gov/award/CONT_AWD_HT003823F0015_9700_HT003822D0008_9700
other,sole_source,1,511908.6,Department of Veterans Affairs,NATIONWIDE PHARMACEUTICAL LLC,DA10,2022-03-29,2027-03-31 00:00:00,NOT COMPETED UNDER SAP,,36C10G19D0092 36C25622F0131 - DAVINCI XI SERVICE - INTUITIVE SURGICAL - DRAFT,https://www.usaspending.gov/award/CONT_AWD_36C25622P0585_3600_-NONE-_-NONE-
infrastructure_ops,sole_source,,511247.4,Department of Veterans Affairs,CHARTER COMMUNICATIONS OPERATING LLC,DG11,2026-07-30,2027-07-31 00:00:00,NOT COMPETED,,HDTV & DEDICATED FIBER INTERNET NETWORK,https://www.usaspending.gov/award/CONT_AWD_36C24826N0771_3600_36C24826D0045_3600
other,sole_source,1,510825.0,National Institutes of Health,"THE MATHWORKS, INC.",DA01,2022-09-21,2025-09-29 00:00:00,NOT COMPETED,,"ANNUAL INSTITUTE-WIDE LICENSE (IWL) FOR MATLAB BY MATHWORKS, MAINTENANCE AND SUPPORT.",https://www.usaspending.gov/award/CONT_AWD_75N91022P00887_7529_-NONE-_-NONE-
other,sole_source,1,509481.72,National Institutes of Health,AT-IMPACT LLC,DA01,2023-12-27,2025-06-30 00:00:00,FULL AND OPEN COMPETITION AFTER EXCLUSION OF SOURCES,,AT-IMPACT LLC:1325113 [24-000673],https://www.usaspending.gov/award/CONT_AWD_75N98024F00001_7529_75N98119D00089_7529
other,sole_source,1,507375.84,Department of Veterans Affairs,ALVAREZ LLC,DA10,2026-08-17,2029-09-13 00:00:00,FULL AND OPEN COMPETITION AFTER EXCLUSION OF SOURCES,,AVICENNA MEDICATION RECONCILIATION TOOL,https://www.usaspending.gov/award/CONT_AWD_36C24126F0145_3600_NNG15SD19B_8000
other,sole_source,1,507000.0,National Institutes of Health,ZAYO GROUP LLC,D304,2018-05-16,2020-11-30 00:00:00,FULL AND OPEN COMPETITION,,TWINBROOK (TB-III) DARK FIBER AND FISHERS LANE REDUNDANT DARK FIBER LEASE WITH TWO OPTION YEARS,https://www.usaspending.gov/award/CONT_AWD_75N93018F00163_7529_GS35F070CA_4732
other,sole_source,,506875.77,National Institutes of Health,CORETEK CONSULTING LLC,DB02,2024-09-27,2025-09-28 00:00:00,NOT AVAILABLE FOR COMPETITION,,HBCU PEI DATABASE PHASE 5,https://www.usaspending.gov/award/CONT_AWD_75N98024F00003_7529_75N98022D00009_7529
other,sole_source,1,506629.87,Defense Health Agency,ONE DIVERSIFIED LLC,DA01,2022-07-26,2027-09-29 00:00:00,NOT COMPETED UNDER SAP,,KEYSCAN SUSTAINMENT AND SUPPORT,https://www.usaspending.gov/award/CONT_AWD_HT001422P0160_9700_-NONE-_-NONE-
other,sole_source,,506612.0,National Institutes of Health,PALANTIR TECHNOLOGIES INC.,DH10,2024-08-02,2025-03-31 00:00:00,NOT COMPETED,,SECURE PLATFORMS SUPPORT FOR ACF UPSTREAM],https://www.usaspending.gov/award/CONT_AWD_75N95024F00001_7529_75N95022D00025_7529
clinical_it_ehr,sole_source,1,503632.12,Department of Veterans Affairs,"FOUR POINTS TECHNOLOGY, L.L.C.",DA10,2026-04-16,2029-04-16 00:00:00,FULL AND OPEN COMPETITION AFTER EXCLUSION OF SOURCES,,VISN 21 MIPACS. BASE AND TWO OPTION YEARS FOR MAINTENANCE AND SUPPORT. EO 14396,https://www.usaspending.gov/award/CONT_AWD_36C10B26F0083_3600_NNG15SD22B_8000
other,sole_source,1,503299.2,Defense Health Agency,"COMCAST OF VIRGINIA, LLC",DG10,2024-09-27,2029-09-29 00:00:00,NOT COMPETED UNDER SAP,,TELEVISION CABLE SERVICE,https://www.usaspending.gov/award/CONT_AWD_HT001424P0283_9700_-NONE-_-NONE-
other,sole_source,1,503276.4,Office of the Assistant Secretary for Financial Resources,STRYDER CORP,DH10,2024-09-13,2029-09-13 00:00:00,NOT COMPETED,,EARLY TALENT MARKETPLACE SERVICES RENEWAL,https://www.usaspending.gov/award/CONT_AWD_75H70424P00037_7527_-NONE-_-NONE-
scheduling_referral_community_care,sole_source,1,503212.32,Department of Veterans Affairs,"GOVERNMENT MARKETING AND PROCUREMENT, LLC",DA10,2021-09-02,2026-06-13 00:00:00,NOT COMPETED,,QGENDA SCHEDULING SYSTEM,https://www.usaspending.gov/award/CONT_AWD_36C24721P1354_3600_-NONE-_-NONE-
infrastructure_ops,sole_source,1,503109.1,Department of Veterans Affairs,MEMPHIS GOODWILL INDUSTRIES INC,DD01,2024-04-01,2024-09-30 00:00:00,NOT COMPETED UNDER SAP,,SWITCHBOARD OPERATOR SYSTEM,https://www.usaspending.gov/award/CONT_AWD_36C24924N0370_3600_36C24924A0036_3600
other,sole_source,1,502856.16,Defense Health Agency,WORLD WIDE TECHNOLOGY LLC,DG10,2025-09-26,2030-09-29 00:00:00,FULL AND OPEN COMPETITION,,ATAMMC VOIP (VOICE OVER INTERNET PROTOCOL),https://www.usaspending.gov/award/CONT_AWD_HT001425FE029_9700_NNG15SC55B_8000
other,sole_source,1,501468.46,Department of Veterans Affairs,WORLDNET TELECOMMUNICATIONS LLC,DG11,2021-10-01,2024-09-30 00:00:00,NOT COMPETED,,FFP CONTRACT FOR CONTINUATION OF LEC SERVICES IN PUERTO RICO VAMC AND CONNECTED LOCATIONS.,https://www.usaspending.gov/award/CONT_AWD_36C10B22C0003_3600_-NONE-_-NONE-
other,sole_source,,500000.0,Department of Veterans Affairs,"SUPRAVISTA MEDICAL DSS, LLC",DA10,2026-07-21,2027-07-31 00:00:00,NOT COMPETED,,BRILLIANS ANNUAL SOFTWARE LICENSE,https://www.usaspending.gov/award/CONT_AWD_36C25926N0394_3600_36C25926D0046_3600
other,sole_source,1,499916.66,Department of Veterans Affairs,"CLOCK READY, LLC",DA10,2024-06-10,2025-09-14 00:00:00,FULL AND OPEN COMPETITION,,CHOIR SOFTWARE EVALUATION BASE YEAR.,https://www.usaspending.gov/award/CONT_AWD_36C26224F0421_3600_47QTCA22D00B9_4732
other,sole_source,1,499793.72,Department of Veterans Affairs,WORLDNET TELECOMMUNICATIONS LLC,DG11,2024-09-23,2029-08-31 00:00:00,NOT COMPETED UNDER SAP,,PUERTO RICO & US VIRGIN ISLANDS,https://www.usaspending.gov/award/CONT_AWD_36C10A24P0016_3600_-NONE-_-NONE-
clinical_it_ehr,sole_source,1,499320.0,Department of Veterans Affairs,"HUNTER STRATEGY, LLC",DA01,2022-12-22,2024-09-30 00:00:00,FULL AND OPEN COMPETITION,,"PROJECT MANAGEMENT, DEVELOP, TEST, AND DEPLOY THE HINGE-FHIR INTERFACES TO AUTOMATICALLY ABSTRACT CLINICAL DATA ELEMENTS FROM CERNER EHR TO THE HINGE DISEASE SITE SPECIFIC TEMPLATES MINIMIZING DATA ENTRY LOAD FOR CLINICAL USERS.",https://www.usaspending.gov/award/CONT_AWD_36C10B23F0049_3600_47QTCA18D005V_4732
other,sole_source,1,498873.63,National Institutes of Health,BLUE CARDINAL LLC,DF01,2024-05-03,2024-12-31 00:00:00,FULL AND OPEN COMPETITION,,"C103267 - C.2.1 - WEBVIEW INSTANCE, COREY COSGROVE",https://www.usaspending.gov/award/CONT_AWD_75N99024F00019_7529_GS10F0163R_4730
other,sole_source,1,498333.33,Department of Veterans Affairs,"SUPRAVISTA MEDICAL DSS, LLC",DA10,2026-02-25,2026-07-31 00:00:00,NOT AVAILABLE FOR COMPETITION,,VISN 19  LICENSE AND SUPPORT - BRILLIANS WITH TRM MODULE,https://www.usaspending.gov/award/CONT_AWD_36C25926P0286_3600_-NONE-_-NONE-
infrastructure_ops,sole_source,1,497630.2,National Institutes of Health,UNIVERSITY OF MARYLAND BALTIMORE COUNTY,DG11,2024-05-10,2026-04-30 00:00:00,NOT COMPETED,,IT AND TELECOM - NETWORK: TELECOM ACCESS SERVICES,https://www.usaspending.gov/award/CONT_AWD_75N97024P00085_7529_-NONE-_-NONE-
other,sole_source,1,496902.59,Department of Veterans Affairs,MILLER COMMUNICATIONS INC,D399,2020-06-25,2025-12-22 00:00:00,NOT COMPETED,,CCTV MAINTENANCE SERVICES,https://www.usaspending.gov/award/CONT_AWD_36C24420P0648_3600_-NONE-_-NONE-
other,sole_source,1,495743.37,Defense Health Agency,KATMAI QUANTUM LLC,DA01,2024-08-30,2029-09-24 00:00:00,NOT AVAILABLE FOR COMPETITION,,WEB SOFTWARE DEVELOPER SUPPORT SERVICES,https://www.usaspending.gov/award/CONT_AWD_HT942524C0105_9700_-NONE-_-NONE-
other,sole_source,1,495380.01,Office of the Assistant Secretary for Administration,BLOOMBERG FINANCE LP,D317,2019-09-25,2022-09-23 00:00:00,NOT AVAILABLE FOR COMPETITION,,BLOOMBERG SUBSCRIPTION,https://www.usaspending.gov/award/CONT_AWD_75P00119P00157_7570_-NONE-_-NONE-
other,sole_source,1,495213.6,Department of Veterans Affairs,ZCORE GROUP LLC,DA01,2026-06-11,2026-12-12 00:00:00,NOT COMPETED,,ARTIFICIAL INTELLIGENCE LLM API,https://www.usaspending.gov/award/CONT_AWD_36C10B26C0053_3600_-NONE-_-NONE-
infrastructure_ops,sole_source,1,493190.88,Department of Veterans Affairs,ESI SERVICES LLC,DA10,2022-09-21,2025-09-30 00:00:00,NOT COMPETED,,"VA, OFFICE OF INFORMATION AND TECHNOLOGY (OI&T), DEVELOPMENT, SECURITY, AND OPERATIONS (DEVSECOPS), INFRASTRUCTURE OPERATIONS REQUIRES SOFTWARE MAINTENANCE FOR THE FOLLOWING COBOL-IT SOFTWARE PRODUCTS CURRENTLY IN USE AT THE VA.",https://www.usaspending.gov/award/CONT_AWD_36C10B22C0034_3600_-NONE-_-NONE-
other,sole_source,1,492455.34,Department of Veterans Affairs,"PROVATION SOFTWARE, INC.",DA10,2023-01-20,2028-01-24 00:00:00,NOT COMPETED,,FY23 PROVATION SOFTWARE AND MAINTENANCE CONTRACT,https://www.usaspending.gov/award/CONT_AWD_36C10B23C0010_3600_-NONE-_-NONE-
other,sole_source,1,489665.25,Department of Veterans Affairs,"CLOCK READY, LLC",DA10,2023-09-26,2024-09-14 00:00:00,FULL AND OPEN COMPETITION,,STANFORD CHOIR SOFTWARE EVALUATION AND PILOT SUPPORT PATIENT REPORT OUTCOMES,https://www.usaspending.gov/award/CONT_AWD_36C26223F0695_3600_47QTCA22D00B9_4732
other,sole_source,1,489104.8,Department of Veterans Affairs,"CENSIS TECHNOLOGIES, INC.",DA10,2025-10-01,2030-09-30 00:00:00,NOT COMPETED,,VISN 9 CENSITRAC SUBSCRIPTION,https://www.usaspending.gov/award/CONT_AWD_36C24926P0017_3600_-NONE-_-NONE-
clinical_it_ehr,sole_source,1,484850.0,Department of Veterans Affairs,"HUNTER STRATEGY, LLC",DA01,2025-09-23,2026-10-21 00:00:00,FULL AND OPEN COMPETITION,,HEALTH INFORMATION AND GATEWAY EXCHANGE (HINGE) ORACLE CERNER INTERFACE.,https://www.usaspending.gov/award/CONT_AWD_36C10B25F0278_3600_47QTCA18D005V_4732
other,sole_source,,482708.16,Department of Veterans Affairs,WELLSPRING WORLDWIDE INC,DH10,2025-07-28,2026-07-31 00:00:00,NOT COMPETED,,SOPHIA SOFTWARE AND PROFESSIONAL SERVICES,https://www.usaspending.gov/award/CONT_AWD_36C24E25N0209_3600_36C24E24D0029_3600
claims_payment_integrity,sole_source,1,480417.2,Department of Veterans Affairs,"PLEXIS HEALTHCARE SYSTEMS, INC",DA10,2021-09-28,2026-11-30 00:00:00,NOT COMPETED UNDER SAP,,PLEXIS CLAIMS MANAGER LICENSE MAINTENANCE AND SUPPORT,https://www.usaspending.gov/award/CONT_AWD_36C10B21C0031_3600_-NONE-_-NONE-
other,sole_source,1,478791.2,Office of the Assistant Secretary for Administration,ATT MOBILITY LLC,D399,2019-03-05,2024-07-31 00:00:00,FULL AND OPEN COMPETITION,,SMARTPHONE SERVICES,https://www.usaspending.gov/award/CONT_AWD_75P00119F00053_7570_GS35F0297K_4730
other,sole_source,1,478789.04,Department of Veterans Affairs,"COMPUTRITION, INC.",DA01,2026-04-30,2029-08-29 00:00:00,FULL AND OPEN COMPETITION,,COMPUTRITION VISN 8 AUTOMATION AND LICENSING,https://www.usaspending.gov/award/CONT_AWD_36C10B26F0132_3600_47QTCA21D005U_4732
other,sole_source,1,478378.84,Department of Veterans Affairs,"GOVERNMENT MARKETING AND PROCUREMENT, LLC",DA10,2023-10-13,2024-12-14 00:00:00,FULL AND OPEN COMPETITION,,QGENDA SOFTWARE AND MAINTENANCE,https://www.usaspending.gov/award/CONT_AWD_36C10A24F0008_3600_GS07F187GA_4732
other,sole_source,1,478348.64,Department of Veterans Affairs,"MINBURN TECHNOLOGY GROUP, LLC",DA10,2021-05-07,2026-07-31 00:00:00,FULL AND OPEN COMPETITION AFTER EXCLUSION OF SOURCES,,THIS ACTION PROVIDES FUNDING FOR THE DSS ICONIC DATA PATIENT CASE MANAGER SUITE.,https://www.usaspending.gov/award/CONT_AWD_36C24421F0300_3600_NNG15SD34B_8000
other,sole_source,1,477644.84,Department of Veterans Affairs,"PAR EXCELLENCE SYSTEMS, INC",DA01,2021-09-27,2024-04-30 00:00:00,NOT COMPETED,,POINT OF USE INTEGRATION PAR EXCELLENCE,https://www.usaspending.gov/award/CONT_AWD_36C10B21C0041_3600_-NONE-_-NONE-
other,sole_source,1,476606.82,Department of Veterans Affairs,CARAHSOFT TECHNOLOGY CORP,DA01,2022-10-01,2027-09-30 00:00:00,FULL AND OPEN COMPETITION,,POWERSCRIBE 360 SERVICE MAINTENANCE AGREEMENT,https://www.usaspending.gov/award/CONT_AWD_36C26123F0005_3600_NNG15SC27B_8000
other,sole_source,1,476600.0,Office of the Assistant Secretary for Financial Resources,NEXTGENID INC,DE10,2026-05-28,2031-05-27 00:00:00,NOT COMPETED,,NEXTGENID REMOTE ONBOARDING,https://www.usaspending.gov/award/CONT_AWD_7571MN26P00032_7571_-NONE-_-NONE-
other,sole_source,1,474649.15,Department of Veterans Affairs,"FOUR POINTS TECHNOLOGY, L.L.C.",DH10,2023-05-03,2027-08-26 00:00:00,FULL AND OPEN COMPETITION AFTER EXCLUSION OF SOURCES,,"INTELLISPACE SOFTWARE, SERVICE AND LICENSE",https://www.usaspending.gov/award/CONT_AWD_36C24623F0265_3600_NNG15SD22B_8000
other,sole_source,1,474310.55,Department of Veterans Affairs,"VLOGIC SYSTEMS, INC",DA10,2024-09-20,2029-08-31 00:00:00,NOT COMPETED UNDER SAP,,CAPITAL ASSETS AND FACILITIES MANAGEMENT SYSTEM,https://www.usaspending.gov/award/CONT_AWD_36C24224P1866_3600_-NONE-_-NONE-
infrastructure_ops,sole_source,,474027.12,Health Resources and Services Administration,DIGITAL MANAGEMENT LLC,DF10,2024-11-07,2025-11-07 00:00:00,FULL AND OPEN COMPETITION,,OIT-SERVICES40 C 6978 - NOFO NAVIGATOR O&M,https://www.usaspending.gov/award/CONT_AWD_75R60225F34007_7526_75R60224A00036_7526
infrastructure_ops,sole_source,1,471061.3,Office of the Assistant Secretary for Administration,NATIONWIDE IT SERVICES INC,D317,2020-01-21,2025-01-20 00:00:00,NOT AVAILABLE FOR COMPETITION,,ASPE CLOUD SERVICES PROJECT,https://www.usaspending.gov/award/CONT_AWD_75P00120C00005_7570_-NONE-_-NONE-
other,sole_source,1,470929.56,Defense Health Agency,"ADVANCED INTEGRATED SOFTWARE TECHNOLOGY, INCORPORATED",DA01,2023-02-28,2024-02-29 00:00:00,FULL AND OPEN COMPETITION,,ANNUAL ELECTRONIC FAX/EMAIL SERVICE.,https://www.usaspending.gov/award/CONT_AWD_HT001123F0022_9700_47QTCA20D00CT_4732
other,sole_source,1,470401.94,Centers for Disease Control and Prevention,"CAMBRIDGE COMPUTER SERVICES, INC.",DA10,2021-02-23,2024-08-18 00:00:00,NOT COMPETED UNDER SAP,,CAMBRIDGE COMPUTER,https://www.usaspending.gov/award/CONT_AWD_75D30121P10402_7523_-NONE-_-NONE-
other,sole_source,1,470400.0,Defense Health Agency,MY ISP LTD,DG11,2022-12-22,2027-12-31 00:00:00,NOT COMPETED UNDER SAP,,INTERNET SUBSCRIPTION SERVICE USAMRD-A/K,https://www.usaspending.gov/award/CONT_AWD_HT942523C0010_9700_-NONE-_-NONE-
other,sole_source,1,469300.0,Department of Veterans Affairs,SPACE EXPLORATION TECHNOLOGIES CORP.,DG01,2022-08-30,2025-08-31 00:00:00,NOT COMPETED UNDER SAP,,LOW EARTH ORBITING SATELLITE INTERNET SERVICES,https://www.usaspending.gov/award/CONT_AWD_36C10A22P0027_3600_-NONE-_-NONE-
other,sole_source,,465475.4,Centers for Disease Control and Prevention,STRATEGIC SOLUTIONS GROUP LLC,DA01,2024-08-29,2026-08-28 00:00:00,NOT COMPETED,,IMMUNIZATION INFORMATION SERVICES IDIQ,https://www.usaspending.gov/award/CONT_AWD_75D30124F00001_7523_75D30124D19619_7523
scheduling_referral_community_care,sole_source,,464578.44,National Institutes of Health,HIGHRISE CONSULTING INC,D304,2018-09-13,2023-12-29 00:00:00,FULL AND OPEN COMPETITION,,HIGHRISE CONSULTING:1190495 [18-004768],https://www.usaspending.gov/award/CONT_AWD_75N98018F00015_7529_HHSN263201100017B_7529
other,sole_source,1,463900.42,Department of Veterans Affairs,ACUSTAF DEVELOPMENT CORP,DA10,2021-09-08,2026-09-14 00:00:00,FULL AND OPEN COMPETITION,,LABOR MANAGEMENT SOFTWARE LICENSE,https://www.usaspending.gov/award/CONT_AWD_36C26221F0464_3600_GS35F0408X_4732
clinical_it_ehr,sole_source,1,462710.43,Department of Veterans Affairs,STERLING COMPUTERS CORPORATION,DA10,2021-09-03,2025-08-21 00:00:00,FULL AND OPEN COMPETITION AFTER EXCLUSION OF SOURCES,,STARLIMS SOFTWARE MAINTENANCE,https://www.usaspending.gov/award/CONT_AWD_36C10B21F0288_3600_NNG15SC89B_8000
other,sole_source,1,461900.0,Department of Veterans Affairs,CITY OF LOMA LINDA,D399,2018-10-01,2023-09-15 00:00:00,NOT COMPETED,,"LEC SERVICES IN LOMA LINDA, CA",https://www.usaspending.gov/award/CONT_AWD_36C10B19C0001_3600_-NONE-_-NONE-
other,sole_source,,460512.0,Department of Veterans Affairs,"PERFORMAX 3, INC.",DA01,2025-10-01,2026-09-30 00:00:00,FULL AND OPEN COMPETITION,,TMS SUPPORT SERVICES,https://www.usaspending.gov/award/CONT_AWD_36C24E26N0002_3600_36C24E21A0006_3600
other,sole_source,,460512.0,Department of Veterans Affairs,"PERFORMAX 3, INC.",DA01,2024-10-01,2025-09-30 00:00:00,FULL AND OPEN COMPETITION,,TMS SUPPORT SERVICES,https://www.usaspending.gov/award/CONT_AWD_36C24E25N0003_3600_36C24E21A0006_3600
other,sole_source,,460512.0,Department of Veterans Affairs,"PERFORMAX 3, INC.",DA01,2023-10-01,2024-09-30 00:00:00,FULL AND OPEN COMPETITION,,TMS SUPPORT SERVICES,https://www.usaspending.gov/award/CONT_AWD_36C24E24N0001_3600_36C24E21A0006_3600
other,sole_source,,460000.0,Department of Veterans Affairs,"SUPRAVISTA MEDICAL DSS, LLC",DA10,2026-07-21,2027-07-31 00:00:00,NOT COMPETED,,BRILLIANS ANNUAL SOFTWARE LICENSES,https://www.usaspending.gov/award/CONT_AWD_36C25926N0393_3600_36C25926D0047_3600
other,sole_source,1,457807.0,Office of the Assistant Secretary for Administration,UNISON VIRTUAL ACQUISITION OFFICE LLC,D317,2018-09-25,2019-09-29 00:00:00,FULL AND OPEN COMPETITION,,IGF::OT::IGF SUBSCRIPTION TO COMPUSEARCH FOR VIRTUAL ACQUISITION OFFICE (VAO) FOR 1000 PASSWORDS W/10 INQUIRY POINTS OF CONTACT APPLIED LEARNING ON-LINE (ALO) ALO:  400 PASSWORDS,https://www.usaspending.gov/award/CONT_AWD_75P00118F00316_7570_GS35F131GA_4732
scheduling_referral_community_care,sole_source,1,456793.66,Department of Veterans Affairs,"GOVERNMENT MARKETING AND PROCUREMENT, LLC",DA10,2021-02-11,2026-02-13 00:00:00,FULL AND OPEN COMPETITION,,ON CALL SCHEDULING,https://www.usaspending.gov/award/CONT_AWD_36C24421N0318_3600_GS35F0858N_4730
other,sole_source,1,456702.6,Department of Veterans Affairs,"FORUS CONTRACTING, INC.",DA01,2022-11-30,2023-08-31 00:00:00,NOT COMPETED,,MAINTENANCE/SERVICE CCTV,https://www.usaspending.gov/award/CONT_AWD_36C24423P0114_3600_-NONE-_-NONE-
other,sole_source,1,454567.69,Food and Drug Administration,VERSATECH INC,DF01,2022-08-15,2025-02-27 00:00:00,FULL AND OPEN COMPETITION AFTER EXCLUSION OF SOURCES,,AV TECHNICAL AND NON-TECHNICAL SUPPORT SERVICES FOR CVM,https://www.usaspending.gov/award/CONT_AWD_75F40122F80299_7524_75N98119D00077_7529
other,sole_source,1,452667.87,Department of Veterans Affairs,SIEMENS HEALTHCARE DIAGNOSTICS INC.,DH10,2022-09-22,2027-09-29 00:00:00,NOT COMPETED,,VISN UNIPOC LICENSES,https://www.usaspending.gov/award/CONT_AWD_36C25922C0138_3600_-NONE-_-NONE-
other,sole_source,1,452454.84,Department of Veterans Affairs,"COMCAST CABLE COMMUNICATIONS, LLC",DG11,2022-12-29,2026-12-31 00:00:00,NOT COMPETED UNDER SAP,,CABLE AND INTERNET SERVICES,https://www.usaspending.gov/award/CONT_AWD_36C24423P0140_3600_-NONE-_-NONE-
other,sole_source,1,451957.2,Defense Health Agency,XEROX CORPORATION,DA01,2025-02-27,2025-03-24 00:00:00,NOT COMPETED,,UNAUTHORIZED COMMITMENT FOR MANAGED PRINT SERVICES AT FORT BELVOIR COMMUNITY HOSPITAL FOR FISCAL YEAR 21.,https://www.usaspending.gov/award/CONT_AWD_HT001125P0058_9700_-NONE-_-NONE-
other,sole_source,1,451872.0,Office of the Assistant Secretary for Administration,"PFF, LLC",DA10,2025-05-30,2030-05-31 00:00:00,NOT AVAILABLE FOR COMPETITION,,POWER PLATFORM COLLABORATION SUPPORT SERVICES,https://www.usaspending.gov/award/CONT_AWD_75P00125C00010_7570_-NONE-_-NONE-
other,sole_source,,450037.51,National Institutes of Health,SIKICH FEDERAL INC.,DA01,2021-06-07,2022-06-09 00:00:00,NOT COMPETED,,NEAD TO9 - MIMS DME,https://www.usaspending.gov/award/CONT_AWD_75N96021F00004_7529_75N96020D00012_7529
infrastructure_ops,sole_source,,450000.0,Office of the Assistant Secretary for Financial Resources,"ELEMENTS 5, LLC",DG01,2025-09-23,2026-09-28 00:00:00,NOT AVAILABLE FOR COMPETITION,,"THE OBJECTIVE OF THIS TASK ORDER IS TO SECURE CABLING, WIRING, AND NETWORK EQUIPMENT INSTALLATION SERVICES FOR FDA CENTERS SITUATED BOTH WITHIN THE CONTINENTAL UNITED STATES (CONUS) AND OUTSIDE THE CONTINENTAL UNITED STATES (OCONUS). THE AGENCY?S INF",https://www.usaspending.gov/award/CONT_AWD_75F40125F19004_7524_75F40123D00042_7524
infrastructure_ops,sole_source,,449997.88,Health Resources and Services Administration,DIGITAL MANAGEMENT LLC,DF10,2023-11-21,2024-11-07 00:00:00,FULL AND OPEN COMPETITION,,OIT- SERVICES40 C 6016 - FY24 NOFO NAVIGATOR MAINTENANCE O&M,https://www.usaspending.gov/award/CONT_AWD_75R60224F34021_7526_75R60220A00017_7526
portal_web,sole_source,1,445000.0,Department of Veterans Affairs,"ENGINEERED CARE, INC",DA10,2023-03-09,2026-03-09 00:00:00,NOT COMPETED UNDER SAP,,ENGINEERED CARE - CARE TRANSITIONS PORTAL BASE PERIOD,https://www.usaspending.gov/award/CONT_AWD_36C10A23C0007_3600_-NONE-_-NONE-
other,sole_source,1,443963.45,Department of Veterans Affairs,ALVAREZ LLC,DA10,2021-07-02,2026-06-30 00:00:00,FULL AND OPEN COMPETITION AFTER EXCLUSION OF SOURCES,,CLINTEGRITY SOFTWARE,https://www.usaspending.gov/award/CONT_AWD_36C26121F0317_3600_NNG15SD19B_8000
other,sole_source,1,443507.0,Indian Health Service,SWC TELESOLUTIONS INC,DE11,2023-08-10,2028-08-14 00:00:00,NOT COMPETED UNDER SAP,,SECONDARY INTERNET SERVICE PROVIDER,https://www.usaspending.gov/award/CONT_AWD_75H71023P01621_7527_-NONE-_-NONE-
other,sole_source,1,441697.66,Department of Veterans Affairs,"COMPUTRITION, INC.",DA01,2024-07-31,2025-04-28 00:00:00,FULL AND OPEN COMPETITION,,COMPUTRITION AUTOMATION SOFTWARE AND LICENSING VISN 08,https://www.usaspending.gov/award/CONT_AWD_36C10B24F0136_3600_47QTCA21D005U_4732
analytics_reporting,sole_source,1,438810.0,Defense Health Agency,"LUNIT AMERICAS, INC.",DC01,2021-08-25,2024-09-30 00:00:00,NOT COMPETED,,MAMMOGRAPHY REPORTING SYSTEM SUPPORT,https://www.usaspending.gov/award/CONT_AWD_HT001521P5000_9700_-NONE-_-NONE-
clinical_it_ehr,sole_source,1,437182.72,Department of Veterans Affairs,SWITCHLANE INC,DA10,2023-08-15,2028-08-26 00:00:00,NOT COMPETED,,SWITCHLANE PERIOPTIMIZATION VISTA INTEGRATION SOFTWARE,https://www.usaspending.gov/award/CONT_AWD_36C24423P0682_3600_-NONE-_-NONE-
other,sole_source,1,436710.0,Department of Veterans Affairs,"MINBURN TECHNOLOGY GROUP, LLC",DA01,2024-09-13,2027-09-12 00:00:00,FULL AND OPEN COMPETITION AFTER EXCLUSION OF SOURCES,,BIOPOINT ANNUAL SOFTWARE LICENSE SUPPORT RENEWAL,https://www.usaspending.gov/award/CONT_AWD_36C10B24F0364_3600_NNG15SD34B_8000
other,sole_source,1,435442.59,Department of Veterans Affairs,"VLOGIC SYSTEMS, INC",DA10,2023-09-22,2024-09-25 00:00:00,NOT COMPETED UNDER SAP,,ELECTRONIC DRAWINGS - PITTSBURGH,https://www.usaspending.gov/award/CONT_AWD_36C24423N1186_3600_36C24422A0044_3600
other,sole_source,1,435240.0,Defense Health Agency,"COX CALIFORNIA TELCOM, LLC",DG11,2024-09-19,2029-09-16 00:00:00,NOT COMPETED UNDER SAP,,COX CABLE TELEVISION SERVICES,https://www.usaspending.gov/award/CONT_AWD_HT941024P0204_9700_-NONE-_-NONE-
other,sole_source,1,434506.2,Department of Veterans Affairs,COX NEVADA TELCOM LLC,DG11,2022-08-30,2026-06-04 00:00:00,NOT COMPETED UNDER SAP,,CABLE AND INTERNET SERVICES,https://www.usaspending.gov/award/CONT_AWD_36C26122P1261_3600_-NONE-_-NONE-
other,sole_source,1,433529.79,Centers for Disease Control and Prevention,STARLIMS CORPORATION,D399,2017-06-12,2019-09-29 00:00:00,NOT COMPETED UNDER SAP,,SERVICES,https://www.usaspending.gov/award/CONT_AWD_HHSD200201794318C_7523_-NONE-_-NONE-
other,sole_source,,430958.05,Department of Veterans Affairs,DATA INNOVATIONS LLC,DA10,2025-10-31,2029-09-30 00:00:00,NOT COMPETED UNDER SAP,,SOFTWARE INTERFACE UPGRADE,https://www.usaspending.gov/award/CONT_AWD_36C25626N0218_3600_36C25626D0017_3600
infrastructure_ops,sole_source,1,429833.56,Department of Veterans Affairs,"CENSIS TECHNOLOGIES, INC.",DC10,2025-02-21,2025-09-30 00:00:00,NOT COMPETED,,"CENSIS TECHNOLOGIES PROPRIETARY SUBSCRIPTIONS: INSTRUMENTRAC, SERVICE+, CENSITRAC GOV CLOUD SERVER, SCOPETRAC STAND ADVANCED, LOANERLINK, AND IMPLEMENTATION OF LOANERLINK",https://www.usaspending.gov/award/CONT_AWD_36C24925P0343_3600_-NONE-_-NONE-
other,sole_source,1,428455.91,Office of the Assistant Secretary for Administration,"FEDRESULTS, INC.",D399,2019-03-29,2020-06-05 00:00:00,FULL AND OPEN COMPETITION,,"DIGITAL SUBSCRIPTION MANAGEMENT SERVICESCONTRACTING OFFICER: FOR ANY QUESTIONS REGARDING THIS CONTRACT PLEASE CONTACT THECONTRACTING OFFICER, DAVID MORGAN AT 301.492.4655 OR DAVID.MORGAN@PSC.HHS.GOV.CONTRACTING OFFICER'S REPRESENTATIVE: THE TECHNICAL POC FOR THIS ORDER IS ANN ABERCROMBIE, ANN.ABERCROMBIE@HHS.GOV OR (202) 401-9588.PAYMENT QUESTIONS SHALL BE REFERRED TO THE FINANCE OFFICE AT 301-492-5233.THIS IS A FIRM-FIXED PRICE TYPE TASK ORDER UNDER GS-35F-0256K, THE TERMS ANDCONDITIONS OF WHICH APPLY HEREIN.",https://www.usaspending.gov/award/CONT_AWD_75P00119F80026_7570_GS35F0256K_4730
other,sole_source,1,426075.0,Department of Veterans Affairs,MEDICOM TECHNOLOGIES INC,DA10,2025-08-28,2030-08-31 00:00:00,NOT COMPETED,,MEDICOM IMAGEX,https://www.usaspending.gov/award/CONT_AWD_36C25725P0852_3600_-NONE-_-NONE-
other,sole_source,1,424785.54,Department of Veterans Affairs,"SAN DIEGO, COUNTY OF",DG11,2021-04-06,2026-12-30 00:00:00,NOT COMPETED UNDER SAP,,RADIO SUBSCRIPTION,https://www.usaspending.gov/award/CONT_AWD_36C26221C0055_3600_-NONE-_-NONE-
other,sole_source,1,424764.84,Office of the Assistant Secretary for Financial Resources,"INOVALON PROVIDER, INC",DA10,2021-08-30,2026-08-31 00:00:00,NOT COMPETED,,INSURANCE VERIFICATION SOFTWARE SERVICE FOR THE PHOENIX INDIAN MEDICAL CENTER,https://www.usaspending.gov/award/CONT_AWD_75H71221C00018_7527_-NONE-_-NONE-
other,sole_source,1,424662.14,Department of Veterans Affairs,"HILL-ROM, INC.",DA01,2023-08-31,2027-08-31 00:00:00,NOT COMPETED,,NURSE CALL IT SERVICES,https://www.usaspending.gov/award/CONT_AWD_36C24423P0792_3600_-NONE-_-NONE-
other,sole_source,1,417719.39,Department of Veterans Affairs,"WEST-COM NURSE CALL SYSTEMS, INC.",DB10,2023-09-19,2025-03-31 00:00:00,FULL AND OPEN COMPETITION,,NURSE CALL SYSTEM UPGRADE,https://www.usaspending.gov/award/CONT_AWD_36C26223F0725_3600_GS35F0429U_4730
other,sole_source,1,415319.81,Department of Veterans Affairs,UTECH PRODUCTS INC,DA10,2021-08-24,2026-08-19 00:00:00,FULL AND OPEN COMPETITION,,ENDOSOFT SUPPORT,https://www.usaspending.gov/award/CONT_AWD_36C24821F0365_3600_47QTCA21D002U_4732
other,sole_source,1,414000.0,National Institutes of Health,"MASTERCONTROL SOLUTIONS, INC.",DA01,2025-12-31,2026-12-31 00:00:00,NOT COMPETED,,MASTERCONTROL SOFTWARE-A-SERVICE FOR ELECTRONIC QUALITY MANAGEMENT SYSTEM - MASTERCONTROL (AMBIS #2277932) POP 1/1/2026-12/31/2026,https://www.usaspending.gov/award/CONT_AWD_75N93026P00006_7529_-NONE-_-NONE-
other,sole_source,1,412945.0,Department of Veterans Affairs,911INET LLC,DG11,2021-10-20,2027-02-28 00:00:00,NOT COMPETED UNDER SAP,,ANNUAL SUBSCRIPTION 911INET POLICE RADIOS,https://www.usaspending.gov/award/CONT_AWD_36C24822P0053_3600_-NONE-_-NONE-
other,sole_source,1,412548.0,National Institutes of Health,"FLEXAGON, LLC",DA01,2021-02-05,2026-02-14 00:00:00,NOT COMPETED UNDER SAP,,FLEXDEPLOY ENTERPRISE EDITION LICENSE SUBSCRIPTION AND SERVICES,https://www.usaspending.gov/award/CONT_AWD_75N97021P00040_7529_-NONE-_-NONE-
other,sole_source,1,410970.34,Department of Veterans Affairs,ALVAREZ LLC,DA01,2021-08-16,2025-09-11 00:00:00,FULL AND OPEN COMPETITION AFTER EXCLUSION OF SOURCES,,CDI PRO SOFTWARE,https://www.usaspending.gov/award/CONT_AWD_36C24421F0399_3600_NNG15SD19B_8000
other,sole_source,1,408122.0,Department of Veterans Affairs,NATIONAL INSTITUTE OF BUILDING SCIENCES,DA10,2024-09-25,2027-09-24 00:00:00,NOT COMPETED,,DR. CHECKS,https://www.usaspending.gov/award/CONT_AWD_36C10B24C0063_3600_-NONE-_-NONE-
infrastructure_ops,sole_source,1,407800.0,Department of Veterans Affairs,TECH4RESEARCH LLC,DA10,2023-09-28,2028-09-28 00:00:00,NOT COMPETED,,TELEPHONY AND HOSTING SERVICE - PETALS PROGRAM,https://www.usaspending.gov/award/CONT_AWD_36C25023P2111_3600_-NONE-_-NONE-
other,sole_source,1,407649.34,Department of Veterans Affairs,SYMPLR SOFTWARE LLC,DA10,2024-06-28,2028-06-30 00:00:00,NOT COMPETED UNDER SAP,,SYMPLR PROVIDER SOFTWARE AND MAINTENANCE SERVICES - BASE PLUS 3 ONE-YEAR OPTION PERIODS,https://www.usaspending.gov/award/CONT_AWD_36C26124P1293_3600_-NONE-_-NONE-
other,sole_source,1,406643.76,Department of Veterans Affairs,"WAVEMARK, INC",DF01,2025-11-06,2028-11-10 00:00:00,NOT COMPETED,,VISN 10 WAVEMARK SUPPORT AND MAINTENANCE,https://www.usaspending.gov/award/CONT_AWD_36C10B26C0006_3600_-NONE-_-NONE-
other,sole_source,1,406547.84,Department of Veterans Affairs,"PAR EXCELLENCE SYSTEMS, INC",DA01,2025-09-25,2026-09-24 00:00:00,NOT COMPETED,,WEIGHT BASED INVENTORY MANAGEMENT SYSTEM,https://www.usaspending.gov/award/CONT_AWD_36C10B25C0058_3600_-NONE-_-NONE-
other,sole_source,1,403929.36,Office of the Assistant Secretary for Administration,OPEN TEXT INC.,D317,2020-03-12,2025-03-15 00:00:00,FULL AND OPEN COMPETITION,,CONTENT MANAGEMENT SUITE LICENSE AND TECHNICAL SUPPORT FOR OASH,https://www.usaspending.gov/award/CONT_AWD_75P00120F80055_7570_47QTCA19D007R_4732
other,sole_source,1,403650.3,Food and Drug Administration,"MAGNUM MULTIMEDIA, INC.",DA01,2023-08-06,2025-09-29 00:00:00,NOT AVAILABLE FOR COMPETITION,,OAGS IT SYSTEM SUPPORT,https://www.usaspending.gov/award/CONT_AWD_75F40123C00092_7524_-NONE-_-NONE-
other,sole_source,1,402147.59,Indian Health Service,"LEIDIT, LLC",DA01,2025-06-04,2026-10-31 00:00:00,NOT AVAILABLE FOR COMPETITION,,IMPLEMENTATION OF SERVICENOW STRATEGIC PORTFOLIO MANAGEMENT (SPM) MODULE-8(A) DIRECT AWARD,https://www.usaspending.gov/award/CONT_AWD_75H70425C00004_7527_-NONE-_-NONE-
clinical_it_ehr,sole_source,1,401548.16,Department of Veterans Affairs,"MINBURN TECHNOLOGY GROUP, LLC",DA10,2022-05-01,2023-04-30 00:00:00,FULL AND OPEN COMPETITION AFTER EXCLUSION OF SOURCES,,VISTA PERIOPERATIVE ANNUAL SOFTWARE LICENSE,https://www.usaspending.gov/award/CONT_AWD_36C26222F0392_3600_NNG15SD34B_8000
other,sole_source,1,401086.05,Department of Veterans Affairs,"GOVERNMENT MARKETING AND PROCUREMENT, LLC",DE01,2024-04-05,2025-04-09 00:00:00,NOT COMPETED,,EMERGENCY VOCERA BADGING SYSTEM SERVICE,https://www.usaspending.gov/award/CONT_AWD_36C24824P1179_3600_-NONE-_-NONE-
other,sole_source,,398722.08,Department of Veterans Affairs,WELLSPRING WORLDWIDE INC,DH10,2024-07-31,2025-07-31 00:00:00,NOT COMPETED,,SOPHIA SOFTWARE AND PROFESSIONAL SERVICES,https://www.usaspending.gov/award/CONT_AWD_36C24E24N0172_3600_36C24E24D0029_3600
other,sole_source,1,398581.28,Indian Health Service,ADVANCED TECHNOLOGY COMPUTERS INC,D316,2014-07-08,2019-07-15 00:00:00,NOT AVAILABLE FOR COMPETITION,,IGF::OT::IGF INFORMATION TECHNOLOGY SUPPORT SERVICES,https://www.usaspending.gov/award/CONT_AWD_HHSI102201400006C_7527_-NONE-_-NONE-
other,sole_source,1,397858.76,Office of the Assistant Secretary for Administration,"DSFEDERAL, INC",DA01,2021-09-29,2022-09-29 00:00:00,FULL AND OPEN COMPETITION,,FOLLOW-ON SERVICES FOR TASKS 6 AND 7,https://www.usaspending.gov/award/CONT_AWD_75P00121F37004_7570_HHSP233201500118I_7555
credentialing_provider_data,sole_source,1,397352.0,Centers for Disease Control and Prevention,"IQ SOLUTIONS, INC.",D322,2019-07-09,2020-07-08 00:00:00,FULL AND OPEN COMPETITION AFTER EXCLUSION OF SOURCES,,MIGRATION OF FTBR AND NHTP SITES INTO THE NPIN DRUPAL ENVIRONMENT,https://www.usaspending.gov/award/CONT_AWD_75D30119F00005_7523_HHSD200201461014I_7523
other,sole_source,1,396873.05,Office of the Assistant Secretary for Financial Resources,VETS SYNERGETIC GROUP LLC,DA01,2025-07-09,2029-07-29 00:00:00,FULL AND OPEN COMPETITION,,MICROSOFT ACCESS DATABASE COMPLIANCE PROGRAM INFORMATION SYSTEM (OCS COMPLIS),https://www.usaspending.gov/award/CONT_AWD_75F40125F80113_7524_47QTCA24D005S_4732
other,sole_source,,395327.81,Food and Drug Administration,VERSATECH/IMPYRIAN TECHNOLOGY NETWORK LLC,DA01,2026-09-08,2027-09-13 00:00:00,NOT AVAILABLE FOR COMPETITION,,AV IMPROVEMENTS PROJECT FOR B62 & 64 AT WO CAMPUS,https://www.usaspending.gov/award/CONT_AWD_75F40126F19021_7524_75F40122D00024_7524
other,sole_source,,393975.76,National Institutes of Health,SIKICH FEDERAL INC.,DA01,2021-09-17,2022-09-29 00:00:00,NOT COMPETED,,NEAD TO14 - POWERAPPS DME,https://www.usaspending.gov/award/CONT_AWD_75N96021F00010_7529_75N96020D00012_7529
other,sole_source,1,393902.88,Defense Health Agency,CELLCO PARTNERSHIP,DG11,2024-08-19,2025-08-23 00:00:00,FULL AND OPEN COMPETITION,,WIRELESS SERVICES,https://www.usaspending.gov/award/CONT_AWD_HT941024F0139_9700_N0024424D0010_9700
other,sole_source,1,393271.85,Department of Veterans Affairs,ACUSTAF DEVELOPMENT CORP,DA10,2021-05-25,2026-05-31 00:00:00,FULL AND OPEN COMPETITION,,LABOR MANAGEMENT SOFTWARE,https://www.usaspending.gov/award/CONT_AWD_36C24521F0370_3600_GS35F0408X_4732
other,sole_source,1,390563.54,National Institutes of Health,XCELNET SYSTEMS INC.,D301,2016-02-25,2021-02-28 00:00:00,NOT AVAILABLE FOR COMPETITION,,IGF::OT::IGF- RAPID E-SUITE TOOLSET LICENSE  SUPPORT; XCELNET,https://www.usaspending.gov/award/CONT_AWD_HHSN276201600002C_7529_-NONE-_-NONE-
other,sole_source,1,389575.21,Department of Veterans Affairs,"V3GATE, LLC",DA01,2026-08-31,2028-08-31 00:00:00,FULL AND OPEN COMPETITION AFTER EXCLUSION OF SOURCES,,"NTP RHAPSODY COREPOINT SYSTEM OFTWARE LICENSING THAT INCLUDES MAINTENANCE AND SUPPORT SERVICES FOR THE PREVIOUSLY PROCURED, NTP HL7 INTEGRATION SYSTEM.",https://www.usaspending.gov/award/CONT_AWD_36C10B26F0332_3600_NNG15SD27B_8000
other,sole_source,1,389539.14,Department of Veterans Affairs,"VLOGIC SYSTEMS, INC",DA10,2023-09-19,2024-09-29 00:00:00,NOT COMPETED UNDER SAP,,ELECTRONIC DRAWINGS - PHILADELPHIA ORDER,https://www.usaspending.gov/award/CONT_AWD_36C24423N1183_3600_36C24422A0044_3600
other,sole_source,1,389420.16,Office of the Assistant Secretary for Financial Resources,"NETCOMM, INC.",DF01,2024-10-31,2029-11-10 00:00:00,FULL AND OPEN COMPETITION,,NETCOMM INC:1108018 [25-000030],https://www.usaspending.gov/award/CONT_AWD_75N98025F00047_7529_47QTCA24D0058_4732
other,sole_source,1,389340.0,National Institutes of Health,ELSEVIER B.V.,D399,2016-08-04,2019-08-07 00:00:00,NOT COMPETED,,IGF::OT::IGF,https://www.usaspending.gov/award/CONT_AWD_HHSN276201600199P_7529_-NONE-_-NONE-
infrastructure_ops,sole_source,1,386996.92,Department of Veterans Affairs,"THUNDERCAT TECHNOLOGY, LLC",DH10,2024-08-13,2026-02-13 00:00:00,NOT COMPETED,,GETWELL NETWORK SERVICE,https://www.usaspending.gov/award/CONT_AWD_36C25924P1232_3600_-NONE-_-NONE-
other,sole_source,1,385514.9,Department of Veterans Affairs,"DOCUMENT STORAGE SYSTEMS, INC.",DA10,2024-09-10,2029-09-15 00:00:00,FULL AND OPEN COMPETITION,,DSS LIVEDATA PERIOP MANAGER SERVICE,https://www.usaspending.gov/award/CONT_AWD_36C24424F0541_3600_47QTCA23D005Q_4732
infrastructure_ops,sole_source,1,384000.0,Office of the Assistant Secretary for Financial Resources,"NAVAJO COMMUNICATIONS CO., INC.",DG11,2024-06-28,2029-06-27 00:00:00,NOT COMPETED,,FY 24 - NAO TELECOMMUNICATION SERVICES,https://www.usaspending.gov/award/CONT_AWD_75H71024P01096_7527_-NONE-_-NONE-
infrastructure_ops,sole_source,1,382555.0,Office of the Assistant Secretary for Financial Resources,INTEL 471 INC.,DH10,2022-09-07,2027-09-14 00:00:00,NOT COMPETED,,"THIS ACQUISITION SHALL PROVIDE INTEGRATED SPUNK, PALO, ALTO AND CROWDSTRIKE CONTENT CREATION IN A FULLY CLOUD MANAGED SOLUTION.",https://www.usaspending.gov/award/CONT_AWD_75P00122P00115_7570_-NONE-_-NONE-
other,sole_source,1,382448.4,Department of Veterans Affairs,COLOSSAL CONTRACTING LLC,DA10,2025-03-27,2030-03-31 00:00:00,FULL AND OPEN COMPETITION AFTER EXCLUSION OF SOURCES,,"SOFTWARE SERVICE FOR NOVA WACHTER FOR THE BRONX,NY VAMC",https://www.usaspending.gov/award/CONT_AWD_36C24225F0085_3600_NNG15SD72B_8000
other,sole_source,1,382181.76,Department of Veterans Affairs,"SUPRAVISTA MEDICAL DSS, LLC",DA10,2023-03-17,2028-03-19 00:00:00,NOT COMPETED UNDER SAP,,BRILLIANS SOFTWARE APPLICATION,https://www.usaspending.gov/award/CONT_AWD_36C24423P0353_3600_-NONE-_-NONE-
portal_web,sole_source,1,381694.0,Centers for Medicare and Medicaid Services,CWR TECHNOLOGIES L.L.C.,DF10,2023-06-30,2028-07-02 00:00:00,NOT AVAILABLE FOR COMPETITION,,THE PURPOSE OF THIS REQUEST IS TO FUND THE BASE PERIOD AWARD FOR THE CMS PRODUCT ORDERING WEBSITE (POW),https://www.usaspending.gov/award/CONT_AWD_75FCMC23C0032_7530_-NONE-_-NONE-
other,sole_source,1,381038.0,Department of Veterans Affairs,"GE MEDICAL SYSTEMS INFORMATION TECHNOLOGIES, INC.",DA10,2021-12-29,2026-12-31 00:00:00,NOT COMPETED UNDER SAP,,MUSE SOFTWARE SUPPORT,https://www.usaspending.gov/award/CONT_AWD_36C26022P0229_3600_-NONE-_-NONE-
other,sole_source,1,379712.47,Defense Health Agency,"ADVANCED INTEGRATED SOFTWARE TECHNOLOGY, INCORPORATED",DA01,2024-03-04,2025-02-28 00:00:00,FULL AND OPEN COMPETITION,,COMMERCIAL ELECTRONIC FAX / EMAIL SERVICE.,https://www.usaspending.gov/award/CONT_AWD_HT001124F0010_9700_47QTCA20D00CT_4732
infrastructure_ops,sole_source,1,377785.54,Department of Veterans Affairs,TDS TELECOMMUNICATIONS LLC,D399,2019-07-11,2025-06-30 00:00:00,NOT COMPETED,,LOCAL EXCHANGE CARRIER TELECOMMUNICATION VOICE AND DATA SERVICES,https://www.usaspending.gov/award/CONT_AWD_36C10B19C0037_3600_-NONE-_-NONE-
other,sole_source,1,377160.29,Centers for Disease Control and Prevention,"ICF INCORPORATED, L.L.C.",DA01,2026-01-30,2026-04-30 00:00:00,FULL AND OPEN COMPETITION,,EMERGING TECHNOLOGY & DESIGN ACCELERATION BRANCH (ETDAB) SUPPORT SERVICES,https://www.usaspending.gov/award/CONT_AWD_75D30126F20804_7523_47QTCK18D0043_4732
other,sole_source,1,376559.06,National Institutes of Health,IMMERSIVE CONCEPTS L.L.C.,DB02,2024-05-23,2025-03-13 00:00:00,FULL AND OPEN COMPETITION AFTER EXCLUSION OF SOURCES,,CSR ZOOM LICENSES,https://www.usaspending.gov/award/CONT_AWD_75N92024F00121_7529_47QTCB22D0044_4732
other,sole_source,1,375443.44,Department of Veterans Affairs,TRILLAMED LLC,DA10,2023-08-17,2029-09-19 00:00:00,NOT COMPETED,,GE XELERIS SOFTWARE,https://www.usaspending.gov/award/CONT_AWD_36C10B23C0032_3600_-NONE-_-NONE-
other,sole_source,1,374803.13,Department of Veterans Affairs,ACUSTAF DEVELOPMENT CORP,DA10,2023-09-11,2028-09-24 00:00:00,FULL AND OPEN COMPETITION,,ACUSTAF DEVELOPMENT SOFTWARE 3001 LABOR MANAGEMENT SOFTWARE,https://www.usaspending.gov/award/CONT_AWD_36C25623F0300_3600_GS35F0408X_4732
other,sole_source,1,374350.0,National Institutes of Health,"BIOFORTIS, LLC",DB02,2021-08-25,2022-08-25 00:00:00,NOT COMPETED,,"BIOFORTIS CLINICAL AND TRANSLATIONAL RESEARCH MANAGEMENT SOFTWARE SUBSCRIPTIONS, MAINTENANCE AND DEVELOPMENT SUPPORT SERVICES",https://www.usaspending.gov/award/CONT_AWD_75N91021P00770_7529_-NONE-_-NONE-
other,sole_source,1,374196.0,Department of Veterans Affairs,ACUSTAF DEVELOPMENT CORP,DA10,2023-10-05,2028-09-30 00:00:00,FULL AND OPEN COMPETITION,,ACUSTAF NURSE SOTFWARE SERVICE,https://www.usaspending.gov/award/CONT_AWD_36C24224F0033_3600_GS35F0408X_4732
other,sole_source,1,373236.0,Department of Veterans Affairs,"VELOCITY APPLICATIONS, LLC",DA10,2023-09-22,2024-09-29 00:00:00,NOT COMPETED UNDER SAP,,VAULTARA FLIGHT SOFTWARE LICENSES AND SUPPORT,https://www.usaspending.gov/award/CONT_AWD_36C26023P1081_3600_-NONE-_-NONE-
other,sole_source,1,371431.43,Department of Veterans Affairs,EPOCH CONCEPTS LLC,DA10,2026-07-30,2027-07-31 00:00:00,NOT COMPETED UNDER SAP,,EPOCH CONCEPTS,https://www.usaspending.gov/award/CONT_AWD_36C26226P1367_3600_-NONE-_-NONE-
other,sole_source,1,371296.15,Department of Veterans Affairs,FRONTIER COMMUNICATIONS CORPORATION,D322,2019-09-24,2025-03-24 00:00:00,NOT COMPETED UNDER SAP,,SERVICES TO PROVIDE INTERNET SERVICE TO EMERGENCY MANAGEMENT OF VA GREATER LOS ANGELES HEALTHCARE SYSTEM,https://www.usaspending.gov/award/CONT_AWD_36C26219C0185_3600_-NONE-_-NONE-
clinical_it_ehr,sole_source,,370387.55,Department of Veterans Affairs,"DOCUMENT STORAGE SYSTEMS, INC.",DA01,2023-04-11,2027-12-11 00:00:00,NOT COMPETED,,NATIONAL DIALYSIS EHR SOFTWARE SOLUTION,https://www.usaspending.gov/award/CONT_AWD_36C10A23N0025_3600_36C10A22D0003_3600
other,sole_source,1,368592.66,Indian Health Service,"ENVIRONMENTAL SYSTEMS RESEARCH INSTITUTE, INC.",DA01,2021-09-21,2022-09-25 00:00:00,FULL AND OPEN COMPETITION,,CONTRACTOR SHALL PROVIDE THE SOFTWARE LICENSES TO IHS IN ACCORDANCE WITH THE EXISTING PORTFOLIO RENEWAL PERIOD (09/26/2021 ? 09/25/2022). CONTRACTOR SHALL PROVIDE 12 MONTHS OF TECHNICAL ADVISOR SERVICES IN ACCORDANCE WITH SPECIAL ITEM NUMBER 541611 ?,https://www.usaspending.gov/award/CONT_AWD_75H70121F80004_7527_GS35F253CA_4732
infrastructure_ops,sole_source,1,368585.17,National Institutes of Health,"CTG FEDERAL, LLC",DG10,2026-06-16,2027-06-14 00:00:00,NOT COMPETED UNDER SAP,,"THIS FIRM FIXED PRICE PURCHASE ORDER IS AWARDED FOR PALO ALTO AND CHECKPOINT NETWORKS, LICENSES AND PREMIUM SUPPORT TO CTG FEDERAL IN THE AMOUNT OF $368,585.17  QUOTE# AB260326SW2.D",https://www.usaspending.gov/award/CONT_AWD_75N98026P00753_7529_-NONE-_-NONE-
registry_surveillance,sole_source,1,367855.0,Department of Veterans Affairs,AGILERANK LLC,DA01,2025-09-19,2027-03-21 00:00:00,NOT COMPETED UNDER SAP,,"RTLS TRACKING SYSTEM SOLUTION - NORTHPORT, NY VAMC",https://www.usaspending.gov/award/CONT_AWD_36C10B25C0052_3600_-NONE-_-NONE-
other,sole_source,1,367289.09,Department of Veterans Affairs,ALVAREZ LLC,DA01,2023-10-26,2028-08-31 00:00:00,NOT COMPETED,,QMATIC QUEUING SYSTEM MAINTENANCE,https://www.usaspending.gov/award/CONT_AWD_36C26324P0012_3600_-NONE-_-NONE-
document_processing,sole_source,1,364612.86,Department of Veterans Affairs,"MINBURN TECHNOLOGY GROUP, LLC",DA10,2022-04-01,2023-03-31 00:00:00,FULL AND OPEN COMPETITION AFTER EXCLUSION OF SOURCES,,PERIOPERATIVE DOCUMENT MANAGEMENT SOFTWARE,https://www.usaspending.gov/award/CONT_AWD_36C26222F0286_3600_NNG15SD34B_8000
analytics_reporting,sole_source,1,364440.0,Centers for Medicare and Medicaid Services,DEFENSE CONTRACTING INC,DA01,2022-04-22,2022-10-24 00:00:00,FULL AND OPEN COMPETITION,,INVESTIGATIONS PROJECT PERFORMANCE TRACKER (IPPT)  CPI/FIG IS IMPLEMENTING A GROUP LEVEL MANAGEMENT TOOL CALLED INVESTIGATIONS PROJECT PERFORMANCE TRACKER (IPPT). IPPT WILL ALLOW FIG LEADERSHIP TO GET PROJECT STATUS AND DASHBOARDS USING A FEW MOUSE,https://www.usaspending.gov/award/CONT_AWD_75FCMC22F0054_7530_GS35F526GA_4732
other,sole_source,,364440.0,Food and Drug Administration,VERSATECH/IMPYRIAN TECHNOLOGY NETWORK LLC,DA01,2025-03-25,2028-03-25 00:00:00,NOT AVAILABLE FOR COMPETITION,,AV TECHNICAL AND NON-TECHNICAL SUPPORT SERVICES FOR CVM,https://www.usaspending.gov/award/CONT_AWD_75F40125F19015_7524_75F40122D00024_7524
other,sole_source,1,362875.0,Defense Health Agency,"VALGENESIS, INC.",DA10,2024-12-19,2027-12-22 00:00:00,NOT COMPETED UNDER SAP,,ANNUAL SOFTWARE LICENSES,https://www.usaspending.gov/award/CONT_AWD_HT942525P0017_9700_-NONE-_-NONE-
other,sole_source,1,361922.48,Defense Health Agency,RWD CONSULTING LLC,DG01,2024-03-29,2029-03-31 00:00:00,NOT COMPETED UNDER SAP,,IT SERVICES,https://www.usaspending.gov/award/CONT_AWD_HT001424P0091_9700_-NONE-_-NONE-
other,sole_source,1,360195.96,Department of Veterans Affairs,CSP MGT LLC,DG10,2024-10-25,2025-10-31 00:00:00,NOT COMPETED UNDER SAP,,EMERGENCY INTERNET SERVICES,https://www.usaspending.gov/award/CONT_AWD_36C25625P0097_3600_-NONE-_-NONE-
other,sole_source,1,360000.0,Department of Veterans Affairs,HEALTHINFONET,DC10,2025-03-27,2029-12-31 00:00:00,NOT COMPETED,,HEALTH INFORMATION EXCHANGE,https://www.usaspending.gov/award/CONT_AWD_36C24125P0135_3600_-NONE-_-NONE-
scheduling_referral_community_care,sole_source,1,358068.12,Department of Veterans Affairs,NATIONWIDE PHARMACEUTICAL LLC,DA10,2022-03-30,2025-03-31 00:00:00,NOT AVAILABLE FOR COMPETITION,,THIS LICENSE SHALL PROVIDE THE GOVERNMENT WITH ACCESS TO THE LATEST DRUG INFORMATION AND PRICING TO BE UTILIZED BY THE COMMUNITY CARE REIMBURSEMENT SYSTEM AND PROGRAM INTEGRITY TOOL INFORMATION TECHNOLOGY PROJECTS.,https://www.usaspending.gov/award/CONT_AWD_36C10B22C0095_3600_-NONE-_-NONE-
credentialing_provider_data,sole_source,1,355165.69,Indian Health Service,COLOSSAL CONTRACTING LLC,DA10,2026-09-18,2027-09-17 00:00:00,NOT COMPETED,,"FIRM FIXED-PRICE, NON-PERSONAL SERVICE TYPE, COMMERCIAL ITEM, DELIVERY/TASK ORDER, FOR PRIVILEGED ACCESS MANAGEMENT (PAM) UPGRADES FOR THE FACILITIES WITHIN THE GREAT PLAINS AREA INDIAN HEALTH SERVICE (GPAIHS) UNDER THE DIRECTION OF THE OFFICE OF INF",https://www.usaspending.gov/award/CONT_AWD_75H70626P00199_7527_-NONE-_-NONE-
other,sole_source,,354591.57,Food and Drug Administration,INTELLIZANT LLC,D399,2018-06-21,2019-06-24 00:00:00,NOT AVAILABLE FOR COMPETITION,,IGF::OT::IGF CFORCE O&M TASK ORDER,https://www.usaspending.gov/award/CONT_AWD_75F40118F01004_7524_HHSF223201610040I_7524
other,sole_source,1,354172.8,Department of Veterans Affairs,"FOUR POINTS TECHNOLOGY, L.L.C.",DA10,2023-09-25,2028-09-30 00:00:00,FULL AND OPEN COMPETITION,,TRACKCORE LICENSURE,https://www.usaspending.gov/award/CONT_AWD_36C26323F0122_3600_HHSN316201500034W_7529
other,sole_source,1,353500.0,Department of Veterans Affairs,"IRON BOW TECHNOLOGIES, LLC",DA01,2026-09-14,2027-09-14 00:00:00,FULL AND OPEN COMPETITION,,STAFFING OPTIMIZATION PLATFORM,https://www.usaspending.gov/award/CONT_AWD_36C24126F0158_3600_NNG15SC41B_8000
other,sole_source,1,353332.0,Office of the Assistant Secretary for Financial Resources,SIEMENS HEALTHCARE DIAGNOSTICS INC.,DH10,2022-12-29,2027-12-31 00:00:00,NOT COMPETED UNDER SAP,,"FIRM FIXED PRICE, BASE PLUS FOUR OPTION YEAR CONTRACT TO PROVIDE A COMPREHENSIVE LICENSING AND SUPPORT AGREEMENT FOR POINT OF CARE GLUCOMETER MIDDLEWARE INSTALLED, OR TO BE INSTALLED, AT MULTIPLE FACILITIES WITHIN THE REGION SERVED BY THE GREAT PLAIN",https://www.usaspending.gov/award/CONT_AWD_75H70623C00014_7527_-NONE-_-NONE-
other,sole_source,,352883.7,National Institutes of Health,SIKICH FEDERAL INC.,DA01,2020-11-30,2022-05-31 00:00:00,NOT COMPETED,,NEAD TO6 - MANUSCRIPT REVIEW SYSTEM (MRS) DME,https://www.usaspending.gov/award/CONT_AWD_75N96021F00001_7529_75N96020D00012_7529
other,sole_source,1,351150.08,Department of Veterans Affairs,"MINBURN TECHNOLOGY GROUP, LLC",DA01,2023-10-01,2024-09-30 00:00:00,FULL AND OPEN COMPETITION AFTER EXCLUSION OF SOURCES,,DSS DATABRIDGE SOFTWARE MAINTENANCE AND SOFTWARE LICENSE,https://www.usaspending.gov/award/CONT_AWD_36C26324F0002_3600_NNG15SD34B_8000
other,sole_source,1,350866.49,National Institutes of Health,"COMMONWEALTH INFORMATICS, INC.",D308,2018-06-14,2020-12-31 00:00:00,FULL AND OPEN COMPETITION,,"COMMONWEALTH INFORMATICS, INC.:1244810 [18-011533]",https://www.usaspending.gov/award/CONT_AWD_75N90018F00088_7529_GS35F349BA_4732
clinical_it_ehr,sole_source,1,349440.0,Department of Veterans Affairs,DATA INNOVATIONS LLC,DA01,2026-07-01,2027-07-01 00:00:00,FULL AND OPEN COMPETITION,,AUTOVERIFICATION MIGRATIONS FROM VISTA TO ORACLE FOR THE UPCOMING EHRM DEPLOYMENTS FOR VISN 10.,https://www.usaspending.gov/award/CONT_AWD_36C10B26F0207_3600_GS35F389DA_4732
scheduling_referral_community_care,sole_source,1,347709.9,Department of Veterans Affairs,"GOVERNMENT MARKETING AND PROCUREMENT, LLC",DA10,2025-09-12,2028-09-14 00:00:00,FULL AND OPEN COMPETITION,,QGENDA SCHEDULING SOFTWARE,https://www.usaspending.gov/award/CONT_AWD_36C10B25F0270_3600_GS07F187GA_4732
other,sole_source,1,347189.14,Department of Veterans Affairs,DRAEGER INC,DA01,2026-04-20,2028-08-19 00:00:00,NOT COMPETED UNDER SAP,,SOFTWARE AND HARDWARE MAINTENANCE SUPPORT,https://www.usaspending.gov/award/CONT_AWD_36C26226N0561_3600_36C10G23A0004_3600
other,sole_source,1,346525.92,Department of Veterans Affairs,TECHSYSTEMS USA LLC,DG11,2022-03-24,2025-09-30 00:00:00,NOT COMPETED,,WI-FI INTERNET SERVICES,https://www.usaspending.gov/award/CONT_AWD_36C25622C0595_3600_-NONE-_-NONE-
other,sole_source,1,345600.0,Department of Veterans Affairs,ACUSTAF DEVELOPMENT CORP,DA10,2022-01-05,2027-01-31 00:00:00,FULL AND OPEN COMPETITION,,ACUSTAF APPLICATION SOFTWARE,https://www.usaspending.gov/award/CONT_AWD_36C26222F0082_3600_GS35F0408X_4732
clinical_it_ehr,sole_source,1,344668.14,Department of Veterans Affairs,"SUPRAVISTA MEDICAL DSS, LLC",D399,2020-03-27,2025-03-30 00:00:00,NOT COMPETED UNDER SAP,,SUPRAVISTA SOFTWARE SUBSCRIPTION,https://www.usaspending.gov/award/CONT_AWD_36C24720P0507_3600_-NONE-_-NONE-
document_processing,sole_source,1,344137.52,Department of Veterans Affairs,MEDICOM TECHNOLOGIES INC,DA10,2026-09-10,2029-09-14 00:00:00,NOT COMPETED,,VISN 12 HAS A REQUIREMENT FOR MEDICOM DIAGNOSTIC POINT-TO-POINT BI-DIRECTIONAL ELECTRONIC EXCHANGE PLATFORM FOR THE SECURE TRANSMISSION OF DIGITAL IMAGING & COMMUNICATION IN MEDICINE (DICOM) IMAGING EXAMINATIONS AND RADIOLOGY REPORTS.,https://www.usaspending.gov/award/CONT_AWD_36C10B26C0083_3600_-NONE-_-NONE-
other,sole_source,,343629.78,Food and Drug Administration,VERSATECH/IMPYRIAN TECHNOLOGY NETWORK LLC,DA01,2026-09-03,2027-09-03 00:00:00,NOT AVAILABLE FOR COMPETITION,,"THE PURPOSE IS TO PROVIDE AUDIO VISUAL REPLACEMENT HARDWARE TO CONFERENCE ROOMS LOCATED IN THE WILEY BUILDING (CPK1).  THE A/V HARDWARE REPLACEMENT, WHICH WILL BE FEATURED WITH PRESENTATION AND VIDEO CONFERENCING CAPABILITIES, WILL ALLOW FOR IMPROVED",https://www.usaspending.gov/award/CONT_AWD_75F40126F19023_7524_75F40122D00024_7524
other,sole_source,1,343393.16,Department of Veterans Affairs,CHARTER COMMUNICATIONS OPERATING LLC,DG01,2023-03-01,2028-02-28 00:00:00,NOT COMPETED,,CABLE TV AND WI-FI SERVICES AND MAINTENANCE CONTRACT,https://www.usaspending.gov/award/CONT_AWD_36C24623P0637_3600_-NONE-_-NONE-
other,sole_source,1,342947.0,Department of Veterans Affairs,"VLOGIC SYSTEMS, INC",DA10,2025-10-01,2026-09-30 00:00:00,NOT COMPETED UNDER SAP,,VLOGIC SYSTEM SERVICE PLAN/ BPA,https://www.usaspending.gov/award/CONT_AWD_36C24926N0163_3600_36C24925A0054_3600
other,sole_source,1,342860.0,Centers for Disease Control and Prevention,OPENCLINICA LLC,DA10,2026-04-10,2027-04-09 00:00:00,NOT COMPETED UNDER SAP,,TRIAL MANAGEMENT SYSTEM FOR TB CLINICAL RESEARCH,https://www.usaspending.gov/award/CONT_AWD_75D30126P20941_7523_-NONE-_-NONE-
clinical_it_ehr,sole_source,1,342789.4,Defense Health Agency,"LABWARE, INC.",DA10,2023-09-25,2028-09-29 00:00:00,NOT COMPETED UNDER SAP,,LABWARE LIMS MAINTENANCE AND SUPPORT,https://www.usaspending.gov/award/CONT_AWD_HT942523P0142_9700_-NONE-_-NONE-
other,sole_source,1,341229.1,Office of the Assistant Secretary for Administration,WIDEPOINT INTEGRATED SOLUTIONS CORP,D399,2020-03-30,2021-04-30 00:00:00,FULL AND OPEN COMPETITION,,HHS OCIO WIRELESS MANAGED SERVICES,https://www.usaspending.gov/award/CONT_AWD_75P00120F80069_7570_GS35F0232N_4730
clinical_it_ehr,sole_source,,340879.35,Department of Veterans Affairs,"DOCUMENT STORAGE SYSTEMS, INC.",DA01,2023-10-01,2027-09-19 00:00:00,NOT COMPETED,,NATIONAL DIALYSIS EHR SOFTWARE SOLUTION,https://www.usaspending.gov/award/CONT_AWD_36C10A24N0004_3600_36C10A22D0003_3600
other,sole_source,1,340834.31,Department of Veterans Affairs,"MINBURN TECHNOLOGY GROUP, LLC",DG10,2023-12-20,2029-02-15 00:00:00,FULL AND OPEN COMPETITION AFTER EXCLUSION OF SOURCES,,BIO-POINT SOFTWARE SERVICES VISN 7,https://www.usaspending.gov/award/CONT_AWD_36C24724F0174_3600_NNG15SD34B_8000
survey_measurement,sole_source,1,339166.0,Department of Veterans Affairs,KLAS ENTERPRISES LLC,D317,2020-08-12,2023-08-31 00:00:00,NOT COMPETED,,CONTRACTOR SHALL PROVIDE VA WITH RESEARCH&SURVEY DATABASE SUBSCRIPTION.,https://www.usaspending.gov/award/CONT_AWD_36C77620P0100_3600_-NONE-_-NONE-
other,sole_source,,338876.94,Food and Drug Administration,VERSATECH/IMPYRIAN TECHNOLOGY NETWORK LLC,DA01,2024-08-30,2025-05-02 00:00:00,NOT AVAILABLE FOR COMPETITION,,"CDRH AUDIO VISUAL POLY EQUIPMENT, WHITE OAK BUILDING 66",https://www.usaspending.gov/award/CONT_AWD_75F40124F19011_7524_75F40122D00024_7524
other,sole_source,1,337520.6,Department of Veterans Affairs,ACUSTAF DEVELOPMENT CORP,DC10,2022-10-13,2027-10-13 00:00:00,NOT COMPETED UNDER SAP,,BASE YEAR-ACUSTAF LABOR MANAGEMENT SYSTEM (SOFTWARE),https://www.usaspending.gov/award/CONT_AWD_36C24823P0021_3600_-NONE-_-NONE-
other,sole_source,1,336944.38,Department of Veterans Affairs,"COMPUTRITION, INC.",DA10,2026-03-11,2029-03-10 00:00:00,FULL AND OPEN COMPETITION,,"RENEWAL OF COMPUTRITION SOFTWARE LICENSES, SUPPORT AND MAINTENANCE. LICENSES",https://www.usaspending.gov/award/CONT_AWD_36C10B26F0077_3600_47QTCA21D005U_4732
other,sole_source,1,336875.76,Indian Health Service,"HILL-ROM, INC.",DA10,2023-09-19,2025-03-31 00:00:00,FULL AND OPEN COMPETITION,,NNMC-RENEWAL OF HILL-ROM'S VOALTE NURSE CALL SYSTEM,https://www.usaspending.gov/award/CONT_AWD_75H71023F80460_7527_36F79721D0160_3600
other,sole_source,1,335643.47,Department of Veterans Affairs,CARAHSOFT TECHNOLOGY CORP,DA10,2026-01-09,2027-08-16 00:00:00,FULL AND OPEN COMPETITION,,POWERSCRIBE ONE 2019 UPGRADE,https://www.usaspending.gov/award/CONT_AWD_36C24126F0054_3600_NNG15SC27B_8000
other,sole_source,1,335592.04,Department of Veterans Affairs,"COLEY & ASSOCIATES, INC",D301,2020-08-31,2025-08-31 00:00:00,NOT COMPETED UNDER SAP,,DEVELOP ARCHITECTURAL DRAWINGS AND CREATE CAPITAL ASSET FACILITY MANAGEMENT (CAFM) / CAPITAL ASSET INVENTORY (CAI)/ VLOGIC SYSTEM.,https://www.usaspending.gov/award/CONT_AWD_36C24620P1405_3600_-NONE-_-NONE-
other,sole_source,1,334966.88,Department of Veterans Affairs,ACUSTAF DEVELOPMENT CORP,DA10,2023-05-31,2028-06-05 00:00:00,FULL AND OPEN COMPETITION,,LABOR MANAGEMENT SOFTWARE - BASE YEAR,https://www.usaspending.gov/award/CONT_AWD_36C24823F0235_3600_GS35F0408X_4732
other,sole_source,1,334065.0,Department of Veterans Affairs,GEISEL SOFTWARE INC,D322,2019-09-26,2023-09-25 00:00:00,NOT COMPETED,,WEB APPLICATION DEVELOPMENT,https://www.usaspending.gov/award/CONT_AWD_36C24219P1713_3600_-NONE-_-NONE-
other,sole_source,1,334048.1,Indian Health Service,SCRIPTPRO USA INC,DA10,2022-08-31,2028-04-30 00:00:00,FULL AND OPEN COMPETITION,,PHARMACY AUTOMATED SYSTEM LEASE TO PURCHASE AND SUPPORT SERVICES FOR ELKO SU.,https://www.usaspending.gov/award/CONT_AWD_75H71222F80180_7527_36F79719D0135_3600
other,sole_source,,334038.67,Indian Health Service,GEONORTH INFORMATION SYSTEMS LLC,DA10,2023-07-24,2025-03-31 00:00:00,NOT AVAILABLE FOR COMPETITION,,TO DEVELOP A WEB-BASED MANAGEMENT APPLICATION AND DATABASE FACILITIES PROJECT MANAGEMENT APPLICATION (FPMA) TO INCLUDE PROJECT MANAGEMENT TOOLS AND REPORTS TO SUPPORT OUR MISSION. EACH MODULE WILL HAVE AN APPLICATION TO TRACK PROJECTS.,https://www.usaspending.gov/award/CONT_AWD_75H70123F30019_7527_75H70120D00029_7527
other,sole_source,1,334004.15,Food and Drug Administration,"ANEON BRILLIENT, LLC",DA01,2025-09-25,2028-09-25 00:00:00,NOT AVAILABLE FOR COMPETITION,,CDER SCIENCE DATABASE ADMINISTRATION SUPPORT,https://www.usaspending.gov/award/CONT_AWD_75F40125P00293_7524_-NONE-_-NONE-
other,sole_source,1,333575.98,Department of Veterans Affairs,"VLOGIC SYSTEMS, INC",D317,2019-12-27,2024-09-30 00:00:00,NOT COMPETED,,IDRAWINGS SUITE FOR UP TO 10 USERS WITH ON-GOING DATABASE MAINTENANCE AND SUPPORT,https://www.usaspending.gov/award/CONT_AWD_36C24420P0195_3600_-NONE-_-NONE-
grants_contracts_admin,sole_source,1,333550.0,Department of Veterans Affairs,"PLAN 4 HEALTHCARE, LLC",DA10,2025-10-01,2026-09-30 00:00:00,NOT COMPETED UNDER SAP,,4CAST BUDGETING SOFTWARE,https://www.usaspending.gov/award/CONT_AWD_36C24526N0042_3600_36C24521A0054_3600
other,sole_source,1,333236.2,Department of Veterans Affairs,STANDARD COMMUNICATIONS INC,DA10,2024-07-29,2029-07-31 00:00:00,NOT COMPETED UNDER SAP,,JERON NURSE CALL SSA,https://www.usaspending.gov/award/CONT_AWD_36C24124P0804_3600_-NONE-_-NONE-
other,sole_source,1,332601.1,Department of Veterans Affairs,"COMCAST CABLE COMMUNICATIONS, LLC",D304,2020-10-22,2025-10-25 00:00:00,NOT COMPETED UNDER SAP,,Q2Q PRO IDIOM CABLE TV SERVICE FOR 285 DROP LOCATIONS,https://www.usaspending.gov/award/CONT_AWD_36C24421P0032_3600_-NONE-_-NONE-
other,sole_source,1,332304.0,Department of Veterans Affairs,ACUSTAF DEVELOPMENT CORP,DG10,2023-01-31,2028-01-31 00:00:00,FULL AND OPEN COMPETITION,,SERVICE OF PROVIDING LABOR MANAGEMENT SOFTWARE AND TRAINING,https://www.usaspending.gov/award/CONT_AWD_36C24423F0170_3600_GS35F0408X_4732
other,sole_source,1,332167.19,Defense Health Agency,AGFA HEALTHCARE CORPORATION,D307,2019-09-23,2026-05-13 00:00:00,NOT COMPETED UNDER SAP,,IMPLEMENTATION SERVICES,https://www.usaspending.gov/award/CONT_AWD_W81XWH19P0172_9700_-NONE-_-NONE-
other,sole_source,1,330664.55,Department of Veterans Affairs,COX ARIZONA TELECOM LLC,DG10,2022-10-25,2027-09-30 00:00:00,NOT COMPETED UNDER SAP,,"BASE YEAR: INTERNET SERVICES AND CABLE TELEVISION SERVICES FOR THE VA HOSPITALS AND CBOCS AT PHOENIX, AZ AND PRESCOTT, AZ.",https://www.usaspending.gov/award/CONT_AWD_36C26223P0014_3600_-NONE-_-NONE-
clinical_it_ehr,sole_source,1,329600.0,Indian Health Service,"RESPEC COMPANY, LLC",DA01,2026-01-30,2027-01-31 00:00:00,NOT COMPETED,,TIER-2 RPMS/EHR SUPPORT FOR ALL OF PHOENIX AREA IHS,https://www.usaspending.gov/award/CONT_AWD_75H71226P00028_7527_-NONE-_-NONE-
other,sole_source,1,328732.8,Department of Veterans Affairs,GE HEALTHCARE IITS USA CORP.,DA10,2024-09-11,2029-09-17 00:00:00,NOT COMPETED,,CENTRICITY MAINTENANCE AND SUPPORT,https://www.usaspending.gov/award/CONT_AWD_36C25924P1352_3600_-NONE-_-NONE-
clinical_it_ehr,sole_source,,328612.57,Department of Veterans Affairs,"DOCUMENT STORAGE SYSTEMS, INC.",DA01,2023-08-01,2028-08-22 00:00:00,NOT COMPETED,,NATIONAL DIALYSIS EHR SOFTWARE  SOLUTION,https://www.usaspending.gov/award/CONT_AWD_36C10A23N0038_3600_36C10A22D0003_3600
other,sole_source,1,327794.85,Department of Veterans Affairs,I3 FEDERAL LLC,D308,2020-01-29,2025-01-25 00:00:00,NOT COMPETED,,SOLE SOURCE REQUIREMENT,https://www.usaspending.gov/award/CONT_AWD_36C26320C0065_3600_-NONE-_-NONE-
other,sole_source,1,327721.28,Department of Veterans Affairs,EBSCO INDUSTRIES INC,D317,2018-10-01,2024-03-31 00:00:00,NOT COMPETED,,IGF::OT::IGF EBSCO SUBSCRIPTION SERVICES,https://www.usaspending.gov/award/CONT_AWD_36C25819C0026_3600_-NONE-_-NONE-
other,sole_source,,327266.17,National Institutes of Health,SIKICH FEDERAL INC.,DA01,2023-09-13,2024-09-17 00:00:00,NOT COMPETED,,"NEAD TO27 JAVA DEVELOPMENT, MODERNIZATION, AND ENHANCEMENT (DME) SERVICES.",https://www.usaspending.gov/award/CONT_AWD_75N96023F00005_7529_75N96020D00012_7529
clinical_it_ehr,sole_source,1,326943.28,Department of Veterans Affairs,NATUS MEDICAL INCORPORATED,7010,2020-09-23,2027-09-30 00:00:00,FULL AND OPEN COMPETITION,,NATUS EEG AND EMG MONITORING EQUIPMENT AND INTERFACE TO CERNER EHR,https://www.usaspending.gov/award/CONT_AWD_36C26020F0741_3600_36F79718D0330_3600
other,sole_source,1,326613.6,Indian Health Service,"HIGH PRAIRIE SERVICES, LLC",D399,2020-04-03,2020-06-30 00:00:00,FULL AND OPEN COMPETITION AFTER EXCLUSION OF SOURCES,,BRIDGE ORDER - RPMS  HW SW O M SUPPORT CONTRACT (CSMT SUPPORT CONTRACT),https://www.usaspending.gov/award/CONT_AWD_75H70420F80011_7527_47QTCH18D0004_4732
other,sole_source,1,326538.0,Office of the Assistant Secretary for Financial Resources,HOPI TELECOMMUNICATIONS INC,DG11,2022-04-28,2027-05-18 00:00:00,NOT COMPETED,,BASE YEAR - 5 YEAR CONTRACT WITH THE CONTRACTOR FOR ETHERNET BROADBAND SERVICES TO ENSURE PATIENT CARE AND BUSINESS CONTINUITY FOR THE HOPI HEALTH CARE CENTER.,https://www.usaspending.gov/award/CONT_AWD_75H71222P00064_7527_-NONE-_-NONE-
other,sole_source,1,326115.9,Department of Veterans Affairs,MINUTEMAN TECHNOLOGY SERVICES LLC,DA01,2026-09-15,2030-09-13 00:00:00,NOT COMPETED,,MIAMI VA WAYFINDING PATIENT NAVIGATION SYSTEM,https://www.usaspending.gov/award/CONT_AWD_36C10B26C0075_3600_-NONE-_-NONE-
other,sole_source,,325630.64,Food and Drug Administration,"EXECUTIVE INFORMATION SYSTEMS, L.L.C.",DA01,2024-08-30,2024-12-30 00:00:00,FULL AND OPEN COMPETITION,,SAS VIYA 4 LICENSES,https://www.usaspending.gov/award/CONT_AWD_75F40124F19016_7524_75F40121A00013_7524
other,sole_source,1,324000.0,Department of Veterans Affairs,PREVAIL HEALTH SOLUTIONS LLC,DA01,2021-09-12,2024-09-12 00:00:00,NOT AVAILABLE FOR COMPETITION,,THE VA REQUIRES CONTRACTOR TO DEVELOP A WEB BASED ABOUTFACE ENGAGEMENT INTERVENTION USING VIDEOS FROM ABOUTFACE AND TEXT PROVIDED BY THE NATIONAL CENTER FOR PTSD THAT INCLUDES 6-8 MODULES. EACH MODULE WILL ADDRESS A SPECIFIC TOPIC,https://www.usaspending.gov/award/CONT_AWD_36C10B21C0035_3600_-NONE-_-NONE-
infrastructure_ops,sole_source,1,323371.0,Food and Drug Administration,SEMANTICBITS LLC,DA01,2025-09-23,2026-03-29 00:00:00,FULL AND OPEN COMPETITION,,"OHI HAS A REQUIREMENT FOR THE SPECIFIC SKILL SET NECESSARY FOR FDA?S PUBLIC DATA AND HIGHLIGHT PROJECTS USING THESE DATA IN BOTH THE PUBLIC AND PRIVATE SECTOR TO FURTHER FDA?S REGULATORY MISSION, FURTHER SCIENCE, PROVIDE DATA WHICH MAY BE UTILIZED",https://www.usaspending.gov/award/CONT_AWD_75F40125F80208_7524_GS35F192BA_4732
other,sole_source,1,322974.02,Office of the Assistant Secretary for Financial Resources,CARAHSOFT TECHNOLOGY CORP,DA01,2024-09-27,2029-09-29 00:00:00,FULL AND OPEN COMPETITION,,THIS IS FOR PURCHASING WORKIVA LICENSES FOR OS/ASFR/OFFICE OF FINANCE,https://www.usaspending.gov/award/CONT_AWD_75P00124F80177_7570_47QSWA18D008F_4732
other,sole_source,,320082.0,Office of the Assistant Secretary for Financial Resources,"GARTNER, INC.",DA01,2026-09-10,2027-08-31 00:00:00,FULL AND OPEN COMPETITION,,PCA-NCI-09976 GARTNER SUBSCRIPTION BPA CALL ORDER FOR NCI,https://www.usaspending.gov/award/CONT_AWD_7571PS26F68001_7571_7571PS26A00003_7571
other,sole_source,1,319690.61,National Institutes of Health,"QIAGEN, LLC",DA10,2024-06-05,2029-06-05 00:00:00,NOT COMPETED,,QIAGEN BIOINFORMATICS ANALYSIS TOOL ACCESS,https://www.usaspending.gov/award/CONT_AWD_75N98024C00007_7529_-NONE-_-NONE-
other,sole_source,1,319588.96,Department of Veterans Affairs,CARAHSOFT TECHNOLOGY CORP,7035,2019-08-26,2020-08-31 00:00:00,FULL AND OPEN COMPETITION,,NUANCE COMMUNICATIONS UPGRADE,https://www.usaspending.gov/award/CONT_AWD_36C24619F0400_3600_NNG15SC03B_8000
other,sole_source,1,319236.0,Department of Veterans Affairs,"VARIAN MEDICAL SYSTEMS, INC",DA10,2025-01-22,2026-03-23 00:00:00,NOT COMPETED,,SOFTWARE SUPPORT FOR RADIATION THERAPY,https://www.usaspending.gov/award/CONT_AWD_36C26225P0420_3600_-NONE-_-NONE-
clinical_it_ehr,sole_source,1,318984.0,Department of Veterans Affairs,"SUPRAVISTA MEDICAL DSS, LLC",DA01,2024-08-07,2029-08-31 00:00:00,NOT COMPETED,,SUPRAVISTA LICENSE,https://www.usaspending.gov/award/CONT_AWD_36C24724P1131_3600_-NONE-_-NONE-
other,sole_source,1,316563.32,Office of the Assistant Secretary for Administration,NATIONAL COUNCIL FOR PRESCRIPTION DRUG PROGRAMS INC,D308,2020-09-14,2024-03-15 00:00:00,NOT COMPETED,,NATIONAL COUNCIL FOR PRESCRIPTION DRUG PROGRAMS (NCPDP),https://www.usaspending.gov/award/CONT_AWD_75P00120C00068_7570_-NONE-_-NONE-
other,sole_source,1,315265.5,Office of the Assistant Secretary for Financial Resources,"ECHELON SERVICES, LLC",DB02,2022-07-20,2027-07-18 00:00:00,NOT COMPETED,,FDA-SPECIFIC INITIAL ETHICS TRAINING (IET) MODULE AND THE ANNUAL ETHICS TRAINING (AET) MODULE,https://www.usaspending.gov/award/CONT_AWD_75F40122C00079_7524_-NONE-_-NONE-
other,sole_source,1,313960.43,Department of Veterans Affairs,"CUSTOMER VALUE PARTNERS, LLC",DA01,2025-09-05,2026-11-07 00:00:00,NOT COMPETED,,VIRTUAL REALITY (VR) APPLICATION FOR SUICIDE PREVENTION TRAINING (SPT),https://www.usaspending.gov/award/CONT_AWD_36C10X25C0035_3600_-NONE-_-NONE-
other,sole_source,1,313641.83,Office of the Assistant Secretary for Financial Resources,SOLE SOLUTIONS INC.,DA01,2026-03-16,2026-09-29 00:00:00,FULL AND OPEN COMPETITION,,STRATEGIC WORK INFORMATION AND FOLDER TRANSFER (SWIFT) SUPPORT & MAINTENANCE,https://www.usaspending.gov/award/CONT_AWD_7571TE26F80015_7571_GS35F0117W_4730
other,sole_source,1,312444.96,Department of Veterans Affairs,SIEMENS INDUSTRY INC,DA01,2023-11-30,2028-11-30 00:00:00,FULL AND OPEN COMPETITION,,TEMPERATURE AND HUMIDITY CONTROL SERVICE,https://www.usaspending.gov/award/CONT_AWD_36C24224F0059_3600_GS07F217CA_4732
other,sole_source,1,312272.0,Department of Veterans Affairs,"SCHNEIDER ELECTRIC BUILDINGS AMERICAS, INC.",DA10,2025-08-21,2026-03-15 00:00:00,NOT COMPETED,,"PUGET SOUND VA MEDICAL CENTER - AMERICAN LAKE CAMPUS, TACOMA, WASHINGTON - BUILDING MANAGEMENT SYSTEM (BMS) SOTWARE CONVERSION AND UPGRADE.",https://www.usaspending.gov/award/CONT_AWD_36C26025P0936_3600_-NONE-_-NONE-
other,sole_source,1,312156.0,National Institutes of Health,"REMEDYBIZ, INC.",DF01,2024-09-19,2026-09-29 00:00:00,FULL AND OPEN COMPETITION,,ORF HAS A NEED FOR PROFESSIONAL AND TECHNICAL EXPERTISE TO CONDUCT AN ANALYSIS OF THE RENT MODEL AND THE SYSTEM OF PROCESSES THAT SUPPORT IT. THE CONTRACTOR SHALL PROVIDE RECOMMENDATIONS TO THE GOVERNMENT TO ENSURE A CLEAR AND MANAGEABLE APPROACH TO,https://www.usaspending.gov/award/CONT_AWD_75N99024F00035_7529_GS35F0576V_4730
other,sole_source,1,312000.0,National Institutes of Health,HID GLOBAL CORP,DH01,2023-10-31,2026-10-31 00:00:00,NOT COMPETED UNDER SAP,,WAYFINDING NAVIGATION APPLICATION LICENSE AND MAINTENANCE SERVICES,https://www.usaspending.gov/award/CONT_AWD_75N90024C00005_7529_-NONE-_-NONE-
other,sole_source,1,311995.2,Defense Health Agency,"MALAMA, LLC",DA01,2024-02-29,2024-08-31 00:00:00,NOT AVAILABLE FOR COMPETITION,,VETERINARY SERVICE INFORMATION MANAGEMENT SYSTEM SUPPORT SERVICES,https://www.usaspending.gov/award/CONT_AWD_HT001124C0008_9700_-NONE-_-NONE-
other,sole_source,1,311616.0,Department of Veterans Affairs,"GE MEDICAL SYSTEMS INFORMATION TECHNOLOGIES, INC.",DA10,2025-06-17,2030-06-15 00:00:00,NOT COMPETED UNDER SAP,,MUSE NX,https://www.usaspending.gov/award/CONT_AWD_36C24725P0734_3600_-NONE-_-NONE-
other,sole_source,1,311010.7,Defense Health Agency,"ANAQUA, INC.",DB10,2024-03-27,2025-06-29 00:00:00,NOT COMPETED UNDER SAP,,ANAQUA SOFTWARE/DATABASE SYSTEM SUBSCRIPTION AND RELATED SUPPORT SERVICES,https://www.usaspending.gov/award/CONT_AWD_HT942524P0056_9700_-NONE-_-NONE-
other,sole_source,1,310800.19,Department of Veterans Affairs,"COMPUTRITION, INC.",DC10,2026-07-28,2027-07-31 00:00:00,FULL AND OPEN COMPETITION,,COMPUTRITION FY26-FY27 SOFTWARE LICENSE CONTRACT,https://www.usaspending.gov/award/CONT_AWD_36C24626F0138_3600_47QTCA21D005U_4732
other,sole_source,1,310283.54,Department of Veterans Affairs,"PHOENIX SOFTWARE INTERNATIONAL, INC.",DB10,2023-10-01,2026-09-30 00:00:00,NOT COMPETED,,ROCKET SOFTWARE AND MAINTAINANCE,https://www.usaspending.gov/award/CONT_AWD_36C10B24C0001_3600_-NONE-_-NONE-
other,sole_source,1,309827.12,Indian Health Service,NTUA WIRELESS LLC,DG10,2025-03-18,2026-09-30 00:00:00,NOT COMPETED,,KSU 2025 WAN INTERNET SERVICES,https://www.usaspending.gov/award/CONT_AWD_75H71025P00483_7527_-NONE-_-NONE-
other,sole_source,1,309131.19,Defense Health Agency,"PARABON NANOLABS, INC.",DA10,2023-09-18,2028-09-18 00:00:00,NOT COMPETED,,FX SYSTEM,https://www.usaspending.gov/award/CONT_AWD_HT942523P0070_9700_-NONE-_-NONE-
other,sole_source,1,309102.46,National Institutes of Health,GUIDEHOUSE DIGITAL LLC,D399,2020-06-01,2025-11-30 00:00:00,FULL AND OPEN COMPETITION AFTER EXCLUSION OF SOURCES,,MEDICAL SCIENCE&COMPUTING LLC:1174687 [20-003036] ODS IT TASK ORDER,https://www.usaspending.gov/award/CONT_AWD_75N98020F00001_7529_HHSN316201300006W_7529
other,sole_source,,308750.0,Office of the Assistant Secretary for Administration,"BETTERUP, INC.",DA10,2025-01-02,2026-01-12 00:00:00,NOT COMPETED,,EXECUTIVE DEVELOPMENT THROUGH BEHAVIOR CHANGE SMALL BUSINESS INNOVATION RESEARCH (SBIR) III,https://www.usaspending.gov/award/CONT_AWD_75P00125F37001_7570_75P00125D00002_7570
other,sole_source,1,308191.92,Office of the Assistant Secretary for Financial Resources,"LUMEN TECHNOLOGIES GOVERNMENT SOLUTIONS, INC",DG11,2024-06-25,2027-05-31 00:00:00,FULL AND OPEN COMPETITION,,SUBSCRIPTION SERVICES,https://www.usaspending.gov/award/CONT_AWD_75N97024F00044_7529_47QTCA20D0077_4732
other,sole_source,1,307237.0,Food and Drug Administration,SPARKSOFT CORPORATION,DG10,2024-09-19,2025-09-22 00:00:00,FULL AND OPEN COMPETITION AFTER EXCLUSION OF SOURCES,,FUTURE-STATE REFERENCE ENTERPRISE ARCHITECTURE,https://www.usaspending.gov/award/CONT_AWD_75F40124F80334_7524_47QTCB21D0247_4732
other,sole_source,1,306669.22,Department of Veterans Affairs,STANDARD COMMUNICATIONS INC,DF10,2025-08-20,2030-08-31 00:00:00,NOT COMPETED UNDER SAP,,HOSPITAL PAGING SYSTEM,https://www.usaspending.gov/award/CONT_AWD_36C24825P1864_3600_-NONE-_-NONE-
scheduling_referral_community_care,sole_source,1,306300.0,Office of the Assistant Secretary for Financial Resources,ASSURED INFORMATION SYSTEMS LIMITED,DA01,2025-09-30,2026-11-29 00:00:00,NOT COMPETED,,PV WORKS VET TECHNICAL AND CONSULTATIVE SUPPORT SERVICES,https://www.usaspending.gov/award/CONT_AWD_75F40125P00312_7524_-NONE-_-NONE-
analytics_reporting,sole_source,1,305911.0,Department of Veterans Affairs,"INTELLIGENT HEALTH SOLUTIONS, LLC",DA10,2024-07-12,2028-07-12 00:00:00,NOT COMPETED,,"RADIOTHERAPY INCIDENT REPORTING AND ANALYSIS SYSTEM SOFTWARE LICENSE, MAINTENANCE AND SUPPORT",https://www.usaspending.gov/award/CONT_AWD_36C10B24C0028_3600_-NONE-_-NONE-
other,sole_source,1,305497.44,Department of Veterans Affairs,"GE MEDICAL SYSTEMS INFORMATION TECHNOLOGIES, INC.",DE01,2021-10-01,2024-09-30 00:00:00,NOT COMPETED,,SOLE SOURCE AWARD FOR DISTRIBUTED ANTENNA SYSTEM MAINTENANCE AND SUPPORT,https://www.usaspending.gov/award/CONT_AWD_36C10B22C0004_3600_-NONE-_-NONE-
other,sole_source,1,305472.0,Department of Veterans Affairs,"NATIONAL ASSOCIATION FOR PUBLIC HEALTH STATISTICS AND INFORMATION SYSTEMS, INC",DA01,2025-06-10,2027-06-10 00:00:00,NOT COMPETED,,ELECTRONIC VERIFICATION OF VITAL EVENTS (EVVE),https://www.usaspending.gov/award/CONT_AWD_36C10B25C0026_3600_-NONE-_-NONE-
other,sole_source,1,304656.18,National Institutes of Health,"CANON U.S.A., INC.",7050,2019-09-16,2024-09-17 00:00:00,FULL AND OPEN COMPETITION,,TO PURCHASE NEW 24 MULTIFUNCTION PRINTERS/COPIERS/SCAN/FAX AS WELL AS THE MAINTENANCE AND SERVICE AGREEMENT FOR ALL THE 27COPIER/PRINTER (NIDA OWNED THREE CANON COPIERS).,https://www.usaspending.gov/award/CONT_AWD_75N95019F00209_7529_GS03F046DA_4732
analytics_reporting,sole_source,1,303748.14,National Institutes of Health,BOOZ ALLEN HAMILTON INC,D302,2019-07-19,2020-04-21 00:00:00,FULL AND OPEN COMPETITION,,SCIENTIFIC AND ADMINISTRATIVE REPORTING AND PORTFOLIO ANALYSIS IMPLEMENTATION FOLLOW-ON,https://www.usaspending.gov/award/CONT_AWD_75N92019F00198_7529_GS35F386DA_4732
other,sole_source,1,303738.0,Department of Veterans Affairs,"GE MEDICAL SYSTEMS INFORMATION TECHNOLOGIES, INC.",DA10,2024-02-14,2029-02-14 00:00:00,NOT COMPETED,,ANNUAL SERVICE OF MACLAB AND COMBOLAB,https://www.usaspending.gov/award/CONT_AWD_36C24424P0246_3600_-NONE-_-NONE-
clinical_it_ehr,sole_source,,302779.26,Department of Veterans Affairs,"DOCUMENT STORAGE SYSTEMS, INC.",DA01,2024-08-15,2028-06-15 00:00:00,NOT COMPETED,,NATIONAL DIALYSIS EHR SOFTWARE SOLUTION,https://www.usaspending.gov/award/CONT_AWD_36C10A24N0045_3600_36C10A22D0003_3600
other,sole_source,,302400.0,National Institutes of Health,"CHICKASAW FUTREND TECHNOLOGIES ALLIANCE, LLC",DF01,2025-09-25,2026-09-29 00:00:00,NOT AVAILABLE FOR COMPETITION,,"CHICKASAW FUTREND HEALTH ALLIANCE, LLC:1317328 [25-011559] HEALTH IT PROGRAM MANAGER/PROJECT/PROGRAM MANAGEMENT II",https://www.usaspending.gov/award/CONT_AWD_75N90025F00010_7529_75N90024D00007_7529
clinical_it_ehr,sole_source,,302145.66,Department of Veterans Affairs,"DOCUMENT STORAGE SYSTEMS, INC.",DA01,2024-05-20,2027-05-07 00:00:00,NOT COMPETED,,NATIONAL DIALYSIS EHR SOFTWARE SOLUTION,https://www.usaspending.gov/award/CONT_AWD_36C10A24N0029_3600_36C10A22D0003_3600
other,sole_source,1,301906.69,Office of the Assistant Secretary for Financial Resources,CAYUSE HOLDINGS LLC,DH01,2022-09-23,2027-09-25 00:00:00,NOT COMPETED,,CAYUSE INC:1188583 [22-011279],https://www.usaspending.gov/award/CONT_AWD_75N95022P00747_7529_-NONE-_-NONE-
other,sole_source,1,301166.65,Department of Veterans Affairs,"AVICENNA MEDICAL SYSTEMS, INC.",DG01,2023-03-28,2026-05-08 00:00:00,NOT COMPETED,,SOFTWARE MED REC,https://www.usaspending.gov/award/CONT_AWD_36C24423P0333_3600_-NONE-_-NONE-
infrastructure_ops,sole_source,1,300720.54,Indian Health Service,"LUMEN TECHNOLOGIES GOVERNMENT SOLUTIONS, INC",DE11,2023-02-23,2024-09-30 00:00:00,NOT COMPETED UNDER SAP,,CONTRACTOR SHALL PROVIDE TELECOMMUNICATION SERVICES.,https://www.usaspending.gov/award/CONT_AWD_75H71023P00524_7527_-NONE-_-NONE-
infrastructure_ops,sole_source,1,300585.05,Indian Health Service,"NAVAJO COMMUNICATIONS CO., INC.",DG10,2023-01-01,2024-06-30 00:00:00,NOT COMPETED,,TELECOMMUNICATION SERVICES FOR NNMC,https://www.usaspending.gov/award/CONT_AWD_75H71023P00338_7527_-NONE-_-NONE-
other,sole_source,1,300465.71,Department of Veterans Affairs,"GOVERNMENT MARKETING AND PROCUREMENT, LLC",DD01,2021-12-14,2026-12-31 00:00:00,FULL AND OPEN COMPETITION,,FLEET MONITORING,https://www.usaspending.gov/award/CONT_AWD_36C26022F0085_3600_GS35F0858N_4730
infrastructure_ops,sole_source,1,300000.0,Department of Veterans Affairs,"V3GATE, LLC",DC01,2025-08-29,2030-09-14 00:00:00,FULL AND OPEN COMPETITION AFTER EXCLUSION OF SOURCES,,NETWORK INFASTRUTURE LOW VOLTAGE CABLING,https://www.usaspending.gov/award/CONT_AWD_36C26225F0581_3600_NNG15SD27B_8000
survey_measurement,sole_source,1,299770.44,Office of the Assistant Secretary for Administration,"GALLUP, INC.",D317,2013-09-17,2014-09-26 00:00:00,NOT COMPETED UNDER SAP,,IGF::OT::IGF  GALLUP DAILY TRACKING SURVEY DATA  INCLUDING THE GALLUP HEALTHWAYS WELL BEING INDEX (WBI) DATABASE,https://www.usaspending.gov/award/CONT_AWD_HHSP233201300131A_7555_-NONE-_-NONE-
other,sole_source,1,299724.63,Centers for Disease Control and Prevention,ASSYST INC.,DA10,2026-08-10,2028-08-16 00:00:00,FULL AND OPEN COMPETITION AFTER EXCLUSION OF SOURCES,,MMP MMD ROLLOUT AND MAINTENANCE EO14398,https://www.usaspending.gov/award/CONT_AWD_75D30126F21386_7523_75N98120D00013_7529
other,sole_source,1,299262.18,Department of Veterans Affairs,"GOVERNMENT MARKETING AND PROCUREMENT, LLC",DF10,2024-12-16,2029-12-25 00:00:00,FULL AND OPEN COMPETITION,,NURSE VOCERA SYSTEM SUPPORT SERVICES,https://www.usaspending.gov/award/CONT_AWD_36C24725F0076_3600_GS07F187GA_4732
other,sole_source,1,299183.96,Department of Veterans Affairs,DATA INNOVATIONS LLC,DA10,2023-10-13,2028-09-30 00:00:00,FULL AND OPEN COMPETITION,,DATA INNOVATIONS SYSTEM SUPPORT SERVICES,https://www.usaspending.gov/award/CONT_AWD_36C24824F0039_3600_GS35F389DA_4732
other,sole_source,1,299104.2,Department of Veterans Affairs,ALVAREZ LLC,DA10,2026-03-30,2030-03-29 00:00:00,FULL AND OPEN COMPETITION AFTER EXCLUSION OF SOURCES,,CAPITAL ASSETS AN FACILITIES MANAGEMENT SOFTWARE AND SUPPORT,https://www.usaspending.gov/award/CONT_AWD_36C10B26F0107_3600_NNG15SD19B_8000
infrastructure_ops,sole_source,1,297759.01,National Institutes of Health,SIKICH FEDERAL INC.,DG01,2021-01-22,2022-06-30 00:00:00,FULL AND OPEN COMPETITION AFTER EXCLUSION OF SOURCES,,COMMUNICATION TOWERS NETWORK INSTALLATION SERVICES,https://www.usaspending.gov/award/CONT_AWD_75N96021F00001_7529_HHSN316201200177W_7529
survey_measurement,sole_source,1,294632.08,Office of the Assistant Secretary for Administration,"GALLUP, INC.",D317,2015-09-22,2016-09-24 00:00:00,NOT COMPETED,,IGF::OT::IGF  GALLUP DAILY TRACKING SURVEY DATA,https://www.usaspending.gov/award/CONT_AWD_HHSP233201500283A_7555_-NONE-_-NONE-
grants_contracts_admin,sole_source,1,294600.0,Department of Veterans Affairs,"PLAN 4 HEALTHCARE, LLC",DA10,2025-08-26,2026-09-09 00:00:00,NOT COMPETED UNDER SAP,,4CAST BUDGETING SOFTWARE,https://www.usaspending.gov/award/CONT_AWD_36C24525N0933_3600_36C24521A0054_3600
other,sole_source,1,294528.0,Defense Health Agency,XYBION CORPORATION,DA01,2024-08-29,2029-09-12 00:00:00,FULL AND OPEN COMPETITION,,PRISTIMAXD SOFTWARE LICENSES AND SUPPORT,https://www.usaspending.gov/award/CONT_AWD_HT942524F0275_9700_GS35F120CA_4732
other,sole_source,1,293348.72,Department of Veterans Affairs,"HILL-ROM, INC.",DA10,2023-11-30,2028-11-20 00:00:00,NOT COMPETED UNDER SAP,,NAVICARE NURSE CALL SYSTEM SERVICE AND MAINTENANCE,https://www.usaspending.gov/award/CONT_AWD_36C24424P0095_3600_-NONE-_-NONE-
infrastructure_ops,sole_source,1,292994.03,Indian Health Service,"NAVAJO COMMUNICATIONS CO., INC.",DG10,2024-07-19,2025-06-30 00:00:00,NOT COMPETED,,SERVICES - TELECOMMUNICATION SERVICES FOR NNMC,https://www.usaspending.gov/award/CONT_AWD_75H71024P01185_7527_-NONE-_-NONE-
other,sole_source,1,292816.81,Department of Veterans Affairs,ZLINK INC,DG10,2024-06-30,2029-06-30 00:00:00,FULL AND OPEN COMPETITION,,ZLINK CAPITAL ASSET FACILITIES MANAGEMENT,https://www.usaspending.gov/award/CONT_AWD_36C26224F0460_3600_47QTCA19D00EK_4732
other,sole_source,1,292125.0,Department of Veterans Affairs,PARAGON TECHNOLOGIES INC,DA10,2025-08-06,2030-08-31 00:00:00,NOT COMPETED,,"PROVIDE SOFTWARE (PROPRIETARY) MAINTENANCE SERVICES FOR THE DISPENSIMATIC EQUIPMENT LOCATED AT CMOPS CHELMSFORD-MA, TUCSON-AZ, HINES-IL, MUFREESBORO-TN (ELAM FARMS/SAM JARED).  THIS IS A BASE YEAR PLUS 4 OPTION YEAR CONTRACT.",https://www.usaspending.gov/award/CONT_AWD_36C77025P0228_3600_-NONE-_-NONE-
grants_contracts_admin,sole_source,1,291808.11,Department of Veterans Affairs,UNISON SOFTWARE INC,DA01,2024-03-14,2029-03-31 00:00:00,NOT COMPETED,,4CAST BUDGET SOFTWARE SERVICE,https://www.usaspending.gov/award/CONT_AWD_36C25724P0225_3600_-NONE-_-NONE-
infrastructure_ops,sole_source,1,291594.0,Department of Veterans Affairs,PEGASUS RADIO CORP,D304,2018-11-27,2023-11-30 00:00:00,NOT COMPETED UNDER SAP,,"REQUIREMENT FOR DEPARTMENT OF VETERANS AFFAIRS (VA) OFFICE OF ADMINISTRATION (OA) TO ENSURE THE CONTINUOUS CONNECTIVITY OF 165 GOVERNMENT OWNED FEDERAL SPECIALIZED MOBILE RADIOS (FEDSMR) TO THE SPECTRUM EFFICIENT TRUNKED RADIO FREQUENCIES IN THE WASHINGTON D.C. METROPOLITAN AREA, IN ACCORDANCE WITH THE NATIONAL TELECOMMUNICATIONS AND INFORMATION ADMINISTRATION (NTIA) STANDARDS, THE CONTRACTOR SHALL FURNISH ALL RESOURCES NECESSARY TO PROVIDE CONTINUOUS AIRTIME, MAINTENANCE, AND PROGRAMMING OF 165 PORTABLE HANDHELD 2-WAY RADIOS.",https://www.usaspending.gov/award/CONT_AWD_36C10X19P0007_3600_-NONE-_-NONE-
other,sole_source,1,291312.0,Defense Health Agency,"CHEROKEE NATION HEALTHCARE SERVICES, L.L.C.",DA01,2023-06-21,2024-09-30 00:00:00,NOT COMPETED,,ANNUAL STANDARD TABLE SUPPORT.,https://www.usaspending.gov/award/CONT_AWD_HT001123P0002_9700_-NONE-_-NONE-
other,sole_source,1,290890.08,Office of the Assistant Secretary for Financial Resources,"FRONTIER COMMUNICATIONS OF THE SOUTH, LLC",DG11,2026-06-30,2027-06-30 00:00:00,NOT COMPETED UNDER SAP,,"THE NORTHERN NAVAJO MEDICAL CENTER (NNMC) IN SHIPROCK, NM AND ITS SATELLITE CLINICS AT SANOSTEE HEALTH STATION IN SANOSTEE, NM AND TOADLENA HEALTH STATION IN TOADLENA, NM REQUIRE PRIMARY RATE INTERFACE (PRI) CIRCUITS, DIRECT INTERNET ACCESS (DIA), ET",https://www.usaspending.gov/award/CONT_AWD_7571TE26P00053_7571_-NONE-_-NONE-
other,sole_source,1,290629.65,Centers for Disease Control and Prevention,KATMAI DIVERSIFIED SERVICES LLC,DA10,2024-08-30,2025-08-31 00:00:00,NOT COMPETED UNDER SAP,,STD APPLICATION FOR RECIPIENT TRACKING AND ASSISTANCE PROJECT,https://www.usaspending.gov/award/CONT_AWD_75D30124P19997_7523_-NONE-_-NONE-
infrastructure_ops,sole_source,,290158.4,Office of Assistant Secretary for Preparedness and Response,EAGLE HARBOR SOLUTIONS LLC,DE10,2025-01-17,2026-01-16 00:00:00,NOT AVAILABLE FOR COMPETITION,,"THE ASPR TECHNOLOGY INFRASTRUCTURE AND CYBERSECURITY OPERATIONS (TICO) CONTRACT IS A SINGLE AWARD, INDEFINITE DELIVERY, INDEFINITE QUANTITY (IDIQ) CONTRACT TO PROVIDE TECHNOLOGY SUPPORT.",https://www.usaspending.gov/award/CONT_AWD_75A50225F62019_7505_75A50120D00025_7505
other,sole_source,1,289845.93,National Institutes of Health,CDW GOVERNMENT LLC,7050,2020-03-17,2025-04-30 00:00:00,FULL AND OPEN COMPETITION,,LAPTOPS [20-007976],https://www.usaspending.gov/award/CONT_AWD_75N90020F00004_7529_HHSN316201500011W_7529
other,sole_source,1,288455.23,Indian Health Service,"HILL-ROM, INC.",DA10,2025-08-26,2026-11-30 00:00:00,NOT COMPETED UNDER SAP,,SERVICES - NURSE CALL SERVICES AGREEMENT,https://www.usaspending.gov/award/CONT_AWD_75H71025P01038_7527_-NONE-_-NONE-
other,sole_source,1,287952.0,Centers for Disease Control and Prevention,METAS SOLUTIONS LLC,DH01,2021-09-21,2022-09-20 00:00:00,NOT AVAILABLE FOR COMPETITION,,DMI - DRUG INVOLVED MORTALITY,https://www.usaspending.gov/award/CONT_AWD_75D30121P12822_7523_-NONE-_-NONE-
other,sole_source,1,287299.28,Office of the Assistant Secretary for Administration,UVS INFOTECH LLC.,DH10,2022-09-27,2024-09-29 00:00:00,FULL AND OPEN COMPETITION AFTER EXCLUSION OF SOURCES,,VISIBILITY TOOL,https://www.usaspending.gov/award/CONT_AWD_75P00122F80217_7570_47QTCB22D0484_4732
portal_web,sole_source,1,286813.26,Indian Health Service,LIONA ENTERPRISES INC,DH01,2024-06-25,2027-06-23 00:00:00,NOT COMPETED UNDER SAP,,"THE CONTRACTOR SHALL FURNISH ALL LABOR, MATERIALS, AND EQUIPMENT NECESSARY TO PROVIDE CLINIC STAFF WITH SUPPORT AND GUIDANCE IN ORDER TO UTILIZE THE RPMS/EHR, AND TO MEET OTHER OUTSIDE REQUIREMENTS OF CMS & IHS, AND MANAGED CARE ENTITIES, IN ACCO",https://www.usaspending.gov/award/CONT_AWD_75H70324P00032_7527_-NONE-_-NONE-
other,sole_source,1,285918.76,Department of Veterans Affairs,ACUSTAF DEVELOPMENT CORP,DA10,2024-03-08,2026-08-01 00:00:00,FULL AND OPEN COMPETITION,,ACUSTAF LABOR MANAGEMENT SOFTWARE AT THE MILWAUKEE VAMC.,https://www.usaspending.gov/award/CONT_AWD_36C25224N0294_3600_GS35F0408X_4732
portal_web,sole_source,1,285854.23,Office of the Assistant Secretary for Administration,DIGITAL MANAGEMENT LLC,D399,2020-01-17,2025-08-31 00:00:00,FULL AND OPEN COMPETITION AFTER EXCLUSION OF SOURCES,,HHS REIMAGINE GRANTS SINGLE FEDERAL FINANCIAL REPORT (FFR) SINGLE PORTAL INTERFACE FOR PAYMENT MANAGEMENT SYSTEM,https://www.usaspending.gov/award/CONT_AWD_75P00120F80030_7570_HHSN316201200129W_7529
other,sole_source,1,285234.15,Department of Veterans Affairs,"DOCUMENT STORAGE SYSTEMS, INC.",DA10,2022-10-21,2023-10-31 00:00:00,FULL AND OPEN COMPETITION,,TRM PLUS CT,https://www.usaspending.gov/award/CONT_AWD_36C24423F0045_3600_GS35F0485N_4730
portal_web,sole_source,1,283320.0,Department of Veterans Affairs,"LRP PUBLICATIONS, INC.",D317,2019-10-01,2024-09-30 00:00:00,FULL AND OPEN COMPETITION,,HUMAN RESOURCES AND ADMINISTRATION (HR&A) ONLINE WEB SUBSCRIPTIONS TO CYBERFEDS,https://www.usaspending.gov/award/CONT_AWD_36C24620F0057_3600_GS35F0404K_4730
other,sole_source,,282392.8,Indian Health Service,GEONORTH INFORMATION SYSTEMS LLC,DA10,2025-09-03,2026-05-31 00:00:00,NOT AVAILABLE FOR COMPETITION,,"CONTRACTOR SHALL SUPPORT THE DFPC AND DES PROGRAMS AND MAINTAIN, ENHANCE, AND OPTIMIZE AND MATURE DATA SYSTEMS AND ENTERPRISE PLATFORMS, WITHIN THE NEWLY DEVELOPED AND IMPLEMENTED FACILITIES PROJECT MANAGEMENT APPLICATION (FPMA), AND EXISTING STABLE",https://www.usaspending.gov/award/CONT_AWD_75H70125F30029_7527_75H70120D00029_7527
other,sole_source,,281917.0,Department of Veterans Affairs,"LRP PUBLICATIONS, INC.",DC10,2021-08-23,2022-08-16 00:00:00,FULL AND OPEN COMPETITION,,CALL ORDER AGAINST BPA,https://www.usaspending.gov/award/CONT_AWD_36C10X21F0084_3600_36C10X19A0023_3600
other,sole_source,,281904.0,Office of the Assistant Secretary for Financial Resources,"PINNACLE 21, LLC",DA01,2025-08-25,2026-09-17 00:00:00,NOT COMPETED,,FY25 CBER STUDY DATA VALIDATION TASK ORDER -  ANALYSIS DATA MODEL (ADAM) CONTENT VALIDATION (CASA-CV),https://www.usaspending.gov/award/CONT_AWD_75F40125F19012_7524_75F40121D00014_7524
other,sole_source,1,281790.0,Office of the Assistant Secretary for Administration,ECONOMIC SYSTEMS INC,D301,2018-02-28,2023-02-28 00:00:00,NOT COMPETED,,CONGRESSIONAL WORKFLOW SYSTEMS SUPPORT AND MAINTENANCE FOR THE ASL/CLO,https://www.usaspending.gov/award/CONT_AWD_HHSP233201850027A_7570_-NONE-_-NONE-
other,sole_source,,278880.0,National Institutes of Health,KNZ SOLUTIONS INC,DA01,2023-06-16,2028-12-30 00:00:00,NOT AVAILABLE FOR COMPETITION,,KVM SOLUTION DESIGN & IMPLEMENTATION AND PAC DR DESIGN,https://www.usaspending.gov/award/CONT_AWD_75N90023F00003_7529_75N90023D00014_7529
scheduling_referral_community_care,sole_source,1,278273.84,Department of Veterans Affairs,ACUSTAF DEVELOPMENT CORP,DA10,2023-05-02,2028-05-02 00:00:00,FULL AND OPEN COMPETITION,,VA REQUIRES AN AUTOMATED SCHEDULING AND STAFFING PROCESSES PROVIDE DECISION SUPPORT FOR STAFF ASSIGNMENTS BASED ON THE OBJECTIVE AND VARIABLE DATA IMPROVE PATIENT CARE BY MATCHING NURSING COMPETENCY TO REQUIRED NEEDS.,https://www.usaspending.gov/award/CONT_AWD_36C10B23F0109_3600_GS35F0408X_4732
other,sole_source,,277965.99,Office of Assistant Secretary for Preparedness and Response,EAGLE HARBOR SOLUTIONS LLC,DE01,2023-12-12,2024-12-11 00:00:00,NOT AVAILABLE FOR COMPETITION,,SERVICE LEVEL AGREEMENT,https://www.usaspending.gov/award/CONT_AWD_75A50224F62012_7505_75A50120D00025_7505
other,sole_source,1,277763.26,Indian Health Service,"NAVAJO COMMUNICATIONS CO., INC.",D399,2019-01-17,2025-07-30 00:00:00,NOT COMPETED UNDER SAP,,DATA AND VOICE CIRCUIT SERVICES,https://www.usaspending.gov/award/CONT_AWD_75H71019P00206_7527_-NONE-_-NONE-
other,sole_source,1,276682.0,Department of Veterans Affairs,"JOHNSON CONTROLS, INC",D301,2019-11-25,2024-11-24 00:00:00,FULL AND OPEN COMPETITION,,SERVICE METASYS BUILDING AUTOMATION SYSTEM,https://www.usaspending.gov/award/CONT_AWD_36C25220F0086_3600_GS07F190CA_4732
other,sole_source,1,276528.0,Department of Veterans Affairs,PHILIPS NORTH AMERICA LLC,DA10,2023-12-28,2029-12-26 00:00:00,NOT COMPETED,,SERVICE FOR PHILIPS XPER,https://www.usaspending.gov/award/CONT_AWD_36C24424P0111_3600_-NONE-_-NONE-
other,sole_source,1,276366.0,Office of the Assistant Secretary for Financial Resources,"STARRY ASSOCIATES, LLC",DF10,2023-12-08,2027-06-07 00:00:00,FULL AND OPEN COMPETITION,,MACCS - MANAGING ACCOUNTING FOR CREDIT CARDS SYSTEM,https://www.usaspending.gov/award/CONT_AWD_75P00124F80009_7570_47QTCA20D00DG_4732
clinical_it_ehr,sole_source,1,276150.0,Department of Veterans Affairs,"SUPRAVISTA MEDICAL DSS, LLC",DA10,2025-01-31,2030-03-30 00:00:00,NOT COMPETED,,BRILLANS SUPRAVISTA SOFTWARE,https://www.usaspending.gov/award/CONT_AWD_36C24725P0330_3600_-NONE-_-NONE-
other,sole_source,1,275290.0,Health Resources and Services Administration,"HCN GLOBAL, LLC",DA01,2026-09-25,2027-03-27 00:00:00,FULL AND OPEN COMPETITION,,IOA222-C-7950 OC 25235 - MEDIA OUTREACH,https://www.usaspending.gov/award/CONT_AWD_75R60226F80065_7526_47QRAA22D00EA_4732
other,sole_source,1,274634.37,Department of Veterans Affairs,"AT&T ENTERPRISES, LLC",DA10,2025-09-25,2026-09-29 00:00:00,FULL AND OPEN COMPETITION,,AT&T SOLE SOURCE CBOC SUPPORT SERVICES FOR VA CENTRAL CALIFORNIA HEALTH CARE SYSTEM (VACCHCS).,https://www.usaspending.gov/award/CONT_AWD_36C26125F0499_3600_HHSN316201500003W_7529
other,sole_source,1,274634.37,Department of Veterans Affairs,"AT&T ENTERPRISES, LLC",DA10,2024-09-19,2025-09-29 00:00:00,FULL AND OPEN COMPETITION,,ATT VISALIA SUPPORT SERVICES,https://www.usaspending.gov/award/CONT_AWD_36C26124F0548_3600_HHSN316201500003W_7529
other,sole_source,1,274036.4,Department of Veterans Affairs,"DOCUMENT STORAGE SYSTEMS, INC.",DA10,2025-12-11,2028-12-10 00:00:00,FULL AND OPEN COMPETITION,,DSS INFUSION THERAPY MANAGER-ONCOLOGY SOFTWARE SERVICES,https://www.usaspending.gov/award/CONT_AWD_36C25726F0023_3600_47QTCA23D005Q_4732
other,sole_source,,273896.26,Food and Drug Administration,"KAPSUUN GROUP, LLC",DF01,2022-09-07,2023-12-29 00:00:00,NOT AVAILABLE FOR COMPETITION,,"PHONETIC AND ORTHOGRAPHIC COMPUTER ANALYSIS (POCA) SYSTEM DEVELOPMENT, MODERNIZATION, AND ENHANCEMENT (DME)",https://www.usaspending.gov/award/CONT_AWD_75F40122F19003_7524_75F40120D00035_7524
infrastructure_ops,sole_source,1,273523.0,Indian Health Service,"NAVAJO COMMUNICATIONS CO., INC.",DA01,2020-12-09,2025-01-31 00:00:00,NOT COMPETED,,SERVICES - NON-PSC FOR TELECOMMUNICATION SERVICES (FRONTIER DS3 SERVICES),https://www.usaspending.gov/award/CONT_AWD_75H71021P00264_7527_-NONE-_-NONE-
other,sole_source,1,273203.21,Department of Veterans Affairs,"DOCUMENT STORAGE SYSTEMS, INC.",DA10,2026-09-22,2029-09-21 00:00:00,FULL AND OPEN COMPETITION,,INFUSION THERAPY MANAGER ON BASE AND TWO OPTION YEARS FOR SOFTWARE SUPPORT,https://www.usaspending.gov/award/CONT_AWD_36C24926F0153_3600_47QTCA23D005Q_4732
other,sole_source,,272337.0,Centers for Disease Control and Prevention,PAT V MACK INC,DA01,2024-09-23,2025-09-29 00:00:00,NOT AVAILABLE FOR COMPETITION,,FUNGAL DISEASE VISUALIZATION DEVELOPMENT,https://www.usaspending.gov/award/CONT_AWD_75D30124F00004_7523_75D30123D18030_7523
other,sole_source,1,270974.27,Food and Drug Administration,VETS SYNERGETIC GROUP LLC,DA01,2024-09-26,2025-09-26 00:00:00,NOT AVAILABLE FOR COMPETITION,,CDER BIORESEARCH MONITORING (BIMO) PROGRAM SUPPORT,https://www.usaspending.gov/award/CONT_AWD_75F40124C00137_7524_-NONE-_-NONE-
other,sole_source,1,270738.0,National Institutes of Health,EFFECTUAL PUBLIC SECTOR INC,DF01,2026-01-30,2027-01-31 00:00:00,FULL AND OPEN COMPETITION,,INFORMATION TECHNOLOGY SECURITY SUPPORT SERVICES (ITSSS) (PERIOD OF PERFORMANCE 02/01/2026-07/31/2026) EFFECTUAL PUBLIC SECTOR INC.:1237938 [26-000726],https://www.usaspending.gov/award/CONT_AWD_75N98026F00023_7529_GS35F135BA_4732
other,sole_source,1,269034.24,Department of Veterans Affairs,MEDTRONIC USA INC,DA01,2023-09-22,2025-09-29 00:00:00,NOT COMPETED,,MEDTRONIC PACEART OPTIMA LICENSES AND DATA CONVERSION,https://www.usaspending.gov/award/CONT_AWD_36C10B23C0037_3600_-NONE-_-NONE-
other,sole_source,1,268800.0,Defense Health Agency,VENTECH SOLUTIONS INC,DA10,2023-11-08,2024-11-14 00:00:00,NOT COMPETED UNDER SAP,,GUEST WIRELESS ENGINEERS SERVICES.,https://www.usaspending.gov/award/CONT_AWD_HT001524P0001_9700_-NONE-_-NONE-
infrastructure_ops,sole_source,1,268737.09,Department of Veterans Affairs,VERIZON CONNECT NWF INC,DG10,2020-12-30,2023-12-31 00:00:00,FULL AND OPEN COMPETITION,,RCS NETWORK FLEET SERVICE,https://www.usaspending.gov/award/CONT_AWD_36C10X21F0017_3600_GS07F5559R_4730
other,sole_source,1,267867.0,Defense Health Agency,"ABBOTT RAPID DIAGNOSTICS INFORMATICS, INC",DE10,2023-12-13,2028-12-14 00:00:00,NOT COMPETED UNDER SAP,,ACCU-CHEK MODULE,https://www.usaspending.gov/award/CONT_AWD_HT001424P0023_9700_-NONE-_-NONE-
other,sole_source,1,267799.0,Department of Veterans Affairs,INVISALERT SOLUTIONS INC,DA10,2023-09-26,2026-09-29 00:00:00,NOT COMPETED UNDER SAP,,OBSERVSMART,https://www.usaspending.gov/award/CONT_AWD_36C24123N1367_3600_36C24123A0135_3600
other,sole_source,,266465.7,Department of Veterans Affairs,"CENSIS TECHNOLOGIES, INC.",DA10,2026-09-21,2027-09-29 00:00:00,NOT COMPETED,,CENSITRAC AND RELATED CENSIS SOFTWARE IDIQ EO 14398,https://www.usaspending.gov/award/CONT_AWD_36C10B26F0234_3600_36C10B26D0007_3600
other,sole_source,1,265000.85,Department of Veterans Affairs,CHOISYS TECHNOLOGY INC.,DA10,2025-12-02,2027-12-04 00:00:00,NOT COMPETED,,PATIENTPOINT ANNUAL SUBSCRIPTION INCLUDES COMPREHENSIVE REMOTE MAINTENANCE SUPPORT WHICH ENCOMPASSES 24X7 TECHNICAL SUPPORT AND TROUBLESHOOTING FOR PATIENTPOINT DEVICES.,https://www.usaspending.gov/award/CONT_AWD_36C10B26P0009_3600_-NONE-_-NONE-
other,sole_source,1,264004.64,Department of Veterans Affairs,"CENSIS TECHNOLOGIES, INC.",DA10,2022-01-31,2024-12-31 00:00:00,NOT COMPETED UNDER SAP,,INSTRUMEN TRAC IMPLEMENTATION SUBSCRIPTION,https://www.usaspending.gov/award/CONT_AWD_36C24522P0238_3600_-NONE-_-NONE-
other,sole_source,1,264000.0,Indian Health Service,"HEALTHEWAY, INC.",DD01,2023-07-21,2028-07-23 00:00:00,NOT COMPETED,,EHEALTH EXCHANGE INTERFACE ANNUAL SUBSCRIPTION SERVICES,https://www.usaspending.gov/award/CONT_AWD_75H70423C00007_7527_-NONE-_-NONE-
other,sole_source,1,263280.0,Department of Veterans Affairs,"LUNIT AMERICAS, INC.",DA10,2022-02-15,2027-04-30 00:00:00,NOT COMPETED,,VOLPARA SERVICE AGREEMENT SOFTWARE,https://www.usaspending.gov/award/CONT_AWD_36C25722P0223_3600_-NONE-_-NONE-
other,sole_source,1,263085.48,Defense Health Agency,BLUE PETER LLC,DD01,2024-08-22,2027-09-30 00:00:00,NOT COMPETED UNDER SAP,,CABLE WIFI TV SERVICE FOR H200,https://www.usaspending.gov/award/CONT_AWD_HT941024P0169_9700_-NONE-_-NONE-
other,sole_source,1,262535.9,Indian Health Service,"GILA RIVER TELECOMMUNICATIONS, INC",DD01,2020-11-30,2026-06-01 00:00:00,NOT COMPETED,,"TELEPHONE, FAX AND ETHERNET, DVYWC",https://www.usaspending.gov/award/CONT_AWD_75H71221P00016_7527_-NONE-_-NONE-
other,sole_source,1,262283.74,Defense Health Agency,INFO-TECH RESEARCH GROUP INC,DA01,2025-08-27,2030-09-29 00:00:00,NOT COMPETED UNDER SAP,,IT RESEARCH AND ADVISORY MEMBERSHIP,https://www.usaspending.gov/award/CONT_AWD_HT001425FE004_9700_N6600123A0053_9700
infrastructure_ops,sole_source,1,262148.36,Indian Health Service,"SACRED WIND COMMUNICATIONS, INC.",DG11,2025-07-03,2026-06-30 00:00:00,NOT COMPETED UNDER SAP,,DZHC- TELECOMMUNICATIONS AND INTERNET SERVICES - BRIDGE CONTRACT 2 TO ALLOW COMPETITION,https://www.usaspending.gov/award/CONT_AWD_75H71025P00844_7527_-NONE-_-NONE-
other,sole_source,,261991.47,National Institutes of Health,SIKICH FEDERAL INC.,D399,2020-07-20,2021-08-06 00:00:00,NOT COMPETED,,NEAD BRT DME AND TRAINING SUPPORT SERVICES,https://www.usaspending.gov/award/CONT_AWD_75N96020F00003_7529_75N96020D00012_7529
credentialing_provider_data,sole_source,1,261500.0,Department of Veterans Affairs,SYMPLR SOFTWARE LLC,DA10,2023-12-28,2026-12-30 00:00:00,NOT COMPETED,,SYMPLR SOFTWARE FOR CREDENTIALING AND PRIVILEGING,https://www.usaspending.gov/award/CONT_AWD_36C10A24P0007_3600_-NONE-_-NONE-
other,sole_source,1,259983.48,Department of Veterans Affairs,"SUPRAVISTA MEDICAL DSS, LLC",DA10,2022-02-09,2027-02-27 00:00:00,NOT COMPETED,,SOFTWARE LICENSES,https://www.usaspending.gov/award/CONT_AWD_36C24722P0313_3600_-NONE-_-NONE-
clinical_it_ehr,sole_source,1,259874.0,Department of Veterans Affairs,"CONEXSYS, LLC",DE01,2021-03-12,2026-09-14 00:00:00,NOT COMPETED,,"HI-IQ SOFTWARE, RADIOLOGY",https://www.usaspending.gov/award/CONT_AWD_36C24721P0461_3600_-NONE-_-NONE-
other,sole_source,1,259459.2,Indian Health Service,WORLD WIDE TECHNOLOGY LLC,DE01,2026-09-11,2027-10-31 00:00:00,NOT COMPETED,,IT SPECIALIST - AAO,https://www.usaspending.gov/award/CONT_AWD_75H70726P00151_7527_-NONE-_-NONE-
other,sole_source,,258975.96,Food and Drug Administration,"PINNACLE 21, LLC",DA01,2023-05-18,2024-09-17 00:00:00,NOT COMPETED,,CBER AUTOMATION OF SDTM-ADAM CONTENT VALIDATION (CASA-CV),https://www.usaspending.gov/award/CONT_AWD_75F40123F19008_7524_75F40121D00014_7524
portal_web,sole_source,,258500.0,Department of Veterans Affairs,"LRP PUBLICATIONS, INC.",DH10,2024-09-27,2029-09-08 00:00:00,FULL AND OPEN COMPETITION,,24/7 WEB-BASED RESEARCH PORTAL - ORDER OF 470 LICENSES,https://www.usaspending.gov/award/CONT_AWD_36C10X24F0112_3600_36C10X24A0021_3600
clinical_it_ehr,sole_source,1,258247.98,Department of Veterans Affairs,BLEN INC.,DA01,2026-06-02,2027-06-01 00:00:00,NOT COMPETED,,"INFORMATION & TECHNOLOGY OFFICE OF THE CHIEF TECHNOLOGY OFFICER, HAS A REQUIREMENT FOR AI CLINICAL SUMMARIZATION ENGINEERING SUPPORT TO SUPPORT THE CONTINUED DEVELOPMENT OF A MCP SERVER & SUPPORTING INFRASTRUCTURE FOR AI ENABLED CLINICAL APPLICATIONS",https://www.usaspending.gov/award/CONT_AWD_36C10B26C0054_3600_-NONE-_-NONE-
other,sole_source,1,258137.11,Department of Veterans Affairs,"INDICA LABS, LLC",DA10,2024-03-21,2025-04-14 00:00:00,NOT COMPETED,,HALO SOFTWARE MAINTENANCE AND SUPPORT,https://www.usaspending.gov/award/CONT_AWD_36C24124P0384_3600_-NONE-_-NONE-
other,sole_source,1,257864.72,Department of Veterans Affairs,INTERNATIONAL BUSINESS MACHINES CORPORATION,DH10,2024-05-29,2025-01-30 00:00:00,FULL AND OPEN COMPETITION,,IBM MULTIPLE VIRTUAL STORAGE (MVS) SOFTWARE LICENSE AND MAINTENANCE UPGRADES.,https://www.usaspending.gov/award/CONT_AWD_36C10B24F0143_3600_GS35F110DA_4732
other,sole_source,1,256804.64,Department of Veterans Affairs,AGILERANK LLC,DA01,2025-07-01,2026-03-30 00:00:00,NOT COMPETED UNDER SAP,,VISN 1 ENVIRONMENTAL MONITORING RTLS MAINTENANCE AND SUSTAINMENT BPA,https://www.usaspending.gov/award/CONT_AWD_36C24125N0993_3600_36C24123A0050_3600
other,sole_source,1,256443.54,Department of Veterans Affairs,CARAHSOFT TECHNOLOGY CORP,DA10,2025-12-02,2026-12-03 00:00:00,FULL AND OPEN COMPETITION,,POWERSCRIBE 360,https://www.usaspending.gov/award/CONT_AWD_36C24426F0053_3600_NNG15SC27B_8000
other,sole_source,1,256278.12,Food and Drug Administration,ASSURED INFORMATION SYSTEMS LIMITED,DF01,2021-09-24,2025-09-30 00:00:00,NOT COMPETED,,CENTER FOR VETERINARY MEDICINE(CVM)PV WORKS MODERNIZATION,https://www.usaspending.gov/award/CONT_AWD_75F40121P00632_7524_-NONE-_-NONE-
document_processing,sole_source,1,255551.25,Office of the Assistant Secretary for Financial Resources,"TYLER FEDERAL, LLC",DA10,2021-09-27,2026-09-27 00:00:00,FULL AND OPEN COMPETITION,,OCRDI180 C 3370  - REASONABLE ACCOMMODATIONS PROCESSING AND TRACKING SYSTEM (RAPTS) SOFTWARE ANNUAL SUPPORT & UPGRADE SUBSCRIPTION,https://www.usaspending.gov/award/CONT_AWD_75R60221F80140_7526_GS35F0240P_4730
clinical_it_ehr,sole_source,,254776.75,Department of Veterans Affairs,"DOCUMENT STORAGE SYSTEMS, INC.",DA01,2025-04-07,2028-08-10 00:00:00,NOT COMPETED,,NATIONAL DIALYSIS EHR SOFTWARE  SOLUTION,https://www.usaspending.gov/award/CONT_AWD_36C10A25N0009_3600_36C10A22D0003_3600
other,sole_source,1,254410.36,Indian Health Service,COLOSSAL CONTRACTING LLC,DG01,2023-08-03,2025-01-31 00:00:00,NOT AVAILABLE FOR COMPETITION,,VOIP MAINTENANCE AND SUPPORT - OCAO,https://www.usaspending.gov/award/CONT_AWD_75H71123P00559_7527_-NONE-_-NONE-
other,sole_source,1,253800.0,Defense Health Agency,APEX LOGIC INC,DA10,2023-04-28,2024-05-01 00:00:00,NOT COMPETED UNDER SAP,,SYMPHONY PROCUREMENT SUITE LICENSE,https://www.usaspending.gov/award/CONT_AWD_HT001523P0010_9700_-NONE-_-NONE-
scheduling_referral_community_care,sole_source,1,253420.0,Department of Veterans Affairs,DIGITALMAX SOFTWARE LLC,DF01,2022-09-26,2024-09-29 00:00:00,NOT COMPETED,,DATABASE CONSULTANT SERVICES,https://www.usaspending.gov/award/CONT_AWD_36C26122P1778_3600_-NONE-_-NONE-
other,sole_source,1,253322.76,Defense Health Agency,CELLCO PARTNERSHIP,DG10,2023-04-06,2025-04-15 00:00:00,FULL AND OPEN COMPETITION,,WIRELESS SERVICES,https://www.usaspending.gov/award/CONT_AWD_HT940623F0049_9700_N0024418D0003_9700
other,sole_source,1,252453.44,Department of Veterans Affairs,"GOVERNMENT MARKETING AND PROCUREMENT, LLC",7010,2020-09-29,2023-09-30 00:00:00,FULL AND OPEN COMPETITION,,DANVILLE ENTERPRISE CLINICAL COMMUNICATION SYSTEM (VOCERA),https://www.usaspending.gov/award/CONT_AWD_36C25220F0496_3600_GS35F0858N_4730
other,sole_source,1,252379.16,Food and Drug Administration,"COSTAR REALTY INFORMATION, INC.",DA10,2020-12-01,2025-05-06 00:00:00,NOT COMPETED,,COSTAR SUBSCRIPTION,https://www.usaspending.gov/award/CONT_AWD_75F40121P00005_7524_-NONE-_-NONE-
claims_payment_integrity,sole_source,1,252018.63,Indian Health Service,"INOVALON PROVIDER, INC",DA01,2024-03-01,2025-11-30 00:00:00,NOT COMPETED UNDER SAP,,CSU FY 2024 CH BUSINESS OFFICE FMA FOR MEDICARE BILLING POP 01 01 2024-12 31 2024,https://www.usaspending.gov/award/CONT_AWD_75H71024P00619_7527_-NONE-_-NONE-
infrastructure_ops,sole_source,1,251236.25,Health Resources and Services Administration,CARAHSOFT TECHNOLOGY CORP,DF10,2025-09-08,2027-09-04 00:00:00,NOT COMPETED,,OPAE111 C 7134 QUALTRICS CLOUD BASED PLATFORM,https://www.usaspending.gov/award/CONT_AWD_75R60225C00007_7526_-NONE-_-NONE-
other,sole_source,1,250297.0,Department of Veterans Affairs,DATA INNOVATIONS LLC,DH10,2025-05-29,2030-05-31 00:00:00,NOT COMPETED UNDER SAP,,SOFTWARE MAINTENANCE AND SUPPORT SERVICES,https://www.usaspending.gov/award/CONT_AWD_36C24725P0775_3600_-NONE-_-NONE-
survey_measurement,sole_source,1,250000.0,Department of Veterans Affairs,"RED PEPPER SOFTWARE, LLC",DA01,2026-02-25,2028-02-24 00:00:00,NOT COMPETED UNDER SAP,,WMOAT VETERAN SURVEY AND EXPOSURE MANAGEMENT DATABASE DEVELOPMENT,https://www.usaspending.gov/award/CONT_AWD_36C24526P0211_3600_-NONE-_-NONE-
other,sole_source,1,249987.25,Office of the Assistant Secretary for Financial Resources,"RESOLVESOFT, INC.",DA10,2022-09-26,2026-09-29 00:00:00,NOT AVAILABLE FOR COMPETITION,,"SONARQUBE-STATIC APPLICATION SECURITY TESTING (SAST) TOOL, DESIGNED TO ANALYZE SOURCE CODE TO FIND SECURITY VULNERABILITIES",https://www.usaspending.gov/award/CONT_AWD_75ACF122P00019_7590_-NONE-_-NONE-
other,sole_source,1,249919.75,Centers for Disease Control and Prevention,MERP SYSTEMS INC,DA01,2023-09-07,2024-09-29 00:00:00,NOT COMPETED UNDER SAP,,TRANSITION TO REDCAPS,https://www.usaspending.gov/award/CONT_AWD_75D30123P17918_7523_-NONE-_-NONE-
other,sole_source,,249892.35,National Institutes of Health,SIKICH FEDERAL INC.,DA01,2022-08-29,2023-09-14 00:00:00,NOT COMPETED,,NEAD TO21-JAVA DEVELOPMENT,https://www.usaspending.gov/award/CONT_AWD_75N96022F00007_7529_75N96020D00012_7529
other,sole_source,1,249737.76,Indian Health Service,"SYNERGY GROUP JV, LLC",DC01,2023-09-19,2025-03-14 00:00:00,FULL AND OPEN COMPETITION,,"FIRM FIXED-PRICE, COMMERCIAL ITEM, NON-PERSONAL SERVICE TYPE, PURCHASE ORDER TO PROVIDE AN OVERHEAD PAGING & PHONE INSTALLATION FOR THE GREAT PLAINS AREA REGIONAL DRUG DEPENDENCY UNIT (DDU), WINNEBAGO, NE. PERIOD OF PERFORMANCE: 09/20/2023-9/19/2024.",https://www.usaspending.gov/award/CONT_AWD_75H70623F80113_7527_HHSN316201500036W_7529
other,sole_source,1,249661.86,Centers for Disease Control and Prevention,CARAHSOFT TECHNOLOGY CORP,DA10,2025-09-26,2027-03-31 00:00:00,FULL AND OPEN COMPETITION,,QUALTRICS LICENSE AND SUPPORT,https://www.usaspending.gov/award/CONT_AWD_75D30125F20678_7523_47QSWA18D008F_4732
grants_contracts_admin,sole_source,1,249617.28,Office of the Assistant Secretary for Financial Resources,"VERTOSOFT, LLC",DA10,2026-05-13,2031-11-13 00:00:00,FULL AND OPEN COMPETITION,,BUDGET FORMULATION SYSTEM (BFS) SUPPORT SERVICES IN SUPPORT OF HHS/ACF/OLAB,https://www.usaspending.gov/award/CONT_AWD_7571TE26F80048_7571_GS35F688GA_4732
infrastructure_ops,sole_source,1,249512.02,Department of Veterans Affairs,"ENVENTIS TELECOM, INC.",D304,2020-01-01,2021-12-31 00:00:00,NOT COMPETED,,TELECOMMUNICATIONS SERVICES AT THE FARGO VAMC,https://www.usaspending.gov/award/CONT_AWD_36C26320P0209_3600_-NONE-_-NONE-
other,sole_source,1,249500.0,Department of Veterans Affairs,"THUNDERCAT TECHNOLOGY, LLC",DA01,2026-09-02,2027-09-02 00:00:00,FULL AND OPEN COMPETITION AFTER EXCLUSION OF SOURCES,,IMAGE GUIDED PROCEDURE TOOL PILOT. THE REQUIREMENT CONFORMS TO EO 14398.,https://www.usaspending.gov/award/CONT_AWD_36C10B26F0361_3600_NNG15SD26B_8000
other,sole_source,1,248782.78,Defense Health Agency,"EVERBRIDGE, INC.",DF01,2023-09-11,2026-09-11 00:00:00,FULL AND OPEN COMPETITION,,MASS NOTIFICATION PRO 13,https://www.usaspending.gov/award/CONT_AWD_HT001423F0163_9700_GS35F0692P_4730
other,sole_source,1,248400.0,Department of Veterans Affairs,"IRON BOW TECHNOLOGIES, LLC",DA01,2025-07-29,2026-09-13 00:00:00,FULL AND OPEN COMPETITION,,OPTIMIZATION PLATFORM SERVICES FOR NURSE STAFFING FOR SAAS ISSIO SOLUTIONS FEDRAMP,https://www.usaspending.gov/award/CONT_AWD_36C24125F0147_3600_NNG15SC41B_8000
other,sole_source,1,248216.4,Department of Veterans Affairs,DATA INNOVATIONS LLC,DA10,2025-10-01,2026-09-30 00:00:00,FULL AND OPEN COMPETITION,,IT SYSTEM SOFTWARE AND MAINTENANCE SUPPORT,https://www.usaspending.gov/award/CONT_AWD_36C24126F0001_3600_GS35F389DA_4732
other,sole_source,1,248068.73,Department of Veterans Affairs,"EXECUTIVE INFORMATION SYSTEMS, L.L.C.",DA10,2021-04-28,2024-04-29 00:00:00,FULL AND OPEN COMPETITION,,SAS SOFTWARE RENEWAL FOR CSP WEST HAVEN,https://www.usaspending.gov/award/CONT_AWD_36C10A21F0161_3600_47QTCA18D0081_4732
other,sole_source,1,247850.0,National Institutes of Health,CELLCO PARTNERSHIP,D304,2019-12-30,2020-12-31 00:00:00,FULL AND OPEN COMPETITION,,WIRELESS SERVICES AND MOBILE DEVICES FOR CALENDAR YEAR 2020.,https://www.usaspending.gov/award/CONT_AWD_75N92020F00047_7529_GS35F0119P_4730
other,sole_source,1,247575.67,Defense Health Agency,UTECH PRODUCTS INC,DA10,2023-09-30,2026-09-30 00:00:00,NOT COMPETED UNDER SAP,,ENDOSOFT SUPPORT MAINTENANCE 96 MDG,https://www.usaspending.gov/award/CONT_AWD_HT940823C0025_9700_-NONE-_-NONE-
analytics_reporting,sole_source,1,247045.09,Food and Drug Administration,"INTEGRITYONE PARTNERS, INC.",DH01,2022-02-04,2024-12-31 00:00:00,FULL AND OPEN COMPETITION,,PROCUREMENT OF SERVICES TO ASSIST IN THE EVALUATION AND SELECTION OF A LABORATORY INFORMATION MANAGEMENT SYSTEM (LIMS) SERVING SEQUENCING AND FUNCTIONAL AREAS AND FOR PROGRAMMATIC SUPPORT WITH IMPLEMENTATION AND MAINTENANCE OF AN EXISTING BIOANALYTIC,https://www.usaspending.gov/award/CONT_AWD_75F40122F19002_7524_HHSF223201610014B_7524
infrastructure_ops,sole_source,1,246870.0,Office of the Assistant Secretary for Financial Resources,"NAVAJO COMMUNICATIONS CO., INC.",DG11,2024-06-29,2029-06-27 00:00:00,NOT COMPETED,,FY24 - OEHE FIELD OFFICES TELECOMMUNICATION SERVICES,https://www.usaspending.gov/award/CONT_AWD_75H71024P01107_7527_-NONE-_-NONE-
portal_web,sole_source,1,246024.0,Centers for Medicare and Medicaid Services,"AGILEXTENDED, LLC",DF01,2023-07-25,2024-03-01 00:00:00,NOT COMPETED UNDER SAP,,"THE PURPOSE OF THIS ACQUISITION IS TO REPLICATE THE SUCCESS THAT OIT HAS FOUND WITH THE SKYLINE APPROACH, BY PROCURING A SOLE SOURCE 6-MONTH PILOT PROOF OF CONCEPT, FOR OTHER GROUPS WITHIN CMS TO TEST THE DEVELOPED APPROACH.",https://www.usaspending.gov/award/CONT_AWD_75FCMC23C0039_7530_-NONE-_-NONE-
clinical_it_ehr,sole_source,1,245997.0,Department of Veterans Affairs,TERARECON INC,DA10,2021-03-11,2025-03-10 00:00:00,NOT COMPETED,,TERARECON PACS,https://www.usaspending.gov/award/CONT_AWD_36C24421P0324_3600_-NONE-_-NONE-
other,sole_source,1,245000.0,National Institutes of Health,ASSOCIATION OF AMERICAN MEDICAL COLLEGES,DE01,2024-07-29,2025-07-31 00:00:00,NOT COMPETED UNDER SAP,,"THIS FIRM FIXED PRICE PURCHASE ORDER IS AWARDED FOR FY24 AAMC FACULTY ROSTER DATA TO THE ASSOCIATION OF AMERICAN MEDICAL COLLEGES IN THE AMOUNT OF $245,000.00. QUOTE# 06212024",https://www.usaspending.gov/award/CONT_AWD_75N94024P00483_7529_-NONE-_-NONE-
other,sole_source,1,244723.0,Office of the Assistant Secretary for Administration,"POLITICO, LLC",D317,2020-09-04,2025-05-14 00:00:00,NOT COMPETED UNDER SAP,,POLITICO PRO PLUS,https://www.usaspending.gov/award/CONT_AWD_75P00120P00144_7570_-NONE-_-NONE-
document_processing,sole_source,1,244500.0,Indian Health Service,CDW GOVERNMENT LLC,DA10,2026-09-17,2027-09-30 00:00:00,NOT COMPETED UNDER SAP,,EO 14398: VISTA IMAGING INFRASTRUCTURE UPGRADE,https://www.usaspending.gov/award/CONT_AWD_75H71026P00578_7527_-NONE-_-NONE-
other,sole_source,1,244398.0,Department of Veterans Affairs,INFORMATION CONTROL MANAGEMENT CORPORATION,DA10,2023-06-30,2027-12-31 00:00:00,NOT COMPETED,,DYNAMED ENTERPRISE ASP MAINTENANCE SUPPORT,https://www.usaspending.gov/award/CONT_AWD_36C10B23C0028_3600_-NONE-_-NONE-
other,sole_source,,244261.3,Office of the Assistant Secretary for Financial Resources,VERSATECH/IMPYRIAN TECHNOLOGY NETWORK LLC,DA01,2025-08-01,2028-09-25 00:00:00,NOT AVAILABLE FOR COMPETITION,,"AUDIO VISUAL SUPPORT, DESIGN, INSTALLATION AND EQUIPMENT/SYSTEM SERVICES",https://www.usaspending.gov/award/CONT_AWD_75F40125F19016_7524_75F40122D00024_7524
infrastructure_ops,sole_source,1,244079.0,Centers for Disease Control and Prevention,AATD LLC,DA01,2021-04-21,2025-08-03 00:00:00,NOT COMPETED UNDER SAP,,CLOUDIAN SOFTWARE SUPPORT SERVICES,https://www.usaspending.gov/award/CONT_AWD_75D30121P10539_7523_-NONE-_-NONE-
other,sole_source,1,244000.0,Office of the Assistant Secretary for Financial Resources,"UNIVERSITY OF MARYLAND, COLLEGE PARK",DC01,2022-02-07,2027-02-28 00:00:00,NOT COMPETED,,THE PURPOSE OF THE AWARD IS TO PROCURE MAX DDOS MITIGATION SERVICES IN ACCORDANCE WITH FAR 13.5. THE PERIODS OF PERFORMANCE ARE SEEN BELOW:  BASE PERIOD:  03/01/2022 - 02/28/2023 OPTION PERIOD 1: 03/01/2023 - 02/29/2024 OPTION PERIOD 2: 03/01/202,https://www.usaspending.gov/award/CONT_AWD_75N97022P00038_7529_-NONE-_-NONE-
other,sole_source,1,243968.75,Indian Health Service,"LUMEN TECHNOLOGIES GOVERNMENT SOLUTIONS, INC",DG11,2022-09-15,2027-09-30 00:00:00,NOT COMPETED UNDER SAP,,ASU TELEPHONE SERVICES,https://www.usaspending.gov/award/CONT_AWD_75H70722P00256_7527_-NONE-_-NONE-
infrastructure_ops,sole_source,1,243539.42,Department of Veterans Affairs,"VARIAN MEDICAL SYSTEMS, INC",DA01,2023-01-23,2024-09-30 00:00:00,NOT COMPETED,,ARIA/ECLIPSE UPGRADE TO HOSTING SERVICES,https://www.usaspending.gov/award/CONT_AWD_36C25023P0369_3600_-NONE-_-NONE-
infrastructure_ops,sole_source,1,243300.0,Indian Health Service,"NAVAJO COMMUNICATIONS CO., INC.",DG10,2025-03-16,2027-04-30 00:00:00,NOT COMPETED,,TELECOMMUNICATION & INTERNET SERVICES FOR CPSU & PPC***IT DEPARTMENT,https://www.usaspending.gov/award/CONT_AWD_75H71025P00489_7527_-NONE-_-NONE-
other,sole_source,1,243200.0,Department of Veterans Affairs,"THUNDERCAT TECHNOLOGY, LLC",DA10,2026-07-07,2027-08-31 00:00:00,FULL AND OPEN COMPETITION AFTER EXCLUSION OF SOURCES,,PALARUM PUP,https://www.usaspending.gov/award/CONT_AWD_36C24426F0338_3600_NNG15SD26B_8000
other,sole_source,1,243126.2,Centers for Disease Control and Prevention,BIOMATTERS INCORPORATED,DA10,2021-01-21,2026-02-22 00:00:00,NOT COMPETED UNDER SAP,,GENEIOUS SOFTWARE,https://www.usaspending.gov/award/CONT_AWD_75D30121P10337_7523_-NONE-_-NONE-
portal_web,sole_source,1,242958.22,National Institutes of Health,"D'VINCI INTERACTIVE, LLC",DF01,2023-07-19,2025-04-30 00:00:00,FULL AND OPEN COMPETITION,,"PROCURE HOSTING, MAINTENANCE, AND UPDATING OF THE UNLOCKING LIFES CODE WEBSITE AND HOSTING",https://www.usaspending.gov/award/CONT_AWD_75N92023F00110_7529_GS00F190CA_4732
infrastructure_ops,sole_source,1,242818.72,Indian Health Service,"NAVAJO COMMUNICATIONS CO., INC.",DG11,2023-07-31,2025-01-31 00:00:00,NOT COMPETED,,TELECOMMUNICATION SERVICES - WHITERIVER & CBQ,https://www.usaspending.gov/award/CONT_AWD_75H71223P00164_7527_-NONE-_-NONE-
other,sole_source,,242594.88,National Institutes of Health,SIKICH FEDERAL INC.,DA01,2021-07-12,2022-07-11 00:00:00,NOT COMPETED,,NEAD TASK ORDER 10 - BRT DME,https://www.usaspending.gov/award/CONT_AWD_75N96021F00005_7529_75N96020D00012_7529
other,sole_source,1,242410.26,Office of the Assistant Secretary for Financial Resources,CORNER ALLIANCE INCORPORATED,DE01,2023-08-31,2026-09-29 00:00:00,FULL AND OPEN COMPETITION,,CORNER ALLIANCE INCORPORATED:1202186 [23-001779],https://www.usaspending.gov/award/CONT_AWD_75N98023F00286_7529_GS10F0283W_4730
other,sole_source,1,242400.0,Department of Veterans Affairs,"ALTAMONT SOFTWARE, INC.",DA10,2024-08-14,2028-08-11 00:00:00,NOT COMPETED,,ALTAMONT SOFTWARE VISN,https://www.usaspending.gov/award/CONT_AWD_36C26324P1058_3600_-NONE-_-NONE-
infrastructure_ops,sole_source,1,242233.0,Department of Veterans Affairs,SAN DIEGO ASSOCIATION OF GOVERNMENTS,DG10,2022-10-01,2026-09-30 00:00:00,NOT COMPETED,,ARJIS/ESUN NETWORK SUBSCRIPTION,https://www.usaspending.gov/award/CONT_AWD_36C26223P0009_3600_-NONE-_-NONE-
other,sole_source,,241692.36,National Institutes of Health,"MEDIDATA SOLUTIONS, INC.",DD01,2024-08-09,2029-08-31 00:00:00,NOT COMPETED,,TASK ORDER FOR PROFESSIONAL SERVICES FOR RAVE FOR NCI CBIIT'S INSTANCE (CBIIT.MDSOL.COM),https://www.usaspending.gov/award/CONT_AWD_75N91024F00001_7529_75N91023D00012_7529
document_processing,sole_source,1,241176.77,Department of Veterans Affairs,MEDIALAB SOLUTIONS LLC,DA10,2021-11-12,2026-11-14 00:00:00,NOT COMPETED,,VISN 15 DOCUMENT CONTROL SYSTEM/ ANCILLARY TESTING BASE PLUS 4 YEARS,https://www.usaspending.gov/award/CONT_AWD_36C25522P0029_3600_-NONE-_-NONE-
other,sole_source,1,241133.0,Department of Veterans Affairs,"VLOGIC SYSTEMS, INC",DA10,2025-05-22,2025-09-30 00:00:00,NOT COMPETED UNDER SAP,,VRLOGIC SYSTEM SERVICES PLAN,https://www.usaspending.gov/award/CONT_AWD_36C24925N0518_3600_36C24925A0054_3600
other,sole_source,1,240530.52,National Institutes of Health,FLYWHEEL DATA LLC,DE01,2024-04-09,2025-04-01 00:00:00,NOT COMPETED,,FLYWHEEL DATA LLC:1323166 [24-002581],https://www.usaspending.gov/award/CONT_AWD_75N98024P01378_7529_-NONE-_-NONE-
infrastructure_ops,sole_source,1,240458.97,Indian Health Service,"NAVAJO COMMUNICATIONS CO., INC.",DG10,2025-02-28,2026-05-31 00:00:00,NOT COMPETED,,FY25 - KSU TELECOMMUNICATION SERVICES,https://www.usaspending.gov/award/CONT_AWD_75H71025P00443_7527_-NONE-_-NONE-
other,sole_source,1,240000.0,Indian Health Service,NEMONT TELEPHONE CO-OPERATIVE INC,DG11,2025-08-11,2030-09-30 00:00:00,NOT COMPETED,,"FPSU NEMONT  $600,000.00",https://www.usaspending.gov/award/CONT_AWD_75H70925P00137_7527_-NONE-_-NONE-
other,sole_source,1,239850.0,Department of Veterans Affairs,911INET LLC,DG11,2024-04-24,2029-04-30 00:00:00,NOT COMPETED,,POLICE RADIOS,https://www.usaspending.gov/award/CONT_AWD_36C24824P1248_3600_-NONE-_-NONE-
other,sole_source,,239783.2,National Institutes of Health,"VERTICAL APPLICATIONS, LLC",DB02,2023-09-18,2024-01-29 00:00:00,NOT AVAILABLE FOR COMPETITION,,OLAO/OA ROBOTICS PROCESS AUTOMATION (RPA),https://www.usaspending.gov/award/CONT_AWD_75N98023F00002_7529_75N98022D00011_7529
clinical_it_ehr,sole_source,,239345.31,Department of Veterans Affairs,"DOCUMENT STORAGE SYSTEMS, INC.",DA01,2024-06-17,2027-08-31 00:00:00,NOT COMPETED,,NATIONAL DIALYSIS EHR SOFTWARE SOLUTION,https://www.usaspending.gov/award/CONT_AWD_36C10A24N0037_3600_36C10A22D0003_3600
other,sole_source,1,238970.0,Defense Health Agency,HERMES MEDICAL SOLUTIONS INC,DA10,2024-04-15,2026-04-17 00:00:00,NOT COMPETED UNDER SAP,,NUCLEAR MEDICINE SOFTWARE MAINTENANCE BASE YEAR,https://www.usaspending.gov/award/CONT_AWD_HT001424P0056_9700_-NONE-_-NONE-
document_processing,sole_source,1,238191.6,Centers for Medicare and Medicaid Services,CENTEVA LLC,DA10,2023-08-29,2025-09-21 00:00:00,FULL AND OPEN COMPETITION,,"THIS SERVICE IS STRICTLY FOR THE OPERATION AND MAINTENANCE OF THE OAGM WEB BASED SERVICES FOR AGX, RECORDS MANAGEMENT SYSTEM (RMS), SHARE POINT AND CMS.GOV CONTENT MANAGEMENT.",https://www.usaspending.gov/award/CONT_AWD_75FCMC23F0113_7530_GS00F132DA_4732
other,sole_source,1,237073.66,National Institutes of Health,"OPENEYE SCIENTIFIC SOFTWARE, INC",DA10,2023-07-03,2026-07-06 00:00:00,NOT COMPETED UNDER SAP,,"TERM SOFTWARE RENEWAL: LEXICHEM TK, OECCHEM TK, & QUACPAC",https://www.usaspending.gov/award/CONT_AWD_75N97023P00087_7529_-NONE-_-NONE-
other,sole_source,,235997.2,Food and Drug Administration,VERSATECH/IMPYRIAN TECHNOLOGY NETWORK LLC,DA01,2026-09-23,2027-09-29 00:00:00,NOT AVAILABLE FOR COMPETITION,,AV CONFERENCE ROOM UPGRADES BUILDINGS WO66 AND WO62 FDA WHITE OAK CAMPUS,https://www.usaspending.gov/award/CONT_AWD_75F40126F19025_7524_75F40122D00024_7524
other,sole_source,1,235963.6,Department of Veterans Affairs,DATA INNOVATIONS LLC,DA10,2024-10-01,2025-09-30 00:00:00,FULL AND OPEN COMPETITION,,DATA INNOVATIONS MAINTENANCE AND SUPPORT,https://www.usaspending.gov/award/CONT_AWD_36C24125N0015_3600_GS35F389DA_4732
infrastructure_ops,sole_source,1,235887.55,Indian Health Service,"NAVAJO COMMUNICATIONS CO., INC.",DG10,2025-07-02,2026-06-30 00:00:00,NOT COMPETED UNDER SAP,,SERVICES - TELECOMMUNICATION SERVICES FOR NNMC,https://www.usaspending.gov/award/CONT_AWD_75H71025P00859_7527_-NONE-_-NONE-
portal_web,sole_source,1,235517.73,Office of the Assistant Secretary for Financial Resources,"BLOOMBERG INDUSTRY GROUP, INC.",DA10,2026-06-30,2027-06-30 00:00:00,NOT COMPETED,,BLOOMBERG ONLINE LEGAL DATABASE,https://www.usaspending.gov/award/CONT_AWD_7571MN26P00044_7571_-NONE-_-NONE-
other,sole_source,1,235168.0,Department of Veterans Affairs,LOGICARE CORP,DC10,2020-12-10,2025-12-15 00:00:00,NOT COMPETED UNDER SAP,,LOGICARE SERVICE,https://www.usaspending.gov/award/CONT_AWD_36C26121C0021_3600_-NONE-_-NONE-
other,sole_source,1,235000.0,Department of Veterans Affairs,"VARIAN MEDICAL SYSTEMS, INC",DA10,2024-04-19,2024-09-30 00:00:00,NOT COMPETED,,FULL SCALE ON-PREMISE ARIA/ECLIPSE FIRMWARE & SOFTWARE UPGRADE SUPPORT SERVICES.,https://www.usaspending.gov/award/CONT_AWD_36C26224C0165_3600_-NONE-_-NONE-
infrastructure_ops,sole_source,1,234722.48,Office of the Assistant Secretary for Financial Resources,"NAVAJO COMMUNICATIONS CO., INC.",DG11,2023-11-14,2028-11-13 00:00:00,NOT COMPETED,,TELECOMMUNICATION SERVICES FOR COLORADO RIVER SERVICE UNIT.,https://www.usaspending.gov/award/CONT_AWD_75H71224C00001_7527_-NONE-_-NONE-
clinical_it_ehr,sole_source,1,234600.0,Department of Veterans Affairs,"SUPRAVISTA MEDICAL DSS, LLC",DA01,2024-10-01,2029-09-30 00:00:00,NOT COMPETED,,SUPRAVISTA LICENSE AND SOFTWARE,https://www.usaspending.gov/award/CONT_AWD_36C24725P0036_3600_-NONE-_-NONE-
other,sole_source,,234520.0,Department of Veterans Affairs,"LRP PUBLICATIONS, INC.",DH10,2026-08-27,2027-09-07 00:00:00,FULL AND OPEN COMPETITION,,TASK ORDER #3,https://www.usaspending.gov/award/CONT_AWD_36C10X26N0167_3600_36C10X24A0021_3600
other,sole_source,1,234118.62,Department of Veterans Affairs,"MINBURN TECHNOLOGY GROUP, LLC",DA10,2026-09-23,2031-09-24 00:00:00,FULL AND OPEN COMPETITION AFTER EXCLUSION OF SOURCES,,ELECTRONIC PRESCRIBING RXTRACKER SOLUTION - VISN 17,https://www.usaspending.gov/award/CONT_AWD_36C10B26F0388_3600_NNG15SD34B_8000
other,sole_source,1,233904.0,Centers for Disease Control and Prevention,"JOHNSON CONTROLS BUILDING AUTOMATION SYSTEMS, LLC",DA10,2024-07-30,2026-07-25 00:00:00,NOT COMPETED,,VEHICLE REGISTRATION MAINTENANCE SOFTWARE RENEWAL,https://www.usaspending.gov/award/CONT_AWD_75D30124P19516_7523_-NONE-_-NONE-
other,sole_source,1,233479.95,Department of Veterans Affairs,WINIFRED S HAYES INC,DA10,2021-03-11,2026-03-14 00:00:00,NOT COMPETED UNDER SAP,,HEALTHCARE TECH. ASSESSMENTS,https://www.usaspending.gov/award/CONT_AWD_36C25921P0367_3600_-NONE-_-NONE-
infrastructure_ops,sole_source,1,233105.22,Department of Veterans Affairs,"DOCUMENT STORAGE SYSTEMS, INC.",DH10,2024-05-21,2027-05-22 00:00:00,FULL AND OPEN COMPETITION,,"INSTALL, TRAIN, MAINTAIN, AND LICENSE ORDER TRACKING MANAGEMENT SYSTEM-DERMATOLOGY",https://www.usaspending.gov/award/CONT_AWD_36C24424F0376_3600_47QTCA23D005Q_4732
registry_surveillance,sole_source,1,232436.23,Department of Veterans Affairs,CYNERGY PROFESSIONAL SYSTEMS LLC,DJ10,2026-08-13,2027-02-13 00:00:00,FULL AND OPEN COMPETITION AFTER EXCLUSION OF SOURCES,,"PERFORM DETAILED RENOVATION OF MISSING OR DEFICIENT PHYSICAL ACCESS CONTROL SYSTEM (PACS), INTRUSION DETECTION SYSTEMS (IDS), AND VIDEO ASSESSMENT AND SURVEILLANCE SYSTEMS (VASS)",https://www.usaspending.gov/award/CONT_AWD_36C24926F0197_3600_NNG15SD20B_8000
other,sole_source,1,232318.5,Defense Health Agency,CELLCO PARTNERSHIP,DG10,2024-01-29,2025-01-31 00:00:00,FULL AND OPEN COMPETITION,,WIRELESS CELL SERVICE- CAMP LEJEUNE,https://www.usaspending.gov/award/CONT_AWD_HT940624F0022_9700_N0024418D0003_9700
other,sole_source,1,231206.3,Indian Health Service,"SBC GLOBAL SERVICES, INC.",D304,2016-09-21,2024-10-12 00:00:00,NOT COMPETED UNDER SAP,,"IGF::OT::IGF TELEPHONE CONNECTIVITY AT THE SHERMAN INDIAN SCHOOL, LOCATED IN RIVERSIDE CALIFORNIA",https://www.usaspending.gov/award/CONT_AWD_HHSI247201600093P_7527_-NONE-_-NONE-
other,sole_source,1,231000.0,Department of Veterans Affairs,"ATTAINIA, INC.",DA10,2021-07-30,2024-11-30 00:00:00,NOT COMPETED,,SOFTWARE LICENSE,https://www.usaspending.gov/award/CONT_AWD_36C24921P0707_3600_-NONE-_-NONE-
clinical_it_ehr,sole_source,1,229495.59,Department of Veterans Affairs,STARLIMS CORPORATION,DA10,2025-08-21,2029-08-21 00:00:00,FULL AND OPEN COMPETITION,,STARLIMS SOFTWARE MAINTENANCE AND SUPPORT,https://www.usaspending.gov/award/CONT_AWD_36C10B25F0133_3600_47QTCA22D002P_4732
other,sole_source,1,229140.8,Department of Veterans Affairs,"PROAIM AMERICAS, LLC.",DA01,2026-07-16,2031-07-19 00:00:00,NOT COMPETED,,"ZEISS FORUM SERVICE AGREEMENT AND ZEISS FORUM INTERFACE CONFIGURATION, TESTING, AND CUTOVER SUPPORT",https://www.usaspending.gov/award/CONT_AWD_36C26326P0544_3600_-NONE-_-NONE-
infrastructure_ops,sole_source,1,228833.43,Office of the Assistant Secretary for Administration,DELL FEDERAL SYSTEMS L.P,DA10,2025-09-29,2026-06-29 00:00:00,NOT COMPETED UNDER SAP,,"SUBSCRIPTION LICENSES FOR VARIOUS MICROSOFT SOFTWARE PRODUCTS INCLUDING PROJECT PLAN 3, VISIO PLAN 2, POWER APPS AND MICROSOFT AZURE CLOUD FOR THE OPRE PORTFOLIO MANAGEMENT SYSTEM (OPS)",https://www.usaspending.gov/award/CONT_AWD_75P00125P00082_7570_-NONE-_-NONE-
other,sole_source,1,228039.32,Department of Veterans Affairs,"MINBURN TECHNOLOGY GROUP, LLC",DA10,2022-09-21,2022-12-05 00:00:00,NOT AVAILABLE FOR COMPETITION,,"THERA-DOC COMPUTER LICENSING SOFTWARE, BASE PLUS 4 OPTION YEAR CONTRACTS.",https://www.usaspending.gov/award/CONT_AWD_36C26222P2105_3600_-NONE-_-NONE-
other,sole_source,1,228007.12,Defense Health Agency,"BESTICA, INC.",DA01,2023-06-29,2024-02-29 00:00:00,FULL AND OPEN COMPETITION,,SPECTACLE REQUEST AND TRANSMISSION SYSTEM WEB SUPPORT SERVICES,https://www.usaspending.gov/award/CONT_AWD_HT001123F0059_9700_GS35F227AA_4732
other,sole_source,1,227541.6,Department of Veterans Affairs,CSP MGT LLC,DG10,2025-10-03,2028-10-31 00:00:00,NOT COMPETED UNDER SAP,,INTERNET SERVICES,https://www.usaspending.gov/award/CONT_AWD_36C25626P0048_3600_-NONE-_-NONE-
other,sole_source,1,227479.99,Department of Veterans Affairs,"RIVERAIN TECHNOLOGIES, INC",DA10,2023-06-13,2028-06-14 00:00:00,NOT COMPETED,,CLEAREAD SYSTEM MAINTENANCE,https://www.usaspending.gov/award/CONT_AWD_36C24623P1142_3600_-NONE-_-NONE-
infrastructure_ops,sole_source,1,227161.42,Department of Veterans Affairs,"EXECUTIVE INFORMATION SYSTEMS, L.L.C.",DA10,2025-09-19,2026-09-29 00:00:00,NOT COMPETED UNDER SAP,,"SAS  SERVER, LICENSES, SAS/ACCESS INTERFACE TO ORACLE",https://www.usaspending.gov/award/CONT_AWD_36C10M25N50115_3600_36C10M25A50062_3600
other,sole_source,1,226778.09,Office of the Assistant Secretary for Administration,CDW GOVERNMENT LLC,D399,2020-04-27,2021-08-03 00:00:00,FULL AND OPEN COMPETITION,,MICROSOFT AZURE SUBSCRIPTIONS,https://www.usaspending.gov/award/CONT_AWD_75P00120F80103_7570_47QTCA18D004K_4732
clinical_it_ehr,sole_source,,226523.89,Department of Veterans Affairs,"DOCUMENT STORAGE SYSTEMS, INC.",DA01,2025-06-16,2028-08-24 00:00:00,NOT COMPETED,,NATIONAL DIALYSIS EHR SOFTWARE  SOLUTION,https://www.usaspending.gov/award/CONT_AWD_36C10A25N0014_3600_36C10A22D0003_3600
document_processing,sole_source,1,226483.98,Office of the Assistant Secretary for Financial Resources,"RADIANT INFOTECH, LLC",DA10,2021-12-14,2026-12-13 00:00:00,NOT COMPETED UNDER SAP,,CLOUD BASED ANTIVIRUS SCANNER FOR SALESFORCE SOLICITATION,https://www.usaspending.gov/award/CONT_AWD_75ACF122C00005_7590_-NONE-_-NONE-
clinical_it_ehr,sole_source,,226312.69,Department of Veterans Affairs,"DOCUMENT STORAGE SYSTEMS, INC.",DA01,2025-03-25,2028-02-09 00:00:00,NOT COMPETED,,NATIONAL DIALYSIS EHR SOFTWARE  SOLUTION,https://www.usaspending.gov/award/CONT_AWD_36C10A25N0001_3600_36C10A22D0003_3600
clinical_it_ehr,sole_source,,226101.49,Department of Veterans Affairs,"DOCUMENT STORAGE SYSTEMS, INC.",DA01,2025-04-11,2028-03-30 00:00:00,NOT COMPETED,,NATIONAL DIALYSIS EHR SOFTWARE  SOLUTION,https://www.usaspending.gov/award/CONT_AWD_36C10A25N0012_3600_36C10A22D0003_3600
infrastructure_ops,sole_source,1,225680.0,Agency for Healthcare Research and Quality,"UNIVERSITY OF MARYLAND, COLLEGE PARK",DC10,2020-12-29,2024-12-31 00:00:00,NOT COMPETED UNDER SAP,,THE PURPOSE OF THIS REQUIREMENT IS TO PROVIDE AHRQ WITH ANNUAL MEMBERSHIP ACCESS TO THE UNIVERSITY OF MARYLAND RESEARCH DATA CENTER (UMDRDC).,https://www.usaspending.gov/award/CONT_AWD_75Q80121P00001_7528_-NONE-_-NONE-
other,sole_source,1,225398.7,Office of the Assistant Secretary for Financial Resources,"LUMEN TECHNOLOGIES GOVERNMENT SOLUTIONS, INC",DG11,2022-08-22,2027-09-30 00:00:00,NOT COMPETED UNDER SAP,,ZSU TELEPHONE SERVICES,https://www.usaspending.gov/award/CONT_AWD_75H70722P00223_7527_-NONE-_-NONE-
document_processing,sole_source,1,224252.64,Centers for Medicare and Medicaid Services,UNION5 LLC,DA01,2025-09-19,2030-09-21 00:00:00,NOT AVAILABLE FOR COMPETITION,,"ANNUAL OPERATIONS AND MAINTENANCE (O&M) FOR RECORDS MANAGEMENT SYSTEM (RMS), A WEB-BASED ENTERPRISE APPLICATION USED TO TRACK PERMANENT OA RECORDS AND MAINTAIN AND EFFECTIVE AND COMPLIANT RECORDS TRACKING ENVIRONMENT FOR CMS LEADERSHIP. THE RMS IS BU",https://www.usaspending.gov/award/CONT_AWD_75FCMC25CJ019_7530_-NONE-_-NONE-
infrastructure_ops,sole_source,1,222937.2,Office of the Assistant Secretary for Financial Resources,"SEV1TECH, LLC",DD01,2026-02-27,2027-09-30 00:00:00,FULL AND OPEN COMPETITION,,BWA HOSTING SUPPORT FOLLOW-ON,https://www.usaspending.gov/award/CONT_AWD_7571TE26F80013_7571_GS35F424AA_4732
other,sole_source,1,222892.92,Department of Veterans Affairs,TECHANAX LLC,DA10,2026-06-22,2027-04-30 00:00:00,FULL AND OPEN COMPETITION AFTER EXCLUSION OF SOURCES,,PRINTER MAINTENANCE,https://www.usaspending.gov/award/CONT_AWD_36C24826F0177_3600_NNG15SD24B_8000
other,sole_source,1,222545.0,Office of the Assistant Secretary for Financial Resources,SSR HEALTH LLC,DC01,2024-04-25,2029-09-10 00:00:00,NOT COMPETED,,SSR HEALTH US PRESCRIPTION BRAND PRICING DATA ANNUAL SUBSCRIPTION FOR TWO (2) USERS,https://www.usaspending.gov/award/CONT_AWD_75P00124P00049_7570_-NONE-_-NONE-
other,sole_source,1,222192.35,Centers for Disease Control and Prevention,"SYNERGY AMERICA, INC.",DA01,2022-07-27,2024-07-31 00:00:00,NOT COMPETED UNDER SAP,,SYNERGY AMERICA,https://www.usaspending.gov/award/CONT_AWD_75D30122P13972_7523_-NONE-_-NONE-
other,sole_source,1,221589.74,Department of Veterans Affairs,NI GOVERNMENT SERVICES INC,D304,2019-10-26,2024-10-31 00:00:00,NOT COMPETED,,SATELLITE AND MSAT EMERGENCY AIRTIME SERVICE,https://www.usaspending.gov/award/CONT_AWD_36C24820P0101_3600_-NONE-_-NONE-
other,sole_source,1,221544.0,Department of Veterans Affairs,"CRESTPOINT SOLUTIONS, INC.",DA10,2022-05-27,2026-05-31 00:00:00,NOT COMPETED UNDER SAP,,ENVIRONMENTAL MANAGEMENT SOFTWARE-AS-A-SERVICE,https://www.usaspending.gov/award/CONT_AWD_36C25022C0126_3600_-NONE-_-NONE-
infrastructure_ops,sole_source,1,221456.4,Department of Veterans Affairs,"CENSIS TECHNOLOGIES, INC.",DA10,2023-11-01,2028-10-31 00:00:00,FULL AND OPEN COMPETITION,,"GOV CLOUD SERVER, SUBSCRIPTION - CLINICAL ASSESSMENT BASED ON-SITE VISIT + WEEK OF TRAINING, AND SCOPETRAC ADVANCED SUBSCRIPTION",https://www.usaspending.gov/award/CONT_AWD_36C24224F0021_3600_GS35F0462X_4732
other,sole_source,,221325.36,National Institutes of Health,SIKICH FEDERAL INC.,D399,2020-07-15,2021-10-23 00:00:00,NOT COMPETED,,NEAD BRT DME SUPPORT SERVICES,https://www.usaspending.gov/award/CONT_AWD_75N96020F00002_7529_75N96020D00012_7529
other,sole_source,1,220951.41,Indian Health Service,CELLCO PARTNERSHIP,D316,2014-11-26,2019-12-31 00:00:00,FULL AND OPEN COMPETITION,,IGF::OT::IGF WIRELESS TELEPHONE SERVICE,https://www.usaspending.gov/award/CONT_AWD_HHSI239201500009G_7527_GS35F0119P_4730
other,sole_source,1,220696.26,Department of Veterans Affairs,NORSEMAN CONSULTING LLC,DG11,2021-10-01,2026-09-30 00:00:00,NOT COMPETED UNDER SAP,,WIRELESS INTERNET FOR MULTIPLE BUILDINGS AT THE NEW ORLEANS VAMC.,https://www.usaspending.gov/award/CONT_AWD_36C25622P0010_3600_-NONE-_-NONE-
other,sole_source,1,220080.0,Department of Veterans Affairs,"CAREFUSION SOLUTIONS, LLC",DA10,2022-05-24,2026-05-23 00:00:00,NOT COMPETED UNDER SAP,,CAREFUSION SOFTWARE MAINTENANCE AGREEMENT,https://www.usaspending.gov/award/CONT_AWD_36C24622P1002_3600_-NONE-_-NONE-
clinical_it_ehr,sole_source,1,219702.88,Department of Veterans Affairs,"MINBURN TECHNOLOGY GROUP, LLC",DA10,2022-12-29,2023-12-28 00:00:00,FULL AND OPEN COMPETITION AFTER EXCLUSION OF SOURCES,,VISTA PERIOPERATIVE ANNUAL SOFTWARE LICENSE,https://www.usaspending.gov/award/CONT_AWD_36C26223F0154_3600_NNG15SD34B_8000
other,sole_source,,219233.26,Office of the Assistant Secretary for Financial Resources,"DUN & BRADSTREET, INC",DH10,2024-03-19,2027-03-11 00:00:00,NOT COMPETED,,DUN AND BRADSTREET SUBSCRIPTION,https://www.usaspending.gov/award/CONT_AWD_75F40124F19022_7524_75F40120D00005_7524
other,sole_source,1,218743.4,Department of Veterans Affairs,DATA INNOVATIONS LLC,DA10,2025-11-20,2028-10-31 00:00:00,NOT COMPETED,,AUTO-VERIFICATION SOFTWARE,https://www.usaspending.gov/award/CONT_AWD_36C25626P0118_3600_-NONE-_-NONE-
other,sole_source,1,218333.0,Department of Veterans Affairs,"VARIAN MEDICAL SYSTEMS, INC",DB10,2024-03-07,2024-12-31 00:00:00,NOT COMPETED,,VARIAN ARIA/ECLIPSE FULL SCALE ON-PREMISES MANAGED SOFTWARE SUPPORT,https://www.usaspending.gov/award/CONT_AWD_36C24624P0795_3600_-NONE-_-NONE-
other,sole_source,1,217949.46,Department of Veterans Affairs,"ABBOTT RAPID DIAGNOSTICS INFORMATICS, INC",DA10,2024-07-10,2029-07-09 00:00:00,NOT COMPETED,,NTX INFORMATICS - RALS - BASE + 4,https://www.usaspending.gov/award/CONT_AWD_36C25724P0423_3600_-NONE-_-NONE-
other,sole_source,1,217542.72,Food and Drug Administration,ASSYST INC.,DA01,2025-09-11,2025-10-31 00:00:00,NOT COMPETED,,"EXERCISE FOR A TASK ORDER FOR THE ESG O&M TRANSITION, DATA EXTRACTION & SYSTEM DECOMMISSION.",https://www.usaspending.gov/award/CONT_AWD_75F40125P00180_7524_-NONE-_-NONE-
other,sole_source,1,216494.88,National Institutes of Health,"NETCOMM, INC.",DA01,2024-08-09,2025-08-31 00:00:00,NOT COMPETED,,NETCOMM INC:1108018 [24-002390],https://www.usaspending.gov/award/CONT_AWD_75N98024P02647_7529_-NONE-_-NONE-
other,sole_source,1,216305.0,Department of Veterans Affairs,SUN NUCLEAR CORP.,DA10,2025-06-26,2026-06-26 00:00:00,NOT COMPETED,,SUNCHECK SOFTWARE UPGRADE,https://www.usaspending.gov/award/CONT_AWD_36C24425P0628_3600_-NONE-_-NONE-
other,sole_source,1,215975.1,Department of Veterans Affairs,"CENSIS TECHNOLOGIES, INC.",DA10,2023-03-16,2024-03-15 00:00:00,NOT COMPETED UNDER SAP,,CENSIS INSTRUMENTRAC SOFTWARE AND SERVICE,https://www.usaspending.gov/award/CONT_AWD_36C25923P0542_3600_-NONE-_-NONE-
infrastructure_ops,sole_source,1,215630.35,Office of the Assistant Secretary for Administration,SOLE SOLUTIONS INC.,7010,2011-08-05,2023-12-15 00:00:00,NOT COMPETED UNDER SAP,,OHRP SWIFT SERVER TRANSITION PROJECT,https://www.usaspending.gov/award/CONT_AWD_HHSP23337014_7555_HHSP233200930011B_7555
other,sole_source,1,214781.0,Department of Veterans Affairs,"CHAMPION MEDICAL TECHNOLOGIES, INC",DA10,2025-02-01,2026-01-31 00:00:00,NOT COMPETED,,UDI RFID TRACKER PREMIUM SOFTWARE,https://www.usaspending.gov/award/CONT_AWD_36C26225P0615_3600_-NONE-_-NONE-
call_center_contact,sole_source,1,214654.65,Office of the Assistant Secretary for Financial Resources,"CHAGS HEALTH INFORMATION TECHNOLOGY, LLC",DA01,2024-09-17,2029-09-18 00:00:00,FULL AND OPEN COMPETITION AFTER EXCLUSION OF SOURCES,,CHATBOT SOLUTION FOR DIVISION OF FOOD DEFENSE TARGETING (DFDT),https://www.usaspending.gov/award/CONT_AWD_75F40124F80338_7524_47QTCB21D0273_4732
other,sole_source,1,214605.12,Department of Veterans Affairs,"EXECUTIVE INFORMATION SYSTEMS, L.L.C.",DA10,2023-07-14,2026-06-30 00:00:00,FULL AND OPEN COMPETITION,,GENISIS SAS SOFTWARE LICENSE,https://www.usaspending.gov/award/CONT_AWD_36C10B23F0158_3600_47QTCA18D0081_4732
portal_web,sole_source,1,214083.0,Food and Drug Administration,"CQ-ROLL CALL, INC",DA10,2021-01-06,2026-01-23 00:00:00,NOT COMPETED,,CQ ONLINE SUBSCRIPTION,https://www.usaspending.gov/award/CONT_AWD_75F40121P00046_7524_-NONE-_-NONE-
infrastructure_ops,sole_source,1,214030.0,Indian Health Service,"NAVAJO COMMUNICATIONS CO., INC.",DG11,2025-05-07,2027-06-30 00:00:00,NOT COMPETED UNDER SAP,,BASE PLUS 3 OPTION PERIOD MULTIPLE AWARD RECURRING SERVICE CHINLE TELECOMMUNICATION,https://www.usaspending.gov/award/CONT_AWD_75H71025P00625_7527_-NONE-_-NONE-
other,sole_source,1,214001.0,Department of Veterans Affairs,"FOUR POINTS TECHNOLOGY, L.L.C.",DH01,2023-08-25,2025-12-31 00:00:00,NOT COMPETED,,AUTO VERIFICATION UPGRADE,https://www.usaspending.gov/award/CONT_AWD_36C25623P1376_3600_-NONE-_-NONE-
other,sole_source,1,213670.0,Centers for Disease Control and Prevention,DEFINITIVE HEALTHCARE LLC,DG10,2023-07-12,2026-07-30 00:00:00,NOT COMPETED UNDER SAP,,NEW DEFINITIVE HEALTHCARE DATABASE LICENSE,https://www.usaspending.gov/award/CONT_AWD_75D30123P16975_7523_-NONE-_-NONE-
other,sole_source,1,213118.67,National Institutes of Health,UNISON SOFTWARE INC,D302,2018-09-27,2019-06-30 00:00:00,FULL AND OPEN COMPETITION,,NHLBI/ITAC PRISM ONSITE SUPPORT SERVICES,https://www.usaspending.gov/award/CONT_AWD_75N92018F00260_7529_GS35F0585J_4730
other,sole_source,1,212954.0,Defense Health Agency,"T-MOBILE USA, INC.",D304,2018-06-30,2024-04-30 00:00:00,FULL AND OPEN COMPETITION,,WIRELESS CELLULAR SERVICES - GTMO,https://www.usaspending.gov/award/CONT_AWD_N6890818F0022_9700_GS35F0503M_4730
infrastructure_ops,sole_source,1,212930.32,Indian Health Service,"NAVAJO COMMUNICATIONS CO., INC.",DG10,2024-02-29,2025-02-28 00:00:00,NOT COMPETED,,KSU REQUESTING FOR TELECOMMUNICATION SERIVICES,https://www.usaspending.gov/award/CONT_AWD_75H71024P00613_7527_-NONE-_-NONE-
portal_web,sole_source,1,212450.0,Department of Veterans Affairs,"LRP PUBLICATIONS, INC.",DA10,2021-01-21,2026-01-24 00:00:00,NOT COMPETED UNDER SAP,,SUBSCRIPTION TO THE CYBERFEDS ONLINE WORKERS' COMPENSATION LIBRARY FOR 250 VHA PERSONNEL,https://www.usaspending.gov/award/CONT_AWD_36C24521P0200_3600_-NONE-_-NONE-
portal_web,sole_source,1,212186.64,Centers for Disease Control and Prevention,WEST PUBLISHING CORPORATION,DH10,2024-09-26,2026-08-31 00:00:00,NOT COMPETED UNDER SAP,,ONLINE LEGAL RESEARCH AND DATABASE SOFTWARE,https://www.usaspending.gov/award/CONT_AWD_75D30124C20006_7523_-NONE-_-NONE-
other,sole_source,1,211400.59,Department of Veterans Affairs,"GOVERNMENT MARKETING AND PROCUREMENT, LLC",DE10,2024-09-12,2027-09-29 00:00:00,NOT COMPETED,,QGENDA SERVICES,https://www.usaspending.gov/award/CONT_AWD_36C25724P0604_3600_-NONE-_-NONE-
other,sole_source,1,211293.22,Office of the Assistant Secretary for Financial Resources,COMMUNICATIONS TRAINING ANALYSIS CORPORATION,DA01,2025-04-18,2027-04-17 00:00:00,FULL AND OPEN COMPETITION,,HHS EMPOWER MAP AND PLATFORM WITH VIRTUAL ASSISTANTS SUPPORT SERVICES,https://www.usaspending.gov/award/CONT_AWD_75A50225F80004_7505_GS35F256CA_4732
other,sole_source,1,210738.24,Department of Veterans Affairs,TECHANAX LLC,DA10,2025-05-01,2026-04-30 00:00:00,FULL AND OPEN COMPETITION AFTER EXCLUSION OF SOURCES,,CANON PRINTER MAINTENANCE,https://www.usaspending.gov/award/CONT_AWD_36C24825F0175_3600_NNG15SD24B_8000
other,sole_source,1,210103.42,Department of Veterans Affairs,TRINTECH INC,DA10,2026-09-11,2029-09-29 00:00:00,NOT COMPETED,,FISERVE FRONTIER SOFTWARE,https://www.usaspending.gov/award/CONT_AWD_36C10B26P0022_3600_-NONE-_-NONE-
other,sole_source,1,210024.13,Department of Veterans Affairs,BRAINLAB INC,DH10,2024-07-03,2029-07-02 00:00:00,NOT COMPETED UNDER SAP,,BRAINLAB SUBSCRIPTION SERVICES - PHILADELPHIA VAMC,https://www.usaspending.gov/award/CONT_AWD_36C24424P0696_3600_-NONE-_-NONE-
other,sole_source,1,210019.44,Office of the Assistant Secretary for Financial Resources,"LEVEL 3 COMMUNICATIONS, LLC",DG11,2023-08-11,2027-11-30 00:00:00,NOT COMPETED UNDER SAP,,"OCIO/OIS LINEAR 1 GIG DEDICATED ETHERNET POINT TO POINT SERVICE AT TWO LOCATIONS IN ATLANTA, GA.",https://www.usaspending.gov/award/CONT_AWD_75P00423P00001_7570_-NONE-_-NONE-
other,sole_source,1,210000.0,Department of Veterans Affairs,"FOUR POINTS TECHNOLOGY, L.L.C.",DJ10,2021-06-17,2026-09-07 00:00:00,FULL AND OPEN COMPETITION AFTER EXCLUSION OF SOURCES,,CORESTREET VALIDATION AUTHORITY SOFTWARE MAINTENANCE,https://www.usaspending.gov/award/CONT_AWD_36C10B21F0169_3600_NNG15SD22B_8000
portal_web,sole_source,,209825.0,Department of Veterans Affairs,"LRP PUBLICATIONS, INC.",DH10,2025-09-08,2026-09-08 00:00:00,FULL AND OPEN COMPETITION,,24/7 WEB-BASED RESEARCH PORTAL - INCORPORATE VAAR CLAUSE 852.222-71,https://www.usaspending.gov/award/CONT_AWD_36C10X25F0041_3600_36C10X24A0021_3600
infrastructure_ops,sole_source,1,209677.04,Department of Veterans Affairs,"FOUR POINTS TECHNOLOGY, L.L.C.",7035,2020-06-16,2025-05-31 00:00:00,FULL AND OPEN COMPETITION AFTER EXCLUSION OF SOURCES,,BASE +4 OPTION YEAR CONTRACT FOR EP EVALUATOR SOFTWARE FOR VISN2,https://www.usaspending.gov/award/CONT_AWD_36C24220F0392_3600_NNG15SD22B_8000
other,sole_source,1,209657.52,Department of Veterans Affairs,DEFENSE INTEGRATION SOLUTIONS LLC,DG10,2024-09-11,2027-09-14 00:00:00,NOT COMPETED,,VETERAN GUEST INTERNET ACCESS,https://www.usaspending.gov/award/CONT_AWD_36C25524P0631_3600_-NONE-_-NONE-
infrastructure_ops,sole_source,1,209362.4,Department of Veterans Affairs,"CENSIS TECHNOLOGIES, INC.",DA10,2025-05-29,2030-05-31 00:00:00,FULL AND OPEN COMPETITION,,CENSIS CLOUD,https://www.usaspending.gov/award/CONT_AWD_36C24225F0132_3600_GS35F0462X_4732
infrastructure_ops,sole_source,1,209075.0,Indian Health Service,"NAVAJO COMMUNICATIONS CO., INC.",DA01,2020-12-08,2025-06-30 00:00:00,NOT COMPETED,,SERVICES - NON-PSC FOR TELECOMMUNICATION SERVICES (FRONTIER CENTREX SERVICES),https://www.usaspending.gov/award/CONT_AWD_75H71021P00259_7527_-NONE-_-NONE-
other,sole_source,,208125.0,Food and Drug Administration,"PINNACLE 21, LLC",DA01,2024-06-04,2025-09-17 00:00:00,NOT COMPETED,,FY24 CBER AUTOMATION OF STUDY DATA TABULATION MODEL (SDTM) - ANALYSIS DATA MODEL (ADAM) CONTENT VALIDATION,https://www.usaspending.gov/award/CONT_AWD_75F40124F19010_7524_75F40121D00014_7524
other,sole_source,1,208003.2,Defense Health Agency,"CENSIS TECHNOLOGIES, INC.",DA10,2023-02-28,2027-02-28 00:00:00,NOT COMPETED UNDER SAP,,INSTRUMENTRAC AND SERVICE PLUS SUBSCRIPTIONS,https://www.usaspending.gov/award/CONT_AWD_HT940823C0007_9700_-NONE-_-NONE-
other,sole_source,1,207756.97,Defense Health Agency,ATT MOBILITY LLC,DG10,2024-08-29,2025-09-01 00:00:00,FULL AND OPEN COMPETITION,,WIRELESS SERVICES,https://www.usaspending.gov/award/CONT_AWD_HT940624F0128_9700_N0024424D0005_9700
other,sole_source,1,207056.0,Indian Health Service,"LUMEN TECHNOLOGIES GOVERNMENT SOLUTIONS, INC",DG11,2025-07-22,2030-07-31 00:00:00,NOT COMPETED,,BAO TELEPHONE SERVICE BASE BASE + 4,https://www.usaspending.gov/award/CONT_AWD_75H70925P00103_7527_-NONE-_-NONE-
infrastructure_ops,sole_source,1,206479.2,Indian Health Service,HOPI TELECOMMUNICATIONS INC,DG11,2026-02-20,2031-02-18 00:00:00,NOT COMPETED,,"HOPI TELECOMMUNICATIONS SHALL PROVIDE MONTHLY TELEPHONE SERVICE AND DIGITAL SUBSCRIBER LINES (DSL) TO SUPPORT CRITICAL HOSPITAL OPERATION AND EMPLOYEE HOUSING NEEDS TO THE HOPI HEALTH CARE CENTER IN POLACCA, AZ.",https://www.usaspending.gov/award/CONT_AWD_75H71226C00005_7527_-NONE-_-NONE-
other,sole_source,1,206455.67,Department of Veterans Affairs,"J.E. FEDERAL ENTERPRISES, LLC.",DH10,2022-10-01,2025-03-31 00:00:00,NOT COMPETED UNDER SAP,,UPS WORLDSHIP,https://www.usaspending.gov/award/CONT_AWD_36C25223C0001_3600_-NONE-_-NONE-
infrastructure_ops,sole_source,1,205991.72,Office of the Assistant Secretary for Financial Resources,"LUMEN TECHNOLOGIES GOVERNMENT SOLUTIONS, INC",DG10,2026-07-10,2027-07-14 00:00:00,FULL AND OPEN COMPETITION,,THE PURPOSE OF THIS ACQUISITION IS TO UPGRADE TELECOMMUNICATIONS SERVICE FOR TWO 10GIG-E LAN (OR ITS TECHNICAL EQUIVALENT) LINKS.,https://www.usaspending.gov/award/CONT_AWD_7571TE26F80096_7571_47QTCA20D0077_4732
other,sole_source,1,205884.4,Food and Drug Administration,"PANAMERICA COMPUTERS, INC.",DA10,2023-04-21,2026-05-31 00:00:00,FULL AND OPEN COMPETITION AFTER EXCLUSION OF SOURCES,,ORA - GRAYKEY MAINTENANCE RENEWAL,https://www.usaspending.gov/award/CONT_AWD_75F40123F80111_7524_NNG15SD02B_8000
other,sole_source,1,205880.0,Office of the Assistant Secretary for Financial Resources,"BOOKER DIMAIO, LLC",DA10,2024-09-23,2028-02-13 00:00:00,FULL AND OPEN COMPETITION AFTER EXCLUSION OF SOURCES,,THE PURPOSE OF THIS TASK ORDER IS TO PROCURE MULTI-FACTOR AUTHENTICATION LICENSES,https://www.usaspending.gov/award/CONT_AWD_75A50224F80019_7505_47QTCB22D0608_4732
other,sole_source,1,205530.36,Department of Veterans Affairs,"V3GATE, LLC",DK10,2023-01-30,2028-01-31 00:00:00,FULL AND OPEN COMPETITION AFTER EXCLUSION OF SOURCES,,VISN 12 SUBMITTAL EXCHANGE FILE SHARING SERVICE,https://www.usaspending.gov/award/CONT_AWD_36C25223F0134_3600_NNG15SD27B_8000
other,sole_source,1,205508.14,Department of Veterans Affairs,CENTEVA LLC,DE01,2025-02-03,2025-04-02 00:00:00,FULL AND OPEN COMPETITION,,OPAL TIER 1 ACQUISITION BUSINESS SYSTEMS SUPPORT SERVICES.,https://www.usaspending.gov/award/CONT_AWD_36C10B25F0059_3600_GS00F132DA_4732
other,sole_source,1,205440.0,Department of Veterans Affairs,"WAVEMARK, INC",DE10,2025-09-20,2030-09-23 00:00:00,NOT COMPETED,,RADIO FREQUENCY IDENTIFICATION EQUIPMENT MAINTENANCE,https://www.usaspending.gov/award/CONT_AWD_36C10B25C0051_3600_-NONE-_-NONE-
other,sole_source,1,204829.67,Department of Veterans Affairs,"VLOGIC SYSTEMS, INC",DF10,2024-06-04,2029-06-03 00:00:00,NOT COMPETED UNDER SAP,,V-LOGIC PROPRIETARY SOFTWARE MAINTENANCE,https://www.usaspending.gov/award/CONT_AWD_36C24624P1315_3600_-NONE-_-NONE-
other,sole_source,1,204271.78,Department of Veterans Affairs,"ANDOR TECHNOLOGY, INC.",DA01,2023-09-27,2028-09-26 00:00:00,NOT COMPETED,,ANDOR IMARIS LICENSES AND MAINTENANCE SUBSCRIPTION,https://www.usaspending.gov/award/CONT_AWD_36C24123P0977_3600_-NONE-_-NONE-
other,sole_source,1,204266.88,Department of Veterans Affairs,"GOVERNMENT MARKETING AND PROCUREMENT, LLC",DA10,2022-10-19,2026-10-19 00:00:00,FULL AND OPEN COMPETITION,,QGENDA SOFTWARE LICENSES,https://www.usaspending.gov/award/CONT_AWD_36C10A23F0022_3600_GS35F0858N_4730
infrastructure_ops,sole_source,1,204129.79,Department of Veterans Affairs,"DIGITAL TOOLS & DESIGNS, INC",DA01,2022-06-21,2027-06-26 00:00:00,NOT COMPETED,,IT NETWORK ADMINISTRATION SERVICES,https://www.usaspending.gov/award/CONT_AWD_36C24122P0755_3600_-NONE-_-NONE-
infrastructure_ops,sole_source,,203759.18,Defense Health Agency,KADIAK LLC,DB10,2022-09-09,2023-09-25 00:00:00,NOT AVAILABLE FOR COMPETITION,,AMAZON CLOUD SERVICES COMMERCIAL REGION,https://www.usaspending.gov/award/CONT_AWD_HT003822F0039_9700_HT003822D0008_9700
other,sole_source,1,203357.32,Indian Health Service,"T-MOBILE USA, INC.",D399,2019-07-05,2024-02-20 00:00:00,FULL AND OPEN COMPETITION,,CELLULAR PHONE SERVICES AND UPGRADE OF IPHONE 7,https://www.usaspending.gov/award/CONT_AWD_75H71019F80616_7527_GS35F0503M_4730
other,sole_source,1,203100.0,Department of Veterans Affairs,HEALTHCARE CONTROL SYSTEMS INC,DA10,2024-10-01,2029-09-30 00:00:00,NOT COMPETED,,IR MRI SYSTEM SUPPORT SERVICE MEDVAMC,https://www.usaspending.gov/award/CONT_AWD_36C25625C0003_3600_-NONE-_-NONE-
other,sole_source,1,202875.0,Department of Veterans Affairs,STANDARD COMMUNICATIONS INC,DA10,2024-09-24,2029-09-24 00:00:00,NOT COMPETED UNDER SAP,,JERON NURSE CALL SYSTEM SERVICE,https://www.usaspending.gov/award/CONT_AWD_36C24424P0760_3600_-NONE-_-NONE-
analytics_reporting,sole_source,1,202628.0,Department of Veterans Affairs,"VISIUN, INC.",DA10,2024-03-26,2029-04-07 00:00:00,NOT COMPETED UNDER SAP,,::PATHOLOGY LAB ANALYTIC SOFTWARE::,https://www.usaspending.gov/award/CONT_AWD_36C24724P0615_3600_-NONE-_-NONE-
other,sole_source,,202352.45,National Institutes of Health,SIKICH FEDERAL INC.,D399,2020-07-07,2021-07-06 00:00:00,NOT COMPETED,,CORE LAB TRACKING APPLICATION (CLTA) DME SUPPORT,https://www.usaspending.gov/award/CONT_AWD_75N96020F00001_7529_75N96020D00012_7529
portal_web,sole_source,1,202161.5,Food and Drug Administration,"THARROS DEFENSE, INC.",DA01,2024-09-25,2027-09-24 00:00:00,NOT AVAILABLE FOR COMPETITION,,CBER BIOLOGICS EFFECTIVENESS AND SAFETY (BEST) SYSTEM WEBSITE DEVELOPMENT AND MAINTENANCE SUPPORT,https://www.usaspending.gov/award/CONT_AWD_75F40124P00471_7524_-NONE-_-NONE-
other,sole_source,1,201518.0,Agency for Healthcare Research and Quality,"WOLTERS KLUWER CLINICAL DRUG INFORMATION, INC.",D317,2018-12-11,2023-12-14 00:00:00,NOT COMPETED UNDER SAP,,MASTER DRUG DATABASE,https://www.usaspending.gov/award/CONT_AWD_75Q80119P00001_7528_-NONE-_-NONE-
other,sole_source,,200993.68,National Institutes of Health,MALBAIE SOLUTIONS INC.,DA01,2026-09-22,2027-03-17 00:00:00,NOT AVAILABLE FOR COMPETITION,,"THIS T&M TASK ORDER IS AWARDED FOR NIBIB ACQUISITION SME SUPPORT TO MALBAIE SOLUTIONS, INC., IN THE AMOUNT OF $200,993.68.   ""PARENT CONTRACT 75N91023D00013 TERMS AND CONDITIONS APPLY""  IT STRATEGIC PLANNER FOR 176 HOURS  IT PROJECT",https://www.usaspending.gov/award/CONT_AWD_75N98026F00001_7529_75N91023D00013_7529
analytics_reporting,sole_source,1,200860.0,Centers for Medicare and Medicaid Services,"DOCKETSCOPE, INC",DA10,2023-04-04,2026-04-03 00:00:00,NOT COMPETED UNDER SAP,,PROCUREMENT SOFTWARE TOOL THAT CAN TRACK AND ANALYZE PUBLIC COMMENT DATA AND PROVIDE REAL-TIME METRICS AND REPORTING. ENABLES CM TO IMPROVE STRATEGIC COMMUNICATION PROCESSES AND STAKEHOLDER ENGAGEMENT. THE LICENSES TO BE USED WITH THE SOFTWARE WILL I,https://www.usaspending.gov/award/CONT_AWD_75FCMC23P0009_7530_-NONE-_-NONE-
other,sole_source,1,200852.77,Department of Veterans Affairs,"DATAWATCH SYSTEMS, INC.",DA10,2021-07-29,2026-07-31 00:00:00,NOT COMPETED,,SOFTWARE,https://www.usaspending.gov/award/CONT_AWD_36C10M21C0004_3600_-NONE-_-NONE-
other,sole_source,1,200723.24,Department of Veterans Affairs,UNISON SOFTWARE INC,DA10,2025-02-27,2030-02-28 00:00:00,NOT COMPETED,,PLAN 4 HEALTHCARE,https://www.usaspending.gov/award/CONT_AWD_36C10B25C0010_3600_-NONE-_-NONE-
other,sole_source,1,200344.53,Indian Health Service,"AT&T ENTERPRISES, LLC",DG11,2021-09-09,2026-05-06 00:00:00,FULL AND OPEN COMPETITION,,TO PROVIDE A SIP OR EQUIVALENT SOLUTION AT SIX (6) IHS CALIFORNIA AREA OFFICE FACILITIES TO PLACE AND RECEIVE LOCAL AND LONG DISTANCE TELEPHONE CALLS ON VOIP TELEPHONE SYSTEMS.,https://www.usaspending.gov/award/CONT_AWD_75H70321F80017_7527_HHSN316201500003W_7529
other,sole_source,1,200288.0,Department of Veterans Affairs,"JOINT COMMISSION RESOURCES, INC.",DA10,2023-07-21,2026-08-31 00:00:00,NOT COMPETED,,SUBSCRIPTION SERVICES TO HOSPITAL MANUALS,https://www.usaspending.gov/award/CONT_AWD_36C25023P1637_3600_-NONE-_-NONE-
other,sole_source,1,200094.38,Department of Veterans Affairs,"HILL-ROM, INC.",DA10,2024-12-30,2026-12-31 00:00:00,NOT COMPETED,,HILL-ROM VOALTE NURSE CALL SYSTEM UPDATE,https://www.usaspending.gov/award/CONT_AWD_36C24425P0184_3600_-NONE-_-NONE-
analytics_reporting,sole_source,1,200000.0,Department of Veterans Affairs,FLYWHEEL EXCHANGE LLC,DG10,2023-09-28,2025-09-27 00:00:00,NOT COMPETED,,DATA MANAGEMENT,https://www.usaspending.gov/award/CONT_AWD_36C24E23P0146_3600_-NONE-_-NONE-
other,sole_source,1,200000.0,Defense Health Agency,SPIN SYSTEMS INC.,DA10,2021-04-01,2025-03-31 00:00:00,FULL AND OPEN COMPETITION,,MEDICAL DATA AGGREGATION & COLLECTION APPLICATION (MDACA) SOFTWARE (SW) MAINTENANCE AND SUPPORT.,https://www.usaspending.gov/award/CONT_AWD_HT001521F0060_9700_GS35F0598N_4730
other,sole_source,1,199840.7,Food and Drug Administration,"MAGNUM MULTIMEDIA, INC.",DA01,2022-09-30,2023-09-29 00:00:00,NOT AVAILABLE FOR COMPETITION,,ACQUISITION INFORMATION TECHNOLOGY SPECIALIST SUPPORT,https://www.usaspending.gov/award/CONT_AWD_75F40122P00577_7524_-NONE-_-NONE-
other,sole_source,,199780.94,Food and Drug Administration,"KAPSUUN GROUP, LLC",DA10,2024-09-13,2025-06-15 00:00:00,NOT AVAILABLE FOR COMPETITION,,PHONETIC AND ORTHOGRAPHIC COMPUTER ANALYSIS (POCA) SYSTEM,https://www.usaspending.gov/award/CONT_AWD_75F40124F19004_7524_75F40120D00035_7524
claims_payment_integrity,sole_source,1,199506.32,Centers for Medicare and Medicaid Services,REVEAL GLOBAL CONSULTING LLC,DA01,2026-04-24,2026-08-14 00:00:00,FULL AND OPEN COMPETITION,,THE PURPOSE OF THIS ACQUISITION IS TO OBTAIN THE SERVICES OF UP TO EIGHT (8) CODING IT FORWARD CIVIC DIGITAL FELLOWS TO SUPPORT THE DIGITAL SERVICE AT THE CENTERS FOR MEDICARE & MEDICAID SERVICES (CMS) IN THE AREA OF SOFTWARE ENGINEERING DURING THE S,https://www.usaspending.gov/award/CONT_AWD_75FCMC26F0083_7530_47QTCA19D004P_4732
other,sole_source,1,199500.0,National Institutes of Health,STATE OF MARYLAND,DG11,2021-12-02,2024-04-30 00:00:00,NOT COMPETED,,IT LICENSES,https://www.usaspending.gov/award/CONT_AWD_75N97022C00002_7529_-NONE-_-NONE-
other,sole_source,1,198904.58,Department of Veterans Affairs,A-TEAM SOLUTIONS LLC,DF01,2023-03-08,2023-12-31 00:00:00,NOT COMPETED,,"REQUESTING 6 MONTH CONTRACT THRU SEPTEBMER 30, 2023 FOR A TOTAL OF $134,394.92, TO INCLUDE A TRANSITION OUT SERVICE.",https://www.usaspending.gov/award/CONT_AWD_36C78623P50133_3600_-NONE-_-NONE-
other,sole_source,,198750.0,Department of Veterans Affairs,"COMPUTRITION, INC.",DA10,2025-11-06,2026-11-30 00:00:00,FULL AND OPEN COMPETITION,,NUTRITION SOFTWARE TASK ORDER,https://www.usaspending.gov/award/CONT_AWD_36C25926N0005_3600_36C25921A0058_3600
infrastructure_ops,sole_source,1,198720.05,Department of Veterans Affairs,STANDARD COMMUNICATIONS INC,DG01,2023-10-30,2024-11-05 00:00:00,NOT COMPETED UNDER SAP,,SPOK PLATFORM MIGRATION,https://www.usaspending.gov/award/CONT_AWD_36C24724P0132_3600_-NONE-_-NONE-
other,sole_source,1,198272.75,Department of Veterans Affairs,"VETERAN INFORMATION TECHNOLOGIES, LLC",DA10,2024-06-14,2025-06-16 00:00:00,NOT COMPETED,,AV MODERNIZATION WASHINGTON DC LOCATION,https://www.usaspending.gov/award/CONT_AWD_36C10M24P50062_3600_-NONE-_-NONE-
other,sole_source,,198235.36,Indian Health Service,GEONORTH INFORMATION SYSTEMS LLC,DA10,2024-08-29,2025-08-28 00:00:00,NOT AVAILABLE FOR COMPETITION,,"THE CONTRACTOR SHALL PROVIDE COMPREHENSIVE SERVICES FOR THE DEVELOPMENT, OPERATIONS, MAINTENANCE, ENHANCEMENTS AND UPGRADES OF OEHE IT SYSTEMS RELATED TO SECURITY ISSUES TO SUPPORT AGENCY GOALS, INITIATIVES AND MISSION",https://www.usaspending.gov/award/CONT_AWD_75H70124F30025_7527_75H70120D00029_7527
other,sole_source,1,197858.98,Department of Veterans Affairs,DATA INNOVATIONS LLC,DA10,2021-06-08,2022-06-27 00:00:00,FULL AND OPEN COMPETITION,,INSTRUMENT MANAGER SOFTWARE,https://www.usaspending.gov/award/CONT_AWD_36C24921F0356_3600_GS35F389DA_4732
other,sole_source,1,197489.4,Department of Veterans Affairs,"CENTRAL VERMONT COMMUNICATIONS, INC.",D399,2018-10-01,2024-01-18 00:00:00,NOT COMPETED,,EXTERNAL PAGERS FOR WHITE RIVER JUNCTION,https://www.usaspending.gov/award/CONT_AWD_36C10B19C0005_3600_-NONE-_-NONE-
infrastructure_ops,sole_source,1,197364.2,Department of Veterans Affairs,"FIDIUM ENTERPRISE SERVICES, LLC",DG11,2022-04-05,2027-03-31 00:00:00,NOT COMPETED,,TELECOMMUNICATIONS SERVICES,https://www.usaspending.gov/award/CONT_AWD_36C10A22C0011_3600_-NONE-_-NONE-
other,sole_source,1,197215.92,Defense Health Agency,ABACUS TECHNOLOGY CORPORATION,DG01,2023-10-06,2025-04-05 00:00:00,NOT COMPETED UNDER SAP,,MEDICAL INFORMATION SYSTEMS SUPPORT TECHNICIAN (MISST) SERVICES,https://www.usaspending.gov/award/CONT_AWD_HT940724P0001_9700_-NONE-_-NONE-
other,sole_source,1,196736.31,Centers for Disease Control and Prevention,PRIORITY 5 HOLDINGS INC,DF10,2022-12-23,2025-03-26 00:00:00,FULL AND OPEN COMPETITION,,INCIDENT MGMT SYSTEM SOFTWARE & SUPPORT,https://www.usaspending.gov/award/CONT_AWD_75D30123F15819_7523_GS35F0152X_4732
infrastructure_ops,sole_source,,196584.18,Food and Drug Administration,RISK SCIENCES INTERNATIONAL INC,DA10,2026-09-17,2027-09-28 00:00:00,NOT COMPETED,,FDA-IRISK SYSTEM - HOSTING AND MAINTAINING EXISTING VERSIONS (5.0P AND 5.1I),https://www.usaspending.gov/award/CONT_AWD_75F40126F19001_7524_75F40126D00027_7524
other,sole_source,1,196368.0,Department of Veterans Affairs,MEDICOM TECHNOLOGIES INC,DA10,2024-09-17,2028-09-24 00:00:00,NOT COMPETED UNDER SAP,,IMAGE SHARING SOFTWARE,https://www.usaspending.gov/award/CONT_AWD_36C26224N1121_3600_36C26223A0074_3600
infrastructure_ops,sole_source,1,196173.57,Indian Health Service,"FRONTIER COMMUNICATIONS OF AMERICA, INC",D304,2020-08-07,2023-07-31 00:00:00,NOT COMPETED,,"TELECOMMUNICATIONS SERVICES, WRSU AND CIB",https://www.usaspending.gov/award/CONT_AWD_75H71220P00112_7527_-NONE-_-NONE-
other,sole_source,,196081.37,Food and Drug Administration,VERSATECH/IMPYRIAN TECHNOLOGY NETWORK LLC,DA01,2024-06-04,2024-12-04 00:00:00,NOT AVAILABLE FOR COMPETITION,,CBER CONFERENCE ROOM AV UPGRADES INSTALLATION FOR BLDG. 71 ROOMS 1041 AND 7205,https://www.usaspending.gov/award/CONT_AWD_75F40124F19009_7524_75F40122D00024_7524
other,sole_source,1,195014.84,Department of Veterans Affairs,"PROVATION SOFTWARE, INC.",DA10,2020-11-12,2024-11-16 00:00:00,NOT COMPETED UNDER SAP,,PROVATION SOFTWARE MAINTENANCE,https://www.usaspending.gov/award/CONT_AWD_36C25021C0046_3600_-NONE-_-NONE-
other,sole_source,1,195000.0,Agency for Healthcare Research and Quality,SSR HEALTH LLC,D317,2020-07-30,2023-08-19 00:00:00,NOT COMPETED UNDER SAP,,PRESCRIPTION MEDICINES BRAND PRICING DATABASE,https://www.usaspending.gov/award/CONT_AWD_75Q80120P00011_7528_-NONE-_-NONE-
registry_surveillance,sole_source,1,194502.34,Office of the Assistant Secretary for Financial Resources,ACRO SYSTEMS INC,DA01,2026-09-25,2029-09-28 00:00:00,NOT COMPETED UNDER SAP,,CDC NHSN INFERNO TEST KIT DEVELOPMENT AND CONFORMANCE VALIDATION SERVICES,https://www.usaspending.gov/award/CONT_AWD_7571MN26C00049_7571_-NONE-_-NONE-
other,sole_source,1,194313.39,Indian Health Service,"KAIVA SERVICES, LLC",DG01,2025-09-07,2026-03-31 00:00:00,NOT COMPETED UNDER SAP,,"END-OF-LIFE CISCO REPLACEMENT FOR VOIP SERVICES FOR CP, THC AND PPC",https://www.usaspending.gov/award/CONT_AWD_75H71025P01111_7527_-NONE-_-NONE-
infrastructure_ops,sole_source,1,193721.74,National Institutes of Health,"WESTWIND COMPUTER PRODUCTS, INC.",DH10,2023-12-21,2024-12-20 00:00:00,FULL AND OPEN COMPETITION,,RENEWAL OF PALO ALTO NETWORK ENTERPRISE CYBERSECURITY PLATFORM SUBSCRIPTION,https://www.usaspending.gov/award/CONT_AWD_75N95024F00001_7529_HHSN316201500031W_7529
other,sole_source,1,193621.92,Office of the Assistant Secretary for Administration,"TECSYS, INC",DJ10,2024-04-22,2025-05-31 00:00:00,NOT COMPETED,,CENTER USE- ANNUAL LICENSING AND MAINTENANCE 06/01/24-05/31/25,https://www.usaspending.gov/award/CONT_AWD_75P00224P00071_7570_-NONE-_-NONE-
other,sole_source,1,193331.15,Department of Veterans Affairs,"COMPUTRITION, INC.",DA10,2023-10-23,2028-10-31 00:00:00,FULL AND OPEN COMPETITION,,COMPUTRITION SOFTWARE LICENSE,https://www.usaspending.gov/award/CONT_AWD_36C24724F0024_3600_47QTCA21D005U_4732
other,sole_source,1,192612.75,National Institutes of Health,"BIOFORTIS, LLC",DG10,2020-12-31,2022-12-31 00:00:00,NOT COMPETED UNDER SAP,,LABMATRIX CUSTOM DEVELOPMENT AND AD HOC SERVICES,https://www.usaspending.gov/award/CONT_AWD_75N92021P00042_7529_-NONE-_-NONE-
infrastructure_ops,sole_source,,192515.22,Office of the Assistant Secretary for Financial Resources,RISK SCIENCES INTERNATIONAL INC,DA01,2025-08-12,2026-09-28 00:00:00,NOT COMPETED,,FDA-IRISK SYSTEM HOSTING AND MAINTAINING EXISTING VERSIONS (4.2P AND 5.1I),https://www.usaspending.gov/award/CONT_AWD_75F40125F19006_7524_75F40120D00041_7524
scheduling_referral_community_care,sole_source,1,192475.51,Department of Veterans Affairs,"GOVERNMENT MARKETING AND PROCUREMENT, LLC",DA10,2024-03-22,2027-03-31 00:00:00,FULL AND OPEN COMPETITION,,QGENDA ON CALL SCHEDULING SERVICES,https://www.usaspending.gov/award/CONT_AWD_36C26124F0259_3600_GS07F187GA_4732
other,sole_source,1,192304.97,Office of the Assistant Secretary for Administration,"SMARTPROCURE FEDMINE, LLC",DA10,2023-09-10,2025-09-28 00:00:00,FULL AND OPEN COMPETITION,,FEDMINE SUBSCRIPTIONS FOR 25 USERS,https://www.usaspending.gov/award/CONT_AWD_75P00123F80163_7570_GS35F0267X_4732
other,sole_source,1,192100.0,Defense Health Agency,"TJS GROUP, LLC",DE01,2023-08-30,2028-08-31 00:00:00,NOT COMPETED UNDER SAP,,PRINTER HARDWARE SUPPORT SERVICES,https://www.usaspending.gov/award/CONT_AWD_HT942523P0107_9700_-NONE-_-NONE-
other,sole_source,1,191850.0,Centers for Disease Control and Prevention,"KEY SOLUTIONS, INC.",DA10,2023-07-13,2025-04-22 00:00:00,NOT COMPETED UNDER SAP,,LICENSE FOR EPROTOCOL IACUC AND LARS SOFTWARE,https://www.usaspending.gov/award/CONT_AWD_75D30123P17219_7523_-NONE-_-NONE-
other,sole_source,1,191804.0,Department of Veterans Affairs,ESAOTE NORTH AMERICA INC,DA10,2026-05-15,2027-05-14 00:00:00,NOT COMPETED,,"3MENSIO AND CAAS MR SOFTWARE SUBSCRIPTIONS ""EO 14398""",https://www.usaspending.gov/award/CONT_AWD_36C26126P0726_3600_-NONE-_-NONE-
other,sole_source,1,190944.0,Department of Veterans Affairs,"VYAIRE MEDICAL 211, INC.",DA10,2023-06-05,2028-06-14 00:00:00,NOT COMPETED,,ALARIS SOFTWARE,https://www.usaspending.gov/award/CONT_AWD_36C24723P0869_3600_-NONE-_-NONE-
infrastructure_ops,sole_source,1,190787.04,Food and Drug Administration,"TRICON SOLUTIONS, LLC",DA01,2023-07-12,2025-07-11 00:00:00,FULL AND OPEN COMPETITION AFTER EXCLUSION OF SOURCES,,FDA-TRACK TABLEAU SERVER MANAGEMENT,https://www.usaspending.gov/award/CONT_AWD_75F40123F80138_7524_47QTCB22D0278_4732
other,sole_source,1,190761.0,Defense Health Agency,"AMERICAN MESSAGING SERVICES, LLC",DE11,2024-09-12,2029-10-01 00:00:00,NOT COMPETED UNDER SAP,,SECURE MESSAGING PAGERS,https://www.usaspending.gov/award/CONT_AWD_HT001424P0191_9700_-NONE-_-NONE-
other,sole_source,1,190722.96,Department of Veterans Affairs,DAL MEDIA SOLUTIONS INC.,DA10,2023-09-29,2024-09-30 00:00:00,NOT COMPETED UNDER SAP,,"WENATCHEE CBOC, WA SECURITY UPGRADES",https://www.usaspending.gov/award/CONT_AWD_36C26023P1138_3600_-NONE-_-NONE-
infrastructure_ops,sole_source,1,190345.6,Department of Veterans Affairs,DEPARTMENT OF MANAGEMENT SERVICES,D399,2019-10-01,2023-09-30 00:00:00,NOT COMPETED,,TELECOMMUNICATION CIRCUITS,https://www.usaspending.gov/award/CONT_AWD_36C24820P0062_3600_-NONE-_-NONE-
clinical_it_ehr,sole_source,,189859.88,Department of Veterans Affairs,"DOCUMENT STORAGE SYSTEMS, INC.",DA01,2024-10-24,2027-10-25 00:00:00,NOT COMPETED,,NATIONAL DIALYSIS EHR SOFTWARE  SOLUTION,https://www.usaspending.gov/award/CONT_AWD_36C10A25N0002_3600_36C10A22D0003_3600
claims_payment_integrity,sole_source,1,189774.9,Indian Health Service,"UPTODATE, INC",DA01,2026-07-01,2026-09-30 00:00:00,NOT COMPETED,,"UPTODATE SOFTWARE FOR CLINICIANS. AREA COVERAGE FOR: BEMIDJI, BILLINGS, GREAT PLAINS, NAVAJO. UP TO THREE (3) MONTHS EACH. BRIDGE AWARD.",https://www.usaspending.gov/award/CONT_AWD_75H70426P00015_7527_-NONE-_-NONE-
other,sole_source,1,189199.51,Office of the Assistant Secretary for Financial Resources,ALVAREZ LLC,DA10,2026-08-19,2027-08-20 00:00:00,NOT COMPETED UNDER SAP,,THIS FIRM-FIXED-PRICE PURCHASE ORDER IS ISSUED TO PURCHASE ZENDESK LICENSES FOR ARPA-H.,https://www.usaspending.gov/award/CONT_AWD_7571TE26P00102_7571_-NONE-_-NONE-
other,sole_source,1,189180.7,Department of Veterans Affairs,NI GOVERNMENT SERVICES INC,DE11,2021-09-14,2026-08-31 00:00:00,NOT COMPETED UNDER SAP,,"SATELLITE RADIOS TO INCLUDE ACCESSORIES AND AIR-TIME FOR VISN16, JACKSON, MS. HURRICANE IDA",https://www.usaspending.gov/award/CONT_AWD_36C25621P1696_3600_-NONE-_-NONE-
clinical_it_ehr,sole_source,1,188930.4,Department of Veterans Affairs,"ORACLE HEALTH GOVERNMENT SERVICES, INC.",DC01,2025-09-30,2031-09-29 00:00:00,NOT COMPETED,,RELOCATION/MOVING SERVICES OF ORACLE HEALTH FORWARD DEPLOYED SOLUTION SETS (FDSS),https://www.usaspending.gov/award/CONT_AWD_36C10B25C0041_3600_-NONE-_-NONE-
other,sole_source,1,188878.58,Defense Health Agency,CELLCO PARTNERSHIP,D304,2019-04-24,2020-05-01 00:00:00,NOT COMPETED UNDER SAP,,"ANNUAL VERIZON 400 VOICE MINUTES + UNLIMITED DOMESTIC DATA, GLOBAL EMAIL WITH 400 DOMESTIC ANYTIME SHARED MINUTES, AND UNLIMITED DOMESTIC DATA PLAN (MOBILE BROADBAND).",https://www.usaspending.gov/award/CONT_AWD_HT001519F0056_9700_W91RUS11A0006_9700
other,sole_source,1,188724.0,Department of Veterans Affairs,"CHAMPION MEDICAL TECHNOLOGIES, INC",DA10,2025-03-31,2026-03-31 00:00:00,NOT COMPETED UNDER SAP,,UDI TRACKER - IMPLANT360 - MIAMI AND TAMPA VAMC,https://www.usaspending.gov/award/CONT_AWD_36C24825P0905_3600_-NONE-_-NONE-
other,sole_source,1,188160.0,Department of Veterans Affairs,KNOWLEDGE FACTOR INC,DA01,2024-08-26,2027-09-01 00:00:00,NOT COMPETED,,"AMPLIFIRE LEARNER LICENSES, AND COURSE DEVELOPMENT SERVICES",https://www.usaspending.gov/award/CONT_AWD_36C10B24C0035_3600_-NONE-_-NONE-
other,sole_source,1,187590.59,Department of Veterans Affairs,"TELEGUAM HOLDINGS, LLC",DG11,2022-06-06,2027-06-05 00:00:00,NOT COMPETED,,LOCAL EXCHANGE SERVICES FOR VA FACILITIES IN GUAM,https://www.usaspending.gov/award/CONT_AWD_36C10A22P0017_3600_-NONE-_-NONE-
other,sole_source,1,187553.0,Office of the Assistant Secretary for Administration,"POLITICO, LLC",D317,2020-04-02,2025-06-19 00:00:00,NOT COMPETED,,POLITICO PRO SUBSCRIPTION,https://www.usaspending.gov/award/CONT_AWD_75P00120P00063_7570_-NONE-_-NONE-
infrastructure_ops,sole_source,1,186899.2,Department of Veterans Affairs,"CENSIS TECHNOLOGIES, INC.",DA10,2023-05-24,2028-05-31 00:00:00,FULL AND OPEN COMPETITION,,CENSITRAC SUBSCRIPTION AND GOV CLOUD RENEWAL.,https://www.usaspending.gov/award/CONT_AWD_36C24223F0296_3600_GS35F0462X_4732
scheduling_referral_community_care,sole_source,1,186880.0,Indian Health Service,PAYTON MERGER SUB II LLC,DA10,2023-08-14,2028-08-31 00:00:00,FULL AND OPEN COMPETITION,,PHARMACY AUTOMATED REFILL REQUEST AND APPOINTMENT LINE FOR THE YAKAMA INDIAN HEALTH CLINIC.,https://www.usaspending.gov/award/CONT_AWD_75H71323F80050_7527_47QTCA22D00CM_4732
other,sole_source,1,186818.63,Department of Veterans Affairs,"DATA CAPTURE SOLUTIONS-REPAIR AND REMARKETING, INC",DA10,2026-08-19,2031-08-20 00:00:00,NOT COMPETED,,NA,https://www.usaspending.gov/award/CONT_AWD_36C10B26C0074_3600_-NONE-_-NONE-
other,sole_source,1,186529.96,Department of Veterans Affairs,"MINBURN TECHNOLOGY GROUP, LLC",DF01,2021-03-01,2025-04-25 00:00:00,FULL AND OPEN COMPETITION AFTER EXCLUSION OF SOURCES,,IT SERVICE,https://www.usaspending.gov/award/CONT_AWD_36C24621F0177_3600_NNG15SD34B_8000
infrastructure_ops,sole_source,1,186500.0,Centers for Disease Control and Prevention,KOGNITO SOLUTIONS LLC,DH10,2023-07-19,2026-07-31 00:00:00,NOT COMPETED UNDER SAP,,WEB HOSTING,https://www.usaspending.gov/award/CONT_AWD_75D30123P17006_7523_-NONE-_-NONE-
other,sole_source,1,186000.0,Department of Veterans Affairs,CITY OF LOMA LINDA,DG11,2023-08-15,2026-03-31 00:00:00,NOT COMPETED UNDER SAP,,LOMA LINDA DARK FIBER,https://www.usaspending.gov/award/CONT_AWD_36C10A23P0035_3600_-NONE-_-NONE-
other,sole_source,1,185456.4,Department of Veterans Affairs,"CENSIS TECHNOLOGIES, INC.",DA10,2023-12-19,2028-11-30 00:00:00,FULL AND OPEN COMPETITION,,CENSITRACK EQUIPMENT MAINTENANCE,https://www.usaspending.gov/award/CONT_AWD_36C24224F0069_3600_GS35F0462X_4732
other,sole_source,1,185416.24,Office of the Assistant Secretary for Financial Resources,UBTA-UBET COMMUNICATIONS INC,DG11,2021-08-16,2026-08-31 00:00:00,NOT COMPETED UNDER SAP,,THE CONTRACTOR SHALL PROVIDE MONTHLY TELEPHONE AND INTERNET SERVICE FOR THE UINTAH AND OURAY SERVICE UNIT AND INSTALLATION OF IP PHONE SYSTEM FOR THE OFFICE OF ENVIRONMENTAL HEALTH & ENGINEERING (OEHE) BUILDING.,https://www.usaspending.gov/award/CONT_AWD_75H71221P00170_7527_-NONE-_-NONE-
other,sole_source,1,185167.64,Office of the Assistant Secretary for Financial Resources,"AUGUST SCHELL ENTERPRISES, INC.",DG11,2022-05-23,2026-12-31 00:00:00,NOT COMPETED UNDER SAP,,UIPATH LICENSE,https://www.usaspending.gov/award/CONT_AWD_75P00122P00057_7570_-NONE-_-NONE-
clinical_it_ehr,sole_source,,183546.84,Department of Veterans Affairs,"DOCUMENT STORAGE SYSTEMS, INC.",DA01,2023-05-19,2024-10-25 00:00:00,NOT COMPETED,,NATIONAL DIALYSIS EHR SOFTWARE  SOLUTION,https://www.usaspending.gov/award/CONT_AWD_36C10A23N0033_3600_36C10A22D0003_3600
scheduling_referral_community_care,sole_source,1,183152.79,Defense Health Agency,"ADVANTAGED SOLUTIONS, LLC",DA01,2024-09-25,2024-12-28 00:00:00,FULL AND OPEN COMPETITION,,THEATER ENTERPRISE-WIDE LOGISTICS SYSTEM CONSULTING SUPPORT,https://www.usaspending.gov/award/CONT_AWD_HT001124F0056_9700_GS35F0926R_4730
other,sole_source,,182999.04,National Institutes of Health,"TAHKOX E2 SERVICES, LLC",DF01,2026-08-12,2027-09-29 00:00:00,NOT COMPETED UNDER SAP,,"BIOMEDICAL TRANSLATIONAL RESEARCH INFORMATION SYSTEM (BTRIS) INTEGRATION, DEVELOPMENT, OPERATIONS, AND MAINTENANCE SUPPORT",https://www.usaspending.gov/award/CONT_AWD_75N98026F00002_7529_75N98026D00024_7529
other,sole_source,1,182978.28,Department of Veterans Affairs,"COMPUTRITION, INC.",DA10,2023-05-03,2028-05-14 00:00:00,FULL AND OPEN COMPETITION,,COMPUTRITION SOFTWARE,https://www.usaspending.gov/award/CONT_AWD_36C25523F0113_3600_47QTCA21D005U_4732
other,sole_source,,182247.0,National Institutes of Health,SIKICH FEDERAL INC.,DA01,2020-11-30,2022-05-31 00:00:00,NOT COMPETED,,NEAD TO7 - EIDP DME,https://www.usaspending.gov/award/CONT_AWD_75N96021F00002_7529_75N96020D00012_7529
infrastructure_ops,sole_source,1,182033.98,Office of the Assistant Secretary for Financial Resources,EAST OTTER TAIL TELEPHONE COMPANY,DG11,2022-03-03,2027-02-28 00:00:00,NOT COMPETED UNDER SAP,,FIBER OPTIC TELECOMMUNICATION SERVICE,https://www.usaspending.gov/award/CONT_AWD_75H70522P00024_7527_-NONE-_-NONE-
other,sole_source,1,181869.42,Department of Veterans Affairs,"NETSMART TECHNOLOGIES, INC.",DA10,2023-07-24,2028-07-31 00:00:00,NOT COMPETED,,NETSMART,https://www.usaspending.gov/award/CONT_AWD_36C24123P0613_3600_-NONE-_-NONE-
other,sole_source,1,181739.0,Department of Veterans Affairs,"UNIVERSITY OF CALIFORNIA, LOS ANGELES",D399,2020-10-08,2024-10-31 00:00:00,NOT COMPETED,,CHERP - COACH TO FIT,https://www.usaspending.gov/award/CONT_AWD_36C24421P0012_3600_-NONE-_-NONE-
other,sole_source,1,181429.78,Food and Drug Administration,GUIDEHOUSE INC.,DA10,2025-01-24,2025-07-09 00:00:00,FULL AND OPEN COMPETITION,,CONTINUITY OF SUPPORT CAAPS PHASE V O&M (BRIDGE ORDER),https://www.usaspending.gov/award/CONT_AWD_75F40125F80024_7524_GS00F045DA_4732
other,sole_source,1,180200.0,Department of Veterans Affairs,HB HEALTHCARE SAFETY SBC,DA10,2026-07-30,2029-07-31 00:00:00,NOT COMPETED,,"EO 14398 - HB HEALTHCARE SAFETY, SOCIAL BENEFIT CORPORATION MAINTENANCE AND PLATINUM PLUS SUPPORT",https://www.usaspending.gov/award/CONT_AWD_36C10B26C0040_3600_-NONE-_-NONE-
other,sole_source,1,180000.0,National Institutes of Health,"LUMEN TECHNOLOGIES GOVERNMENT SOLUTIONS, INC.",DC10,2025-01-30,2025-03-31 00:00:00,NOT COMPETED UNDER SAP,,PROFESSIONAL SUPPORT AND PROVISION OF THE NIH CONSOLIDATED COLOCATION SITE (NCCS),https://www.usaspending.gov/award/CONT_AWD_75N97025P00032_7529_-NONE-_-NONE-
other,sole_source,1,180000.0,Department of Veterans Affairs,"CLINISYS, INC.",DC10,2025-06-02,2030-07-31 00:00:00,NOT COMPETED,,PATIENT LAB NOTIFICATION SYSTEM,https://www.usaspending.gov/award/CONT_AWD_36C25625P0895_3600_-NONE-_-NONE-
other,sole_source,1,180000.0,Defense Health Agency,RICOH USA INC,DA01,2021-09-10,2026-10-22 00:00:00,FULL AND OPEN COMPETITION,,REPROGRAPHICS SERVICE MAINTENANCE,https://www.usaspending.gov/award/CONT_AWD_N6809421F6009_9700_GS03F0085U_4730
portal_web,sole_source,1,179793.94,Centers for Medicare and Medicaid Services,CARAHSOFT TECHNOLOGY CORP,DA10,2025-09-15,2028-09-11 00:00:00,FULL AND OPEN COMPETITION,,"THE DIVISION OF STRATEGIC CUSTOMER RELATIONS (DSCR), WITHIN THE OFFICE OF HUMAN CAPITAL (OHC), SEEKS TO RENEW ITS PARTNERSHIP WITH LINKEDIN TO STRENGTHEN CMS'S DIGITAL RECRUITMENT STRATEGY AND EXTEND ITS REACH TO HIGH-QUALITY, MISSION-ALIGNED TALENT.",https://www.usaspending.gov/award/CONT_AWD_75FCMC25FJ134_7530_47QSWA18D008F_4732
infrastructure_ops,sole_source,1,178854.84,Department of Veterans Affairs,"EXECUTIVE INFORMATION SYSTEMS, L.L.C.",DA10,2026-08-20,2027-09-29 00:00:00,NOT COMPETED UNDER SAP,,"SAS SERVER, LICENSES, SAS/ACCESS INTERFACE TO ORACLE",https://www.usaspending.gov/award/CONT_AWD_36C10M26N50051_3600_36C10M25A50062_3600
other,sole_source,1,178594.35,Defense Health Agency,ATT MOBILITY LLC,DG11,2025-07-29,2026-07-31 00:00:00,FULL AND OPEN COMPETITION,,SPIRAL 4 WIRELESS SERVICE TASK ORDER,https://www.usaspending.gov/award/CONT_AWD_HT941025FE004_9700_N0024424D0005_9700
other,sole_source,1,178561.77,Department of Veterans Affairs,UNIVERSITY OF FLORIDA,DC10,2023-09-14,2028-09-14 00:00:00,NOT COMPETED,,DATA STORAGE SERVICES,https://www.usaspending.gov/award/CONT_AWD_36C24823P2122_3600_-NONE-_-NONE-
other,sole_source,1,178518.26,Indian Health Service,"LUMEN TECHNOLOGIES GOVERNMENT SOLUTIONS, INC",DG11,2026-01-14,2026-01-14 00:00:00,NOT COMPETED UNDER SAP,,PAYMENT FOR RATIFICATION REQUEST UAC 25-74-BIL.,https://www.usaspending.gov/award/CONT_AWD_75H70926P00036_7527_-NONE-_-NONE-
other,sole_source,1,178175.0,Food and Drug Administration,AMERICAN NATIONAL STANDARDS INSTITUTE INCORPORATED,DF01,2021-01-21,2026-01-20 00:00:00,NOT COMPETED,,ANSI STANDARDS MEMBERSHIP PLUS OPTIONS,https://www.usaspending.gov/award/CONT_AWD_75F40121P00052_7524_-NONE-_-NONE-
other,sole_source,1,177814.3,Defense Health Agency,CELLCO PARTNERSHIP,D399,2018-11-06,2024-04-03 00:00:00,NOT COMPETED UNDER SAP,,ACQUIRE CELL PHONE SERVICES FOR SMARTPHONE/BLACKBERRY.,https://www.usaspending.gov/award/CONT_AWD_HT001119F0005_9700_W91RUS11A0006_9700
other,sole_source,1,177222.0,Centers for Disease Control and Prevention,MELTWATER NEWS US INC,D317,2020-06-11,2022-08-08 00:00:00,NOT COMPETED UNDER SAP,,SOCIAL MEDIA MONITORING SUBSCRIPTION,https://www.usaspending.gov/award/CONT_AWD_75D30120P08437_7523_-NONE-_-NONE-
other,sole_source,1,177040.22,Substance Abuse and Mental Health Services Administration,DATA FEDERAL CORPORATION,DA10,2023-03-23,2028-03-29 00:00:00,NOT COMPETED,,FREEDOM CORE PROGRAM,https://www.usaspending.gov/award/CONT_AWD_75S20423P00002_7522_-NONE-_-NONE-
infrastructure_ops,sole_source,1,176791.93,Indian Health Service,WINTERHAVEN TELEPHONE COMPANY,D309,2017-11-17,2022-12-24 00:00:00,NOT COMPETED,,IGF::OT::IGF TELECOMMUNICATIONS SERVICES FOR FT YUMA SERVICE UNIT,https://www.usaspending.gov/award/CONT_AWD_HHSI247201800001P_7527_-NONE-_-NONE-
other,sole_source,1,175837.0,Food and Drug Administration,"POLITICO, LLC",D317,2020-03-25,2025-03-19 00:00:00,NOT COMPETED,,POLITICO SUBSCRIPTION,https://www.usaspending.gov/award/CONT_AWD_75F40120P00124_7524_-NONE-_-NONE-
other,sole_source,1,175000.0,National Institutes of Health,NATIONAL ACADEMY OF SCIENCES,DH01,2025-09-24,2026-09-24 00:00:00,NOT COMPETED UNDER SAP,,NICHD: SERVICES - THIS FIRM FIXED PRICE DELIVERY ORDER IS AWARDED FOR PARTIAL SUPPORT OF THE ACTIVITIES OF THE FEDERAL DEMONSTRATION PARTNERSHIP (FDP) TO NATIONAL ACADEMY OF SCIENCES - SEVERABLE  PROPOSAL NO. AWP-000745,https://www.usaspending.gov/award/CONT_AWD_75N94025P00655_7529_-NONE-_-NONE-
infrastructure_ops,sole_source,1,175000.0,Indian Health Service,"NAVAJO COMMUNICATIONS CO., INC.",DG10,2025-03-15,2025-07-31 00:00:00,NOT COMPETED,,TELECOMMUNICATION FOR CPSU AND PPC***IT DEPARTMENT,https://www.usaspending.gov/award/CONT_AWD_75H71025P00484_7527_-NONE-_-NONE-
infrastructure_ops,sole_source,1,175000.0,Indian Health Service,"NAVAJO COMMUNICATIONS CO., INC.",DG10,2024-08-01,2025-07-31 00:00:00,NOT COMPETED,,TELECOMMUNICATION AND INTERNET SERVICES***IT DEPT.,https://www.usaspending.gov/award/CONT_AWD_75H71024P01246_7527_-NONE-_-NONE-
other,sole_source,1,175000.0,Department of Veterans Affairs,"MONARCH MEDICAL TECHNOLOGIES, LLC",DA10,2023-09-15,2028-09-14 00:00:00,NOT COMPETED,,ELECTRONIC GLUCOSE MANAGEMENT SYSTEM (ENDOTOOL BY MONARCH MEDICAL),https://www.usaspending.gov/award/CONT_AWD_36C25923P1425_3600_-NONE-_-NONE-
portal_web,sole_source,1,174945.5,Department of Veterans Affairs,HAWAII HEALTH INFORMATION EXCHANGE,DA10,2023-07-11,2026-07-22 00:00:00,NOT COMPETED,,ONLINE SUBSCRIPTION TO ENET HEALTH INFORMATION EXCHANGE IN HAWAII.,https://www.usaspending.gov/award/CONT_AWD_36C26123P1335_3600_-NONE-_-NONE-
other,sole_source,1,174755.71,Department of Veterans Affairs,ARMSTRONG UTILITIES INC,DG11,2023-06-21,2027-06-30 00:00:00,NOT COMPETED,,CABLE TV SERVICES,https://www.usaspending.gov/award/CONT_AWD_36C24423P0606_3600_-NONE-_-NONE-
other,sole_source,1,173733.72,Department of Veterans Affairs,"PAR EXCELLENCE SYSTEMS, INC",DA01,2025-09-17,2030-09-16 00:00:00,NOT COMPETED,,PAR EXCELLENCE WEIGHT BASED INVENTORY MANAGEMENT SUPPORT,https://www.usaspending.gov/award/CONT_AWD_36C10B25C0042_3600_-NONE-_-NONE-
other,sole_source,,173643.8,Department of Veterans Affairs,"CENSIS TECHNOLOGIES, INC.",DA10,2026-09-15,2027-09-29 00:00:00,NOT COMPETED,,CENSITRAC AND RELATED CENSIS SOFTWARE IDIQ EO14398,https://www.usaspending.gov/award/CONT_AWD_36C10B26F0340_3600_36C10B26D0007_3600
infrastructure_ops,sole_source,1,173192.0,Department of Veterans Affairs,"MUMPS AUDIOFAX, INC",DA10,2021-09-20,2026-09-21 00:00:00,FULL AND OPEN COMPETITION,,AUDIOCARE TM-COMMUNICATOR LICENSE AND ANNUAL SUPPORT.,https://www.usaspending.gov/award/CONT_AWD_36C25221F0401_3600_GS35F0821M_4730
other,sole_source,1,173182.04,Office of Assistant Secretary for Preparedness and Response,SOLE SOLUTIONS INC.,DA01,2025-09-29,2026-09-29 00:00:00,NOT COMPETED UNDER SAP,,THE PURPOSE OF THIS BPA CALL ORDER IS TO PROCURE SERVICES AND SUPPORT OF THE STRATEGIC WORK INFORMATION AND FOLDER TRANSFER (SWIFT) APPLICATION.,https://www.usaspending.gov/award/CONT_AWD_75A50225F62002_7505_75ACF124A00009_7590
other,sole_source,1,172500.0,Department of Veterans Affairs,MEDICOM TECHNOLOGIES INC,DA10,2021-05-03,2026-04-30 00:00:00,NOT COMPETED UNDER SAP,,MEDICOM IMGANEX SOFTWARE SERVICES,https://www.usaspending.gov/award/CONT_AWD_36C25021P1178_3600_-NONE-_-NONE-
infrastructure_ops,sole_source,1,171559.19,Department of Veterans Affairs,"SIERRA7, INC.",DA10,2022-10-01,2025-10-05 00:00:00,NOT COMPETED,,"SUPPORT RENEWAL FOR SERVER LICENSE, CLIENT LICENSE, 15 MOBILE DEVICES, AND 1 PC. AVASURE ORNA",https://www.usaspending.gov/award/CONT_AWD_36C26223P0011_3600_-NONE-_-NONE-
other,sole_source,1,171267.84,Department of Veterans Affairs,TIME WARNER CABLE ENTERPRISES LLC,DG10,2021-12-01,2022-11-30 00:00:00,NOT COMPETED,,CABLE SERVICES FOR FAYETTEVILLE,https://www.usaspending.gov/award/CONT_AWD_36C24622P0313_3600_-NONE-_-NONE-
infrastructure_ops,sole_source,1,171135.2,Department of Veterans Affairs,"FOUR POINTS TECHNOLOGY, L.L.C.",DA10,2021-07-29,2025-09-30 00:00:00,FULL AND OPEN COMPETITION AFTER EXCLUSION OF SOURCES,,FAX SERVER AND EFI SOFTWARE,https://www.usaspending.gov/award/CONT_AWD_36C26221F0397_3600_NNG15SD22B_8000
other,sole_source,1,171075.82,Department of Veterans Affairs,"GOVERNMENT MARKETING AND PROCUREMENT, LLC",D399,2019-12-09,2024-12-10 00:00:00,NOT COMPETED,,VOCERA SMARTPHONES PM,https://www.usaspending.gov/award/CONT_AWD_36C24220P0303_3600_-NONE-_-NONE-
other,sole_source,1,171024.0,Department of Veterans Affairs,"MGM SOLUTIONS, INC.",DA10,2024-04-12,2029-04-11 00:00:00,NOT COMPETED,,PATIENT WANDER MANAGEMENT SYSTEM,https://www.usaspending.gov/award/CONT_AWD_36C24824P1227_3600_-NONE-_-NONE-
registry_surveillance,sole_source,1,171011.94,Department of Veterans Affairs,"MINBURN TECHNOLOGY GROUP, LLC",DA10,2022-01-01,2022-09-30 00:00:00,FULL AND OPEN COMPETITION AFTER EXCLUSION OF SOURCES,,CLINICAL SURVEILLANCE SOFTWARE - THERADOC,https://www.usaspending.gov/award/CONT_AWD_36C26222F0132_3600_NNG15SD34B_8000
other,sole_source,1,170930.53,Department of Veterans Affairs,CYNERGY PROFESSIONAL SYSTEMS LLC,DE02,2026-08-03,2027-08-02 00:00:00,FULL AND OPEN COMPETITION AFTER EXCLUSION OF SOURCES,,ADVANCED PLUS NICE SUA II SUSTAINMENT,https://www.usaspending.gov/award/CONT_AWD_36C24426F0373_3600_NNG15SD20B_8000
analytics_reporting,sole_source,1,170718.0,Office of the Assistant Secretary for Financial Resources,XYBION CORPORATION,DA10,2026-08-31,2031-08-31 00:00:00,NOT COMPETED UNDER SAP,,"SOLE-SOURCE COMMERCIAL ACQUISITION FOR MANUFACTURER-AUTHORIZED MAINTENANCE AND SUPPORT OF FDA NCTR'S EXISTING PRISTIMA PRE-CLINICAL DATA MANAGEMENT SYSTEM, INCLUDING TECHNICAL SUPPORT, SOFTWARE UPDATES, UPGRADES, INSTALLATION ASSISTANCE, AND VUL",https://www.usaspending.gov/award/CONT_AWD_7571TE26P00112_7571_-NONE-_-NONE-
other,sole_source,1,169680.0,Department of Veterans Affairs,RAULAND-BORG CORPORATION OF FLORIDA,DA10,2022-03-01,2027-02-28 00:00:00,NOT COMPETED UNDER SAP,,ANNUAL SERVICE SUPPORT AGREEMENT FOR RESPONDER 5 NURSE CALL SYSTEM,https://www.usaspending.gov/award/CONT_AWD_36C24822P0810_3600_-NONE-_-NONE-
infrastructure_ops,sole_source,1,169383.36,Indian Health Service,"PRESIDIO NETWORKED SOLUTIONS GROUP, LLC",D316,2019-09-04,2019-10-04 00:00:00,NOT COMPETED,,INSTALLATION OF TELECOM EQUIPMENT,https://www.usaspending.gov/award/CONT_AWD_75H71019P01684_7527_-NONE-_-NONE-
other,sole_source,1,168889.76,Department of Veterans Affairs,CLINICAL MICROSYSTEMS CORPORATION,D399,2020-08-04,2022-08-03 00:00:00,NOT COMPETED,,PEMNET RADIATION DOSE MANAGEMENT SYSTEM BASE + 4 OPTION YEARS,https://www.usaspending.gov/award/CONT_AWD_36C24420P0738_3600_-NONE-_-NONE-
other,sole_source,1,168558.29,Centers for Disease Control and Prevention,MESA LABORATORIES INC,DD01,2024-08-23,2025-08-31 00:00:00,NOT COMPETED,,EXPANSION OF TEMPERATURE MONITORING,https://www.usaspending.gov/award/CONT_AWD_75D30124C19675_7523_-NONE-_-NONE-
infrastructure_ops,sole_source,1,168362.0,Defense Health Agency,"MOSAIC DATA SERVICES, INC",DA10,2023-06-13,2028-07-17 00:00:00,NOT COMPETED UNDER SAP,,SERVER COLOCATION & SUPPORT SERVICES,https://www.usaspending.gov/award/CONT_AWD_HT001423P0133_9700_-NONE-_-NONE-
infrastructure_ops,sole_source,1,168084.0,Department of Veterans Affairs,"HIXARDT TECHNOLOGIES, INC.",DA10,2025-07-30,2030-08-02 00:00:00,NOT COMPETED UNDER SAP,,"VALUE-ADDED NETWORK (VAN) SERVICES IN SUPPORT OF THE DEPARTMENT OF VETERANS AFFAIRS, FINANCIAL SERVICES CENTER (FSC), ELECTRONIC COMMERCE BRANCH (ECB)",https://www.usaspending.gov/award/CONT_AWD_36C10B25P0010_3600_-NONE-_-NONE-
analytics_reporting,sole_source,1,168000.0,Defense Health Agency,"DIVERSE SYSTEMS GROUP, LLC",DJ10,2025-09-29,2026-09-29 00:00:00,FULL AND OPEN COMPETITION,,RYSKVIEW CYBERSECURITY RISK VISUALIZATION AND ANALYTICS PLATFORM TO MANAGE THE MTF CYBERSECURITY VULNERABILITIES ON NETWORKED DEVICES AND SYSTEMS AND PLANS OF ACTION AND MILESTONES (POA AND MS),https://www.usaspending.gov/award/CONT_AWD_HT001425FE035_9700_GS35F382DA_4732
other,sole_source,1,167975.2,Department of Veterans Affairs,CIRCLE CARDIOVASCULAR IMAGING INC,DA10,2024-11-27,2027-11-29 00:00:00,NOT COMPETED UNDER SAP,,CARDIAC EVOLVE SUBSCRIPTION,https://www.usaspending.gov/award/CONT_AWD_36C25625P0172_3600_-NONE-_-NONE-
other,sole_source,1,167791.82,Department of Veterans Affairs,DATA INNOVATIONS LLC,DF10,2022-10-18,2027-11-05 00:00:00,FULL AND OPEN COMPETITION,,ANNUAL INFORMATION MANAGER SOFTWARE LICENSE AND SUPPORT,https://www.usaspending.gov/award/CONT_AWD_36C24723F0065_3600_GS35F389DA_4732
other,sole_source,1,167552.0,Department of Veterans Affairs,ACUSTAF DEVELOPMENT CORP,DA10,2025-05-30,2030-08-18 00:00:00,FULL AND OPEN COMPETITION,,NURSING MANAGEMENT SOFTWARE SERVICES,https://www.usaspending.gov/award/CONT_AWD_36C25625F0239_3600_GS35F0408X_4732
infrastructure_ops,sole_source,1,167304.01,Indian Health Service,EAST OTTER TAIL TELEPHONE COMPANY,D304,2016-12-21,2022-01-21 00:00:00,NOT COMPETED UNDER SAP,,IGF::OT::IGF NETWORK UPGRADE,https://www.usaspending.gov/award/CONT_AWD_HHSI239201700033P_7527_-NONE-_-NONE-
other,sole_source,1,167190.27,Indian Health Service,"LUMEN TECHNOLOGIES GOVERNMENT SOLUTIONS, INC",D304,2020-03-30,2021-12-31 00:00:00,NOT COMPETED,,20-GIMC-IT T1 DATA SERVICES VENDOR  CENTURYLINK,https://www.usaspending.gov/award/CONT_AWD_75H71020P01032_7527_-NONE-_-NONE-
other,sole_source,1,166783.0,National Institutes of Health,"CHESAPEAKE SYSTEMS INTERNATIONAL, LLC",DB02,2025-04-24,2026-03-31 00:00:00,NOT COMPETED UNDER SAP,,"QUANTUM MAINTENANCE CHESAPEAKE SYSTEMS, INC.:1200888 [25-002833]",https://www.usaspending.gov/award/CONT_AWD_75N90025P00443_7529_-NONE-_-NONE-
other,sole_source,1,166337.0,Department of Veterans Affairs,LOGICARE CORP,DA10,2021-09-02,2026-08-31 00:00:00,NOT COMPETED,,WORKSTATION LICENSE SERVICES - LOGICARE FOR BASE PLUS FOUR ONE YEAR OPTIONS.  TIMESPAN COVERS 090121 THRU 083122 ULTIMATE DATE 083126.,https://www.usaspending.gov/award/CONT_AWD_36C25021P2067_3600_-NONE-_-NONE-
other,sole_source,1,166107.15,Department of Veterans Affairs,"DATA CAPTURE SOLUTIONS-REPAIR AND REMARKETING, INC",DC10,2026-05-28,2031-08-31 00:00:00,NOT COMPETED,,MEDICOPIA,https://www.usaspending.gov/award/CONT_AWD_36C24726P0605_3600_-NONE-_-NONE-
registry_surveillance,sole_source,1,165776.57,Department of Veterans Affairs,"FOUR POINTS TECHNOLOGY, L.L.C.",DA10,2024-12-05,2028-01-31 00:00:00,FULL AND OPEN COMPETITION,,TRACKCORE TISSUE TRACKING SYSTEM,https://www.usaspending.gov/award/CONT_AWD_36C26125F0117_3600_HHSN316201500034W_7529
other,sole_source,1,165727.73,Department of Veterans Affairs,DAL MEDIA SOLUTIONS INC.,DA10,2023-09-28,2024-09-30 00:00:00,NOT COMPETED UNDER SAP,,"COEUR D'ALENE CLINIC, ID SECURITY UPGRADES",https://www.usaspending.gov/award/CONT_AWD_36C26023P1125_3600_-NONE-_-NONE-
other,sole_source,1,165660.0,Department of Veterans Affairs,GEISEL SOFTWARE INC,DA01,2023-01-04,2024-09-30 00:00:00,NOT COMPETED,,DEVELOP MOBILE APP TO SUPPORT ACADEMIC SUCCESS.,https://www.usaspending.gov/award/CONT_AWD_36C24123P0198_3600_-NONE-_-NONE-
other,sole_source,,165295.0,Office of the Assistant Secretary for Financial Resources,"GARTNER, INC.",DA01,2026-09-23,2031-09-29 00:00:00,FULL AND OPEN COMPETITION,,THE OBJECTIVE OF THIS REQUIREMENT IS TO PROVIDE OFSPO WITH CONTINUOUS ACCESS TO FINANCE LEADERSHIP RESEARCH AND ADVISORY SUBSCRIPTION SERVICES,https://www.usaspending.gov/award/CONT_AWD_7571PS26F68008_7571_7571PS26A00003_7571
other,sole_source,,164770.47,Department of Veterans Affairs,"CENSIS TECHNOLOGIES, INC.",DA10,2026-05-14,2027-05-31 00:00:00,NOT COMPETED,,CENSITRAC AND RELATED CENSIS SOFTWARE IDIQ,https://www.usaspending.gov/award/CONT_AWD_36C10B26F0123_3600_36C10B26D0007_3600
claims_payment_integrity,sole_source,1,164347.2,Indian Health Service,"INOVALON PROVIDER, INC",DC10,2024-12-31,2025-12-31 00:00:00,NOT COMPETED,,CLAIMS PROCESSING FOR BUSINESS OFFICE,https://www.usaspending.gov/award/CONT_AWD_75H71025P00231_7527_-NONE-_-NONE-
other,sole_source,1,164266.08,Department of Veterans Affairs,RETIREMENTHOMETV CORPORATION,DG01,2023-01-09,2027-01-09 00:00:00,NOT COMPETED,,TELEVISION SERVICES AND EQUIPMENT REPAIRS,https://www.usaspending.gov/award/CONT_AWD_36C26223C0061_3600_-NONE-_-NONE-
other,sole_source,1,164209.24,Office of the Assistant Secretary for Financial Resources,HEWLETT PACKARD ENTERPRISE COMPANY,DA01,2025-09-12,2026-09-14 00:00:00,NOT COMPETED,,HPE INFINIBAND SUPPORT RENEWAL,https://www.usaspending.gov/award/CONT_AWD_75N98025P01719_7529_-NONE-_-NONE-
other,sole_source,1,164144.3,Department of Veterans Affairs,CHARTER COMMUNICATIONS OPERATING LLC,DG11,2024-05-24,2028-05-26 00:00:00,NOT COMPETED UNDER SAP,,FIBER BASED TV SERVICES,https://www.usaspending.gov/award/CONT_AWD_36C24624P1233_3600_-NONE-_-NONE-
other,sole_source,1,163763.0,Indian Health Service,"SMAART MEDICAL SYSTEMS, INC.",DE01,2026-03-16,2030-12-31 00:00:00,NOT COMPETED,,"THE PURPOSE OF THIS CONTRACT IS TO ACQUIRE A COMPREHENSIVE SERVICE AND SUPPORT AGREEMENT FOR PICTURE ARCHIVING AND COMMUNICATIONS SYSTEM EQUIPMENT, SERVICING OF APPLICATIONS AND TO BE LOCATED AT MULTIPLE FACILITIES WITHIN THE GREAT PLAINS AREA.",https://www.usaspending.gov/award/CONT_AWD_75H70626C00002_7527_-NONE-_-NONE-
infrastructure_ops,sole_source,,163756.47,Food and Drug Administration,RISK SCIENCES INTERNATIONAL INC,DA01,2024-09-17,2025-09-29 00:00:00,NOT COMPETED,,FDA-IRISK SYSTEM (GLOBAL INITIATIVE) HOSTING AND MAINTAINING EXISTING VERSIONS (4.2P AND 5.0I),https://www.usaspending.gov/award/CONT_AWD_75F40124F19005_7524_75F40120D00041_7524
infrastructure_ops,sole_source,1,163675.0,Department of Veterans Affairs,"REDIVUS HEALTH, INC.",DG10,2022-08-23,2027-09-14 00:00:00,NOT COMPETED UNDER SAP,,WEB-BASED SOFTWARE SERVICES FOR CARDIAC AND RESPIRATORY ARRESTS SERVICE AGREEMENT,https://www.usaspending.gov/award/CONT_AWD_36C26222P1979_3600_-NONE-_-NONE-
clinical_it_ehr,sole_source,1,163448.0,Indian Health Service,GE HEALTHCARE IITS USA CORP.,DA10,2025-03-14,2026-03-17 00:00:00,NOT COMPETED UNDER SAP,,NNMC RADIOLOGY PICTURE ARCHIVING AND COMMUNICATION SYSTEM,https://www.usaspending.gov/award/CONT_AWD_75H71025P00480_7527_-NONE-_-NONE-
portal_web,sole_source,,163410.49,National Institutes of Health,"PBG CONSULTING, LLC",DB02,2020-11-18,2025-05-06 00:00:00,NOT AVAILABLE FOR COMPETITION,,THIS TASK ORDER IS FOR THE WEBSITE MAINTENANCE SERVICE TO NCI OFFICE OF CANCER CLINICAL PROTEOMICS RESEARCH (OCCPR). THE PERIOD OF PERFORMANCE FOR THE BASE AND ALL OPTION PERIODS IS FROM 11/18/2020 - 11/17/2025.,https://www.usaspending.gov/award/CONT_AWD_75N91021F00001_7529_75N91020D00004_7529
other,sole_source,1,163409.34,Department of Veterans Affairs,"FOUR POINTS TECHNOLOGY, L.L.C.",DA10,2023-12-22,2028-12-31 00:00:00,FULL AND OPEN COMPETITION AFTER EXCLUSION OF SOURCES,,BIOPOINT PATIENT IDENTIFICATION (PI) SOFTWARE SYSTEM SERVICES FOR VISN 1,https://www.usaspending.gov/award/CONT_AWD_36C24124F0059_3600_NNG15SD22B_8000
other,sole_source,1,163242.0,Department of Veterans Affairs,RAYSEARCH AMERICAS INC.,DA10,2026-03-06,2029-03-07 00:00:00,FULL AND OPEN COMPETITION,,RAYSEARCH AMERICAS ACCURACY DOSE CALCULATION SYSTEM,https://www.usaspending.gov/award/CONT_AWD_36C25726N0277_3600_36H79725D0005_3600
portal_web,sole_source,1,163141.0,Centers for Medicare and Medicaid Services,"FIRST DATABANK, INC.",DA10,2023-09-14,2024-09-29 00:00:00,NOT COMPETED UNDER SAP,,"THIS PURCHASE IS FOR A ONE-YEAR LICENSE AGREEMENT (4 USERS) WITH FIRST DATABANK (FDB), TO RENEW THE PRESCRIPTION DRUG (RX) NORM CROSS REFERENCE MODULE, THE FDB NATIONAL DRUG CODES (NDC) DRUG CODES, AND DATA INFORMATION FOR ELECTRONIC DELIVERY TO CMS",https://www.usaspending.gov/award/CONT_AWD_75FCMC23P0033_7530_-NONE-_-NONE-
other,sole_source,1,162776.36,Department of Veterans Affairs,"FOUR POINTS TECHNOLOGY, L.L.C.",DA01,2023-10-02,2028-09-30 00:00:00,FULL AND OPEN COMPETITION AFTER EXCLUSION OF SOURCES,,BIOPOINT PATIENT MONITORING SERVICES,https://www.usaspending.gov/award/CONT_AWD_36C26224F0005_3600_NNG15SD22B_8000
other,sole_source,1,162666.71,Department of Veterans Affairs,"COMPUTRITION, INC.",DA01,2023-03-30,2027-06-30 00:00:00,FULL AND OPEN COMPETITION,,COMPUTRITION SOFTWARE LICENSE SUBSCRIPTION-BASE + (4) ONE YEAR OPTIONS,https://www.usaspending.gov/award/CONT_AWD_36C26123F0240_3600_47QTCA21D005U_4732
infrastructure_ops,sole_source,1,162438.25,Indian Health Service,"NAVAJO COMMUNICATIONS CO., INC.",DG11,2022-12-15,2024-03-31 00:00:00,NOT COMPETED UNDER SAP,,FY23-NAO-DIT-TELECOMMUNICATION SERVICES,https://www.usaspending.gov/award/CONT_AWD_75H71023P00223_7527_-NONE-_-NONE-
other,sole_source,1,162353.37,Department of Veterans Affairs,"STANDARD-BLAZAR, LLC",DA10,2023-12-29,2027-01-01 00:00:00,FULL AND OPEN COMPETITION AFTER EXCLUSION OF SOURCES,,SPOK CTI SOFTWARE MAINTENANCE AND SUPPORT,https://www.usaspending.gov/award/CONT_AWD_36C10B24F0040_3600_NNG15SD70B_8000
other,sole_source,1,162239.67,Department of Veterans Affairs,GOLDEN WEST TELECOMMUNICATIONS COOPERATIVE INC,DG11,2023-07-05,2026-06-01 00:00:00,NOT COMPETED UNDER SAP,,LOCAL EXCHANGE SERVICES NORTH DAKOTA,https://www.usaspending.gov/award/CONT_AWD_36C10A23P0024_3600_-NONE-_-NONE-
other,sole_source,1,162139.07,Department of Veterans Affairs,"COMCAST OF CONNECTICUT/GEORGIA/MASSACHUSETTS/NEW HAMPSHIRE/NEW YORK/NORTH CAROLINA/VIRGINIA/VERMONT, LLC",D304,2019-04-15,2024-04-14 00:00:00,NOT COMPETED,,CABLE SERVICES FOR THE MANCHESTER VA MEDICAL CENTER,https://www.usaspending.gov/award/CONT_AWD_36C24119P0572_3600_-NONE-_-NONE-
other,sole_source,1,162121.76,Department of Veterans Affairs,Q-MATIC CORPORATION,DA10,2023-05-30,2028-05-31 00:00:00,NOT COMPETED,,Q-MATIC ORCHESTRA CARE PLUS SOFTWARE AND HARDWARE MAINTENANCE SUPPORT SERVICES,https://www.usaspending.gov/award/CONT_AWD_36C24823P1424_3600_-NONE-_-NONE-
other,sole_source,1,161705.31,National Institutes of Health,"CHESAPEAKE SYSTEMS INTERNATIONAL, LLC",DB02,2026-04-01,2027-03-31 00:00:00,NOT COMPETED UNDER SAP,,"CHESAPEAKE SYSTEMS, INC.:1200888 [26-000864]",https://www.usaspending.gov/award/CONT_AWD_75N98026P00221_7529_-NONE-_-NONE-
other,sole_source,1,161671.35,Department of Veterans Affairs,ALVAREZ LLC,DA10,2022-05-23,2023-11-17 00:00:00,NOT COMPETED UNDER SAP,,NUANCE CDI PRO INPATIENT SOFTWARE & SERVICE FOR THE JESSE BROWN VA MEDICAL CENTER,https://www.usaspending.gov/award/CONT_AWD_36C25222P0653_3600_-NONE-_-NONE-
other,sole_source,1,161593.35,Defense Health Agency,"HGW AND ASSOCIATES, LLC",DA10,2024-04-22,2027-04-21 00:00:00,FULL AND OPEN COMPETITION,,ENTERPRISE SAFETY APPLICATIONS MANAGEMENT SYSTEM USER LICENSES AND SUPPORT FOR WALTER REED.,https://www.usaspending.gov/award/CONT_AWD_HT001424F0043_9700_47QTCA21D008C_4732
other,sole_source,1,161412.0,National Institutes of Health,DICKSON/UNIGAGE INC,DF01,2026-09-01,2027-08-31 00:00:00,NOT AVAILABLE FOR COMPETITION,,BIOREPOSITORY AND CLINICAL PRODUCT TEMPERATURE MONITORING,https://www.usaspending.gov/award/CONT_AWD_75N98026P01327_7529_-NONE-_-NONE-
infrastructure_ops,sole_source,1,161000.52,National Institutes of Health,"NETCOMM, INC.",DA10,2024-03-14,2025-09-29 00:00:00,FULL AND OPEN COMPETITION,,"ACQUISITION OF NETCOMM BEACON CLOUD FEDRAMP SOFTWARE SUBSCRIPTION LICENSES AND SUPPORT SERVICES IN SUPPORT OF HHS, NIH, NCCIH, OAO.",https://www.usaspending.gov/award/CONT_AWD_75N91024F00061_7529_47QTCA24D0058_4732
other,sole_source,1,160908.0,Defense Health Agency,"COX SUBSCRIPTIONS, INC.",DA10,2024-01-24,2028-01-31 00:00:00,NOT COMPETED UNDER SAP,,"STATDX, RADPRIMER ACADEMIC ADMINISTRATIVE MODULE, PROFESSIONAL MODULE AND RADPRIMER RESIDENT MODULE LICENSE SUBSCRIPTIONS.",https://www.usaspending.gov/award/CONT_AWD_HT941024P0071_9700_-NONE-_-NONE-
other,sole_source,1,159600.0,Department of Veterans Affairs,"THUNDERCAT TECHNOLOGY, LLC",DA10,2026-07-21,2031-07-31 00:00:00,FULL AND OPEN COMPETITION AFTER EXCLUSION OF SOURCES,,PALARUM PUP SOCKS,https://www.usaspending.gov/award/CONT_AWD_36C24726F0205_3600_NNG15SD26B_8000
other,sole_source,1,159221.32,Office of Assistant Secretary for Preparedness and Response,LBO TECHNOLOGY LLC,DG11,2024-09-18,2024-09-20 00:00:00,NOT COMPETED UNDER SAP,,LBO TECHNOLOGY LLC: FUNDING TO SUPPORT RATIFICATION.,https://www.usaspending.gov/award/CONT_AWD_75A50224P00001_7505_-NONE-_-NONE-
other,sole_source,1,158903.1,Department of Veterans Affairs,SPECTRUM MEDICAL INC,DA10,2024-07-25,2027-07-19 00:00:00,NOT COMPETED,,LICIENCE AND SERVICE AGREEMENT,https://www.usaspending.gov/award/CONT_AWD_36C24124P0790_3600_-NONE-_-NONE-
grants_contracts_admin,sole_source,1,158889.48,Centers for Medicare and Medicaid Services,"DOCKETSCOPE, INC",DA10,2023-09-11,2026-09-10 00:00:00,NOT COMPETED UNDER SAP,,"THIS IS AN ACTION FOR A NEW CONTRACT TO PURCHASE LICENSES.   BEGINNING IN JANUARY 1999, CMS HAS CONTRACTED WITH QUALIFIED PUBLIC AND PRIVATE ORGANIZATIONS TO OFFER MEDICARE ADVANTAGE (MA) HEALTH PLANS, WHICH WAS ENACTED BY THE BALANCED BUDGET ACT O",https://www.usaspending.gov/award/CONT_AWD_75FCMC23P0032_7530_-NONE-_-NONE-
scheduling_referral_community_care,sole_source,1,158800.96,Department of Veterans Affairs,"GOVERNMENT MARKETING AND PROCUREMENT, LLC",DA10,2024-09-18,2027-09-29 00:00:00,FULL AND OPEN COMPETITION,,QGENDA HEALTHCARE SCHEDULING SOFTWARE,https://www.usaspending.gov/award/CONT_AWD_36C24624N1154_3600_GS07F187GA_4732
other,sole_source,1,158652.0,National Institutes of Health,LORENZ INTERNATIONAL LLC,DD01,2026-05-06,2027-03-29 00:00:00,NOT COMPETED UNDER SAP,,LORENZ DOCUBRIDGE SYSTEM ONE TIME SERVICE TO ONBOARD BARDA WITH DATA INPUT AND TRAINING,https://www.usaspending.gov/award/CONT_AWD_75N98026P00459_7529_-NONE-_-NONE-
other,sole_source,1,158304.24,Defense Health Agency,"CENSIS TECHNOLOGIES, INC.",DA10,2023-09-25,2027-09-30 00:00:00,NOT COMPETED UNDER SAP,,INSTRUMENT TRACKING SUBSCRIPTION,https://www.usaspending.gov/award/CONT_AWD_HT941023P0218_9700_-NONE-_-NONE-
other,sole_source,1,158201.34,Defense Health Agency,"CENTURYLINK COMMUNICATIONS, LLC",D304,2019-05-28,2025-03-30 00:00:00,NOT COMPETED UNDER SAP,,FIBER OPTIC CABLE SERVICE,https://www.usaspending.gov/award/CONT_AWD_N6890819P0043_9700_-NONE-_-NONE-
other,sole_source,1,158014.69,Department of Veterans Affairs,ALVAREZ LLC,DE01,2024-05-30,2025-05-30 00:00:00,FULL AND OPEN COMPETITION AFTER EXCLUSION OF SOURCES,,VOCERA SERVICES AND EQUIPMENT.  84% OF THE COST OF THE TO ARE FOR SERVICES.,https://www.usaspending.gov/award/CONT_AWD_36C24724F0440_3600_NNG15SD19B_8000
other,sole_source,1,157830.47,Department of Veterans Affairs,"MILVETS SYSTEMS TECHNOLOGY, INC.",DC01,2023-10-18,2024-12-15 00:00:00,NOT COMPETED UNDER SAP,,RELOCATION OF SENSITIVE EQUIPMENT (ROSE) BPA,https://www.usaspending.gov/award/CONT_AWD_36C10X24N0005_3600_36C10X23A0002_3600
other,sole_source,1,157652.3,Department of Veterans Affairs,MEGAPUTER INTELLIGENCE INC.,DA10,2025-03-26,2030-03-26 00:00:00,NOT COMPETED,,POLYANALYST SOFTWARE MAINTENANCE & SUPPORT FOR 12-MONTHS,https://www.usaspending.gov/award/CONT_AWD_36C10B25C0014_3600_-NONE-_-NONE-
clinical_it_ehr,sole_source,,157043.03,Department of Veterans Affairs,"DOCUMENT STORAGE SYSTEMS, INC.",DA01,2023-05-25,2025-05-15 00:00:00,NOT COMPETED,,NATIONAL DIALYSIS EHR SOFTWARE SOLUTION,https://www.usaspending.gov/award/CONT_AWD_36C10A23N0035_3600_36C10A22D0003_3600
other,sole_source,1,156845.32,Department of Veterans Affairs,"VLOGIC SYSTEMS, INC",DA10,2024-10-01,2025-09-30 00:00:00,NOT COMPETED UNDER SAP,,ELECTRONIC DRAWINGS,https://www.usaspending.gov/award/CONT_AWD_36C24425N0024_3600_36C24422A0044_3600
other,sole_source,1,156675.0,Department of Veterans Affairs,ELEKTA INC,DA10,2020-11-06,2025-11-08 00:00:00,NOT COMPETED,,"ELEKTA OIS/MOSAIQ SOFTWARE SUPPORT AND MAINTENANCE CONTRACT FOR KCVA ONCOLOGY DEPARTMENT, WITH FOUR OPTION PERIODS.",https://www.usaspending.gov/award/CONT_AWD_36C25521P0049_3600_-NONE-_-NONE-
other,sole_source,1,156667.36,Department of Veterans Affairs,"GOVERNMENT MARKETING AND PROCUREMENT, LLC",DA10,2025-12-29,2027-12-31 00:00:00,FULL AND OPEN COMPETITION,,QGENDA,https://www.usaspending.gov/award/CONT_AWD_36C10B26F0049_3600_GS07F187GA_4732
other,sole_source,1,156344.25,Department of Veterans Affairs,"COMPUTRITION, INC.",DC10,2025-07-24,2026-07-31 00:00:00,FULL AND OPEN COMPETITION,,COMPUTRITION SOFTWARE,https://www.usaspending.gov/award/CONT_AWD_36C24625F0182_3600_47QTCA21D005U_4732
other,sole_source,1,156231.9,National Institutes of Health,"TVAR SOLUTIONS, LLC",7035,2020-03-05,2025-03-04 00:00:00,NOT COMPETED UNDER SAP,,THE PURPOSE OF THIS ACQUISITION IS TO PROVIDE SERVICE FOR DATA STORAGE SUPPORT OF ARCHIVING EXPERIMENTAL DATA ON THE PANASAS ACTIVESTOR HYBRID 100 (ASH-100).,https://www.usaspending.gov/award/CONT_AWD_75N95020P00111_7529_-NONE-_-NONE-
other,sole_source,1,156141.35,Department of Veterans Affairs,ARMSTRONG UTILITIES INC,D309,2018-06-28,2023-06-30 00:00:00,NOT COMPETED,,CABLE TV SERVICES,https://www.usaspending.gov/award/CONT_AWD_36C24418C0206_3600_-NONE-_-NONE-
other,sole_source,1,155764.25,Department of Veterans Affairs,"PERFORMAX 3, INC.",DE01,2023-11-21,2025-06-04 00:00:00,FULL AND OPEN COMPETITION,,PROVIDE GUIDANCE TO MANAGERS/SUPERVISORS ON ISSUES RELATED TO FEDERAL CASE (HUMAN RESOURCE AND EEO) AND WORKFORCE DEVELOPMENT ISSUES.,https://www.usaspending.gov/award/CONT_AWD_36C25624F0069_3600_GS35F0077R_4730
clinical_it_ehr,sole_source,,155468.41,Department of Veterans Affairs,"DOCUMENT STORAGE SYSTEMS, INC.",DA01,2023-07-10,2027-07-21 00:00:00,NOT COMPETED,,NATIONAL DIALYSIS EHR SOFTWARE  SOLUTION,https://www.usaspending.gov/award/CONT_AWD_36C10A23N0048_3600_36C10A22D0003_3600
infrastructure_ops,sole_source,1,155397.11,Office of the Assistant Secretary for Administration,SOLE SOLUTIONS INC.,7010,2012-01-24,2013-07-31 00:00:00,NOT COMPETED UNDER SAP,,ASPR SWIFT SERVER TRANSITION PROJECT,https://www.usaspending.gov/award/CONT_AWD_HHSP23337018_7555_HHSP233200930011B_7555
infrastructure_ops,sole_source,1,155363.0,Indian Health Service,"NAVAJO COMMUNICATIONS CO., INC.",DG11,2025-12-30,2027-01-31 00:00:00,NOT COMPETED,,TELECOMMUNICATION SERVICE - WRSU  THIS IS A SOLE SOURCE VENDOR.,https://www.usaspending.gov/award/CONT_AWD_75H71226P00006_7527_-NONE-_-NONE-
other,sole_source,1,155099.72,Centers for Disease Control and Prevention,CLARIVATE ANALYTICS (US) LLC,DA10,2021-12-07,2026-12-31 00:00:00,NOT COMPETED UNDER SAP,,SCHOLARONE YEARLY LICENSE,https://www.usaspending.gov/award/CONT_AWD_75D30122P13047_7523_-NONE-_-NONE-
other,sole_source,1,153900.45,Department of Veterans Affairs,COMCAST GOVERNMENT SERVICES LLC,DG11,2026-08-21,2031-08-20 00:00:00,NOT COMPETED UNDER SAP,,CABLE TV AND INTERNET,https://www.usaspending.gov/award/CONT_AWD_36C24426P0253_3600_-NONE-_-NONE-
other,sole_source,1,153777.0,Department of Veterans Affairs,JOHNSON CONTROLS INC,DA10,2023-10-23,2029-01-31 00:00:00,NOT COMPETED,,METASYS MAINTENANCE,https://www.usaspending.gov/award/CONT_AWD_36C25024P0015_3600_-NONE-_-NONE-
other,sole_source,1,153757.3,Centers for Disease Control and Prevention,"NEW TECH SOLUTIONS, INC.",DE10,2026-08-06,2027-08-31 00:00:00,NOT COMPETED UNDER SAP,,EO14398: HPE SYNERGY AND COMPUTE MODULE MAINTENANCE,https://www.usaspending.gov/award/CONT_AWD_75D30126P21384_7523_-NONE-_-NONE-
infrastructure_ops,sole_source,1,153431.31,Office of the Assistant Secretary for Financial Resources,SPOK INC.,DG10,2026-05-21,2027-05-31 00:00:00,FULL AND OPEN COMPETITION,,"THE PURPOSE OF THIS ACQUISITION IS TO OBTAIN COMPREHENSIVE MAINTENANCE SERVICES OF THE SPOK SYSTEM INFRASTRUCTURE AND CONNECTED DEVICES. THESE SERVICES ARE CRITICAL TO MAINTAINING THE INTEGRITY, AVAILABILITY, AND PERFORMANCE OF THE SPOK SYSTEM, ENSUR",https://www.usaspending.gov/award/CONT_AWD_75N98026F00147_7529_47QTCA26D000D_4732
clinical_it_ehr,sole_source,1,153311.71,Department of Veterans Affairs,"DOCUMENT STORAGE SYSTEMS, INC.",DA01,2021-01-27,2025-01-26 00:00:00,FULL AND OPEN COMPETITION,,VISTA CHEMOTHERAPY MANAGER (VCM) SOFTWARE SUPPORT AND MAINTENANCE,https://www.usaspending.gov/award/CONT_AWD_36C24421F0103_3600_GS35F0485N_4730
other,sole_source,1,153254.0,Department of Veterans Affairs,"CLEO COMMUNICATIONS, INC",DG11,2023-04-06,2026-05-10 00:00:00,FULL AND OPEN COMPETITION,,CLEO STREEM E FAX,https://www.usaspending.gov/award/CONT_AWD_36C24723F0366_3600_GS35F0305S_4730
other,sole_source,,153125.0,National Institutes of Health,INSTEM LSS (NORTH AMERICA) LIMITED,DF01,2024-03-11,2024-05-14 00:00:00,NOT COMPETED,,NTP PROVANTIS SUPPORT-TO 3,https://www.usaspending.gov/award/CONT_AWD_75N96024F00001_7529_75N96023D00001_7529
other,sole_source,1,153000.27,National Institutes of Health,FLYWHEEL DATA LLC,DE01,2024-05-14,2025-06-27 00:00:00,NOT COMPETED,,FLYWHEEL DATA LLC:1323166 [24-003010],https://www.usaspending.gov/award/CONT_AWD_75N98024P01729_7529_-NONE-_-NONE-
other,sole_source,1,153000.0,Department of Veterans Affairs,"SUPRAVISTA MEDICAL DSS, LLC",DA10,2024-10-01,2029-09-30 00:00:00,NOT COMPETED,,LICENSE AND SOFTWARE SERVICE,https://www.usaspending.gov/award/CONT_AWD_36C24625P0005_3600_-NONE-_-NONE-
other,sole_source,1,152977.37,Office of the Assistant Secretary for Financial Resources,"BDR SOLUTIONS, LLC",DB10,2023-01-10,2028-05-18 00:00:00,FULL AND OPEN COMPETITION,,"CO-LOCATION, PAO",https://www.usaspending.gov/award/CONT_AWD_75H71223F80018_7527_47QTCA21D00CM_4732
other,sole_source,1,152760.19,Department of Veterans Affairs,CHARTER COMMUNICATIONS OPERATING LLC,DD01,2023-09-19,2027-12-31 00:00:00,NOT COMPETED UNDER SAP,,MONTHLY CABLE SUBSCRIPTION,https://www.usaspending.gov/award/CONT_AWD_36C26323P1002_3600_-NONE-_-NONE-
other,sole_source,1,152209.53,Department of Veterans Affairs,"CHARTER COMMUNICATIONS OPERATING, LLC",DG10,2021-05-26,2026-05-31 00:00:00,NOT COMPETED,,"CABLE SERVICE FOR 215 PERRY HILL ROAD MONTGOMERY AL AND 8105 VETERANS WAY, MONTGOMERY, AL",https://www.usaspending.gov/award/CONT_AWD_36C24721C0133_3600_-NONE-_-NONE-
clinical_it_ehr,sole_source,,151901.95,Department of Veterans Affairs,"DOCUMENT STORAGE SYSTEMS, INC.",DA01,2023-10-01,2027-08-24 00:00:00,NOT COMPETED,,NATIONAL DIALYSIS EHR SOFTWARE SOLUTION,https://www.usaspending.gov/award/CONT_AWD_36C10A24N0006_3600_36C10A22D0003_3600
other,sole_source,1,151862.82,Indian Health Service,"SELECTPATH HOLDING, INC",DG10,2023-05-31,2025-11-30 00:00:00,NOT COMPETED,,PAGING AIRTIME SERVICES FOR THE MIS DEPARTMENT AT THE NORTHERN NAVAJO MEDICAL CENTER,https://www.usaspending.gov/award/CONT_AWD_75H71023P01191_7527_-NONE-_-NONE-
portal_web,sole_source,1,151750.0,Department of Veterans Affairs,TETON DATA SYSTEMS,D317,2020-02-21,2025-02-28 00:00:00,NOT COMPETED,,CLINICAL ONLINE REFERENCE DATABASE SERVICES,https://www.usaspending.gov/award/CONT_AWD_36C25620P0532_3600_-NONE-_-NONE-
other,sole_source,1,151599.56,Department of Veterans Affairs,"AVICENNA MEDICAL SYSTEMS, INC.",DA01,2020-11-23,2025-11-30 00:00:00,NOT COMPETED,,AVITRACKS SOFTWARE,https://www.usaspending.gov/award/CONT_AWD_36C25021C0035_3600_-NONE-_-NONE-
grants_contracts_admin,sole_source,,151568.06,Indian Health Service,GEONORTH INFORMATION SYSTEMS LLC,DA10,2023-06-06,2024-06-01 00:00:00,NOT AVAILABLE FOR COMPETITION,,"CONTRACTOR SUPPORT FOR THE DES PROGRAM AND TO MAINTAIN, ENHANCE, OPTIMIZE AND MATURE DATA SYSTEMS AND ENTERPRISE PLATFORMS WHICH PRIMARILY INCLUDE BUT ARE NOT LIMITED TO FBES (FACILITIES BUDGET ESTIMATING SYSTEM).",https://www.usaspending.gov/award/CONT_AWD_75H70123F30018_7527_75H70120D00029_7527
other,sole_source,1,151300.24,Centers for Disease Control and Prevention,CLARIVATE ANALYTICS (US) LLC,DA10,2023-03-20,2028-09-12 00:00:00,NOT COMPETED UNDER SAP,,CLARIVATE ANNUAL SUBSCRIPTION,https://www.usaspending.gov/award/CONT_AWD_75D30123P16115_7523_-NONE-_-NONE-
other,sole_source,1,151115.62,Department of Veterans Affairs,"THUNDERCAT TECHNOLOGY, LLC",DG11,2021-04-12,2025-04-11 00:00:00,FULL AND OPEN COMPETITION AFTER EXCLUSION OF SOURCES,,GUEST WIFI SERVICES,https://www.usaspending.gov/award/CONT_AWD_36C26121F0220_3600_NNG15SD26B_8000
document_processing,sole_source,1,150637.71,Department of Veterans Affairs,"MINBURN TECHNOLOGY GROUP, LLC",DA10,2024-02-28,2024-08-31 00:00:00,FULL AND OPEN COMPETITION AFTER EXCLUSION OF SOURCES,,TELEPHONE RECORD MANAGEMENT LICENSE AND SUPPORT,https://www.usaspending.gov/award/CONT_AWD_36C25224F0114_3600_NNG15SD34B_8000
other,sole_source,1,150330.24,National Institutes of Health,"BELL TECHLOGIX, INC.",DA10,2024-07-10,2025-07-31 00:00:00,NOT COMPETED UNDER SAP,,"IS- MEEC/MICROSOFT EES AGREEMENT YEAR 2 (TERM: 8/1/24 - 7/31/25), IN THE AMOUNT OF $150,330.24, USING CAN 8320301",https://www.usaspending.gov/award/CONT_AWD_75N97024P00102_7529_-NONE-_-NONE-
other,sole_source,1,150122.12,Department of Veterans Affairs,"COMPUTRITION, INC.",7035,2018-10-01,2023-10-31 00:00:00,FULL AND OPEN COMPETITION,,COMPUTRITION SOFTWARE AND LICENSES,https://www.usaspending.gov/award/CONT_AWD_36C25719F0020_3600_GS35F0037M_4730
other,sole_source,1,150000.0,Centers for Disease Control and Prevention,ONIX NETWORKING CORP,DA01,2021-09-15,2022-09-09 00:00:00,NOT COMPETED UNDER SAP,,GOOGLE STORAGE,https://www.usaspending.gov/award/CONT_AWD_75D30121P12467_7523_-NONE-_-NONE-
